,net_name,net_route_length,net_steiner_length,fanout,total_cap,net_cap,net_coupling,net_res,id
0,clk,13116,-1,1,2.204200592596686e-15,1.188914392143488,0.4382443833628713,317.07291066646576,2729
1,req_msg[0],1044,-1,1,6.5604634058756495e-16,0.0790044292807579,0.0,22.640098571777344,2730
2,req_msg[10],1824,-1,1,7.520644602410954e-16,0.1736147552728653,0.0014076797524467,42.49207305908203,2731
3,req_msg[11],1186,-1,1,6.833929051687883e-16,0.0803771466016769,0.0259737260639667,26.02396583557129,2732
4,req_msg[12],886,-1,1,6.576219806881356e-16,0.0566479600965976,0.0239320024847984,20.91866874694824,2733
5,req_msg[13],2808,-1,1,8.746991079544347e-16,0.2303189411759376,0.0673386184498667,65.26119995117188,2734
6,req_msg[14],1222,-1,1,6.722179994956625e-16,0.0951760038733482,0.0,26.46834373474121,2735
7,req_msg[15],964,-1,1,6.810160248396745e-16,0.0611838176846504,0.0427901893854141,22.325515747070312,2736
8,req_msg[16],2076,-1,1,8.210717050583114e-16,0.1628503203392028,0.0811792835593223,44.17116928100586,2737
9,req_msg[17],1566,-1,1,7.202049570564602e-16,0.1431630998849868,0.0,33.24769592285156,2738
10,req_msg[18],1680,-1,1,7.622307084927193e-16,0.1351749449968338,0.0500136539340019,41.68952560424805,2739
11,req_msg[19],1374,-1,1,7.268337839621132e-16,0.1099476963281631,0.0398442223668098,34.97780990600586,2740
12,req_msg[1],1728,-1,1,7.555164900780711e-16,0.1453307867050171,0.0331436831038445,40.022220611572266,2741
13,req_msg[20],978,-1,1,6.792026331787213e-16,0.0611061938107013,0.0410544499754905,22.02916145324707,2742
14,req_msg[21],1182,-1,1,6.894582963458397e-16,0.1072672083973884,0.005149126984179,28.61664581298828,2743
15,req_msg[22],1146,-1,1,7.210612014870159e-16,0.0556209534406662,0.0883982225786894,25.60696029663086,2744
16,req_msg[23],2742,-1,1,8.918297669775017e-16,0.1461526155471801,0.1686352607794106,63.19625854492188,2745
17,req_msg[24],912,-1,1,6.758374771583984e-16,0.0528866723179817,0.0459089204668998,21.043689727783203,2746
18,req_msg[25],1452,-1,1,7.300306451237285e-16,0.0878399759531021,0.0651486590504646,29.91948699951172,2747
19,req_msg[26],888,-1,1,6.712504231721019e-16,0.0536792017519474,0.0405292101204395,20.916465759277344,2748
20,req_msg[27],1030,-1,1,6.93675991027574e-16,0.0475831516087055,0.0690508708357811,23.005334854125977,2749
21,req_msg[28],1096,-1,1,6.98714778272553e-16,0.0784410461783409,0.0432317927479743,24.195743560791016,2750
22,req_msg[29],2376,-1,1,8.559862972650151e-16,0.144434105604887,0.1345100770704448,58.73044013977051,2751
23,req_msg[2],1188,-1,1,6.768475639479991e-16,0.0998056456446647,0.0,26.976505279541016,2752
24,req_msg[30],1108,-1,1,6.667987885782479e-16,0.0897567495703697,0.0,24.922771453857425,2753
25,req_msg[31],1294,-1,1,6.802463895279754e-16,0.10320445895195,0.0,33.286251068115234,2754
26,req_msg[3],1392,-1,1,7.06665558911074e-16,0.1296236515045166,0.0,35.48429489135742,2755
27,req_msg[4],924,-1,1,6.810613940419117e-16,0.0629649609327316,0.0410544499754905,22.94127655029297,2756
28,req_msg[5],846,-1,1,6.494094139293538e-16,0.0723674148321151,0.0,19.648344039916992,2757
29,req_msg[6],1350,-1,1,6.857179576694422e-16,0.1083174496889114,0.0003585773229133,29.286407470703125,2758
30,req_msg[7],2574,-1,1,7.802914096918715e-16,0.2019711434841156,0.0012778169475495,58.45018005371094,2759
31,req_msg[8],1428,-1,1,7.088554037775224e-16,0.1315465718507766,0.0002667969383765,37.91637802124024,2760
32,req_msg[9],2088,-1,1,8.39254061364513e-16,0.1049151048064231,0.1572968661785125,42.66275024414063,2761
33,req_rdy,1546,-1,0,1.91387637062591e-16,0.1001410037279129,0.0912466655136086,39.8568115234375,2762
34,req_val,910,-1,1,6.747601041890501e-16,0.0546409673988819,0.0430771447718143,21.351545333862305,2763
35,reset,946,-1,1,7.052270852083994e-16,0.0365838073194026,0.0916012655361555,21.49026870727539,2764
36,resp_msg[0],1872,-1,0,2.485600978361003e-16,0.1632017791271209,0.085358293261379,43.99385070800781,2765
37,resp_msg[10],2214,-1,0,1.8643099877860582e-16,0.1864309906959533,0.0,53.831993103027344,2766
38,resp_msg[11],994,-1,0,1.1284910106683696e-16,0.0697719007730484,0.0430771447718143,23.76508903503418,2767
39,resp_msg[12],1234,-1,0,1.1223861530499323e-16,0.0923895612359047,0.0198490026523359,32.6563606262207,2768
40,resp_msg[13],1776,-1,0,1.7780126829330142e-16,0.1075295060873031,0.0702716959640383,35.28629684448242,2769
41,resp_msg[14],2202,-1,0,2.311483032838837e-16,0.2311485782265663,0.0,53.51323127746582,2770
42,resp_msg[15],1120,-1,0,1.150231302399733e-16,0.0703148618340492,0.0447083066683262,25.87945556640625,2771
43,resp_msg[1],2346,-1,0,2.274803329849173e-16,0.2040980607271194,0.0233823493390445,49.27953338623047,2772
44,resp_msg[2],2082,-1,0,2.217453905364137e-16,0.1571168750524521,0.0646285507827997,41.2824821472168,2773
45,resp_msg[3],2256,-1,0,2.2001799918938661e-16,0.180173709988594,0.0398442223668098,46.94072341918945,2774
46,resp_msg[4],804,-1,0,6.628639631962269e-17,0.0662863031029701,0.0,26.005495071411133,2775
47,resp_msg[5],942,-1,0,7.61358013094141e-17,0.0761357322335243,0.0,21.85686492919922,2776
48,resp_msg[6],840,-1,0,6.700959702045535e-17,0.0670096203684806,0.0,19.57369613647461,2777
49,resp_msg[7],2340,-1,0,1.9770034862535066e-16,0.1972668617963791,0.0004335545818321,45.776893615722656,2778
50,resp_msg[8],1098,-1,0,8.769960098444822e-17,0.0876996964216232,0.0,34.885860443115234,2779
51,resp_msg[9],2190,-1,0,2.4459182788755273e-16,0.1780271232128143,0.0665647513233125,53.47787857055664,2780
52,resp_rdy,1198,-1,1,7.286414581506724e-16,0.0607292018830776,0.0908702796441502,26.71742248535156,2781
53,resp_val,1456,-1,0,2.0049419415764039e-16,0.0909267663955688,0.1095673862146213,38.78798675537109,2782
54,_000_,1656,-1,1,8.507307225250982e-16,0.115028154104948,0.1141495344345457,55.29997777938843,2783
55,_001_,594,-1,1,7.646977978307157e-16,0.0825630649924278,0.0605818032636307,21.084903717041016,2784
56,_002_,558,-1,1,7.137960410797382e-16,0.054882675409317,0.0373603850603103,20.298662185668945,2785
57,_003_,198,-1,1,6.572004759177579e-16,0.0155038237571716,0.0053756879642605,8.953973770141602,2786
58,_004_,900,-1,2,1.6998277302531796e-15,0.0833253497257828,0.0125463939039036,31.24657905101776,2787
59,_005_,5835,-1,7,5.932240985874644e-15,0.4643635819666087,0.3804327783091139,190.9640647172928,2788
60,_006_,3060,-1,4,3.3534894120239214e-15,0.1931497612968087,0.3070345803862437,103.42692112922668,2789
61,_007_,72,-1,1,7.075547846870133e-16,0.0027719791978597,0.0112698001321405,3.800457000732422,2790
62,_008_,3078,-1,5,5.0072636432975295e-15,0.2743393946439028,0.1816500729619292,108.13429057598114,2791
63,_009_,2565,-1,4,3.892594966248709e-15,0.2428066600114107,0.1237101494334638,89.63615643978119,2792
64,_010_,3510,-1,5,3.410295041356821e-15,0.2390104606747627,0.3680224759737029,126.02120435237885,2793
65,_011_,1080,-1,2,1.449313500937984e-15,0.1023261304944753,0.0765792667516507,40.82040119171143,2794
66,_012_,3510,-1,4,2.739487087020541e-15,0.3054285845719278,0.1938295104027929,116.81266820430756,2795
67,_013_,108,-1,1,1.108648178617974e-15,0.0166508946567773,0.0020473320037126,4.870107173919678,2796
68,_014_,2520,-1,2,1.656607344723937e-15,0.2261081710457801,0.1456880647292564,73.2746833562851,2797
69,_015_,4338,-1,2,1.7249999612588016e-15,0.2977703534997999,0.1796204767251765,144.2518624663353,2798
70,_016_,198,-1,1,7.219146930604929e-16,0.0219423435628414,0.0064593032002449,9.37543487548828,2799
71,_017_,3528,-1,5,3.671942036456016e-15,0.3416578201577067,0.1916168897878378,127.93377804756165,2800
72,_018_,3312,-1,5,3.501865443943878e-15,0.2902801495511085,0.1554362569004297,116.6210833787918,2801
73,_019_,342,-1,1,7.362575019563501e-16,0.0334307141602039,0.0093137078220024,13.654034614562988,2802
74,_020_,2790,-1,3,2.3113475075672765e-15,0.2049379479140043,0.2015905248699709,93.97742366790771,2803
75,_021_,1026,-1,1,8.094937705209698e-16,0.0866740271449089,0.0864986804663203,34.73893737792969,2804
76,_022_,2016,-1,3,2.054767463558556e-15,0.132172443671152,0.2224801073316484,70.35644853115082,2805
77,_023_,738,-1,2,1.414382709226164e-15,0.0587380900979042,0.070833683013916,26.43315351009369,2806
78,_024_,666,-1,1,8.191717572180608e-16,0.0464922972023487,0.0791666448931209,23.73434066772461,2807
79,_025_,1512,-1,4,2.5271562559346216e-15,0.1278995368629694,0.0695898319136176,55.576080083847046,2808
80,_026_,612,-1,2,1.2901884091591337e-15,0.0576932448893785,0.0212801659945398,23.22420299053192,2809
81,_027_,720,-1,2,1.1626183651599394e-15,0.0670483373105526,0.011987853096798,27.6198205947876,2810
82,_028_,2358,-1,2,2.6378435568664978e-15,0.2389363124966621,0.0630014728521928,78.52417820692062,2811
83,_029_,126,-1,1,1.3515977684394782e-15,0.0162102431058883,0.0022273613139986,7.179452896118164,2812
84,_030_,306,-1,1,7.408007749271855e-16,0.0489209443330764,0.0081637826515361,13.062527656555176,2813
85,_031_,3603,-1,2,1.6691033041574244e-15,0.4002182930707931,0.0786571365315467,111.39330101013184,2814
86,_032_,162,-1,1,7.072723521386633e-16,0.0213290993124246,0.0022273613139986,8.249102592468262,2815
87,_033_,90,-1,1,6.945585464190537e-16,0.0108425244688987,0.0,5.574977874755859,2816
88,_034_,558,-1,1,7.861247667809341e-16,0.0483951047062873,0.054013546090573,20.355344772338867,2817
89,_035_,360,-1,1,7.253437471287746e-16,0.0178515929728746,0.0237761065363883,14.022467613220217,2818
90,_036_,198,-1,1,7.193968876247796e-16,0.0290834885090589,0.0065974984318017,9.318753242492676,2819
91,_037_,720,-1,1,8.028045395782658e-16,0.0724122449755668,0.046676333877258,19.29998016357422,2820
92,_038_,270,-1,1,7.306919131577381e-16,0.026375513523817,0.020600353134796,11.514735221862791,2821
93,_039_,450,-1,1,7.464408496855965e-16,0.0604360178112983,0.0022888369858264,16.806303024291992,2822
94,_040_,234,-1,1,7.212680892843828e-16,0.0349197350442409,0.0026322840712964,10.388402938842772,2823
95,_041_,198,-1,1,7.131586487869293e-16,0.0257859770208597,0.0036566334310919,9.318753242492676,2824
96,_042_,72,-1,1,6.967981015315941e-16,0.0130820767953991,0.0,3.800457000732422,2825
97,_043_,270,-1,1,7.291144731121546e-16,0.0424384102225303,0.0029601007699966,11.458052635192873,2826
98,_044_,666,-1,1,7.778196616726649e-16,0.0792524367570877,0.0148512708256021,23.507612228393555,2827
99,_045_,108,-1,1,7.031415842131409e-16,0.018653254956007,0.0007723069284111,4.870107173919678,2828
100,_046_,1962,-1,4,3.691758795773504e-15,0.1764575012493878,0.0765502536087296,70.47346365451813,2829
101,_047_,846,-1,2,1.8335967848768543e-15,0.0884909518063068,0.0392728556471411,31.30691432952881,2830
102,_048_,1683,-1,3,3.060609982818855e-15,0.1669619046151638,0.0320061676902696,60.85165059566498,2831
103,_049_,54,-1,1,1.3446391810195473e-15,0.0089985178783535,0.0024806519504636,3.265631914138794,2832
104,_050_,414,-1,1,7.598106294832952e-16,0.0324486941099166,0.0338490742724388,15.7933349609375,2833
105,_051_,1584,-1,3,2.2093797755526725e-15,0.1489702649414539,0.1478155562654137,57.09187841415405,2834
106,_052_,612,-1,2,1.2991053367531165e-15,0.0570158408954739,0.0232494364026933,24.832332372665405,2835
107,_053_,972,-1,1,7.55802469576888e-16,0.1246448308229446,0.0096046896651387,30.54170608520508,2836
108,_054_,306,-1,1,6.742591371403084e-16,0.0426795333623886,0.0099385706707835,12.527703285217283,2837
109,_055_,522,-1,1,6.913435799281908e-16,0.0452558547258377,0.0244468040764331,19.11564826965332,2838
110,_056_,1008,-1,1,7.564053452770961e-16,0.1026321128010749,0.032132135471329,34.0377197265625,2839
111,_057_,1692,-1,1,8.671688262346665e-16,0.2090672180056572,0.0364602959598414,56.58539390563965,2840
112,_058_,234,-1,1,6.649564389784104e-16,0.0410019904375076,0.00231345416978,10.92322826385498,2841
113,_059_,648,-1,1,7.51920676398299e-16,0.0449305772781372,0.085349059314467,23.539608001708984,2842
114,_060_,612,-1,1,7.267579745133339e-16,0.0626023337244987,0.0426025120541453,22.608009338378903,2843
115,_061_,810,-1,1,7.234005476686547e-16,0.0478830970823764,0.0538765543606132,27.616167068481445,2844
116,_062_,1242,-1,1,8.095012879383767e-16,0.1477275043725967,0.0401326949358917,41.156837463378906,2845
117,_063_,1008,-1,1,8.254147606162394e-16,0.1254189759492874,0.0783547908067703,31.61135673522949,2846
118,_064_,1062,-1,1,7.609344833856242e-16,0.1267375648021698,0.0125558739528059,35.63854217529297,2847
119,_065_,756,-1,1,7.111088290545739e-16,0.0569521561264991,0.0325156133621931,26.5501708984375,2848
120,_066_,1440,-1,1,8.520344650496003e-16,0.1989750862121582,0.0314184939488768,46.89820861816406,2849
121,_067_,162,-1,1,6.585082947883187e-16,0.0209366921335458,0.0159307044232264,8.249102592468262,2850
122,_068_,1044,-1,1,7.889205578420247e-16,0.1402349919080734,0.0270445773494429,35.41546630859375,2851
123,_069_,360,-1,1,6.52082808729566e-16,0.0305297654122114,0.0,14.022467613220217,2852
124,_070_,162,-1,1,6.484953065605888e-16,0.0249159205704927,0.0020263236947357,8.249102592468262,2853
125,_071_,666,-1,1,7.270945112911899e-16,0.0926430374383926,0.0128985576284321,23.7590274810791,2854
126,_072_,558,-1,1,7.058820534348636e-16,0.0830104947090148,0.0013186905998736,20.0152530670166,2855
127,_073_,378,-1,1,6.992838255944304e-16,0.0560590215027332,0.0216718583833426,15.201828002929688,2856
128,_074_,666,-1,1,7.689388388580588e-16,0.0748478174209594,0.0725381313823163,23.7590274810791,2857
129,_075_,306,-1,1,6.812763815918368e-16,0.0349296852946281,0.0247937923995777,12.527703285217283,2858
130,_076_,486,-1,1,7.023847073352098e-16,0.0759575739502906,0.0048741234932094,17.875953674316406,2859
131,_077_,450,-1,1,7.049998686202983e-16,0.060251984745264,0.023194896930363,16.806303024291992,2860
132,_078_,90,-1,1,6.394863170731512e-16,0.0078767584636807,0.0100565836564783,5.574977874755859,2861
133,_079_,1632,-1,1,8.947781827877755e-16,0.1409306675195694,0.1322949577534018,39.6677360534668,2862
134,_080_,414,-1,1,7.033680067078537e-16,0.0629078447818756,0.018907225690782,15.736653327941896,2863
135,_081_,90,-1,1,6.32303530619994e-16,0.006640741135925,0.0041098105721175,5.574977874755859,2864
136,_082_,342,-1,1,6.67653603640705e-16,0.0461006350815296,0.0,13.597352981567385,2865
137,_083_,162,-1,1,6.451512204848288e-16,0.023045377805829,0.0005528067122213,8.249102592468262,2866
138,_084_,198,-1,1,6.50404783521496e-16,0.0281048119068145,0.0007470361306332,9.318753242492676,2867
139,_085_,17325,-1,10,1.0817720349598318e-14,1.6846816656179726,0.4292028463096358,506.4701941609383,2868
140,_086_,684,-1,3,2.941563737246999e-15,0.076073401607573,0.0456503611057996,27.109683394432068,2869
141,_087_,378,-1,1,6.618882738852187e-16,0.0377092249691486,0.0058220807695761,15.092118263244627,2870
142,_088_,2430,-1,2,1.5624798555482374e-15,0.2356131207197904,0.074046766909305,79.19705903530121,2871
143,_089_,9234,-1,9,8.138420459194353e-15,0.7389712152071297,0.8529424288872178,308.0272440314293,2872
144,_090_,774,-1,2,1.2351990302233845e-15,0.0726551050320267,0.0667927442700602,31.027157068252563,2873
145,_091_,4683,-1,3,3.0189493025828623e-15,0.3158311732113361,0.4035450079245493,149.4006770849228,2874
146,_092_,3708,-1,3,3.0406879796576703e-15,0.3353103920817375,0.2624671395751647,126.37501978874208,2875
147,_093_,882,-1,1,7.840585357852258e-16,0.0571999363601207,0.0783684102352708,30.2939453125,2876
148,_094_,3294,-1,3,2.945123816724309e-15,0.2853248561732471,0.1619783689384348,109.5440319776535,2877
149,_095_,918,-1,2,1.8772496866047888e-15,0.0708935782313346,0.0790149851818569,30.035223364830017,2878
150,_096_,3492,-1,4,3.614971447456639e-15,0.2773635797202587,0.2375099286437034,118.38829588890076,2879
151,_097_,720,-1,2,2.125666450584346e-15,0.0710380412638187,0.0400373991578817,28.041282057762142,2880
152,_098_,5886,-1,4,4.424008190763006e-15,0.3588042939081788,0.6050699928755421,193.742826461792,2881
153,_099_,6768,-1,8,7.976221273091681e-15,0.5788125451654196,0.4727852720534429,232.81339651346207,2882
154,_100_,6840,-1,8,7.220750046336728e-15,0.6573009295389056,0.2866179525008192,228.03838104009628,2883
155,_101_,3708,-1,3,2.290862439254405e-15,0.313799150288105,0.2438747486830834,121.1794380545616,2884
156,_102_,1512,-1,2,1.414824860424631e-15,0.1644672062247991,0.0315177157999642,53.57483100891113,2885
157,_103_,1458,-1,2,1.9812532623081185e-15,0.1178419440984726,0.0875623201718553,52.9339485168457,2886
158,_104_,2178,-1,2,1.923906378921924e-15,0.1645016325637698,0.1100658742943778,73.1229031085968,2887
159,_105_,1044,-1,2,1.9966070050265235e-15,0.1467792894691229,0.0345407076365518,36.99160194396973,2888
160,_106_,1242,-1,1,6.901493164121216e-16,0.1104564145207405,0.0329899708740413,41.30219650268555,2889
161,_107_,72,-1,1,5.714524719310082e-16,0.0090359384194016,0.002274569531437,3.800457000732422,2890
162,_108_,2322,-1,2,1.549171379760096e-15,0.1701157120987773,0.3056474751210771,78.14843916893005,2891
163,_109_,4392,-1,3,4.025359757434295e-15,0.3210418983362615,0.3307243676972575,143.8368228673935,2892
164,_110_,4032,-1,4,3.826740695698529e-15,0.3688402371481061,0.2526169114862568,138.50960505008698,2893
165,_111_,1260,-1,2,1.958091993398397e-15,0.1504588685929775,0.0684221626725047,42.562925696372986,2894
166,_112_,18207,-1,10,9.135828012607657e-15,1.3446543319150803,1.4839807014013786,575.8516609668732,2895
167,_113_,1818,-1,3,2.196243565090179e-15,0.2335721869021654,0.1085812035598792,67.33857524394989,2896
168,_114_,3786,-1,1,1.1210681168444454e-15,0.4723416790366173,0.1039372553350403,118.52288436889648,2897
169,_115_,2214,-1,1,1.326632848747697e-15,0.1665324047207832,0.0972005643416196,72.65848541259766,2898
170,_116_,4092,-1,1,1.0656452687979388e-15,0.4785538339056074,0.0423017297580372,63.252177476882935,2899
171,_117_,5400,-1,1,1.6536662345728332e-15,0.4110501590184867,0.1821666699834168,172.6652317047119,2900
172,_118_,738,-1,2,1.3795472087209102e-15,0.0925350021570921,0.0378672979422844,28.065968990325928,2901
173,_119_,1908,-1,3,2.164546745170976e-15,0.2119532963261008,0.1313554066000506,66.41063046455383,2902
174,_120_,1800,-1,1,9.040381587253963e-16,0.1265242025256157,0.1290239638183266,59.323509216308594,2903
175,_121_,738,-1,1,7.3857302533634735e-16,0.0353919640183448,0.0668600331991911,25.848953247070312,2904
176,_122_,21534,-1,10,1.0990985174123922e-14,1.711239417840261,1.3833435293981893,672.2186061143875,2905
177,_123_,21363,-1,8,9.666997291633143e-15,1.5384848422836512,2.0570624589163344,663.2378383874893,2906
178,_124_,324,-1,1,5.861358410112207e-16,0.0437351539731025,0.0180025784356985,13.654034614562988,2907
179,_125_,2664,-1,1,1.6214705122476972e-15,0.1398097043856978,0.2418703413568437,86.52917981147766,2908
180,_126_,20250,-1,9,8.407696468291231e-15,1.8310419525951147,0.8669492673361674,651.9945459365845,2909
181,_127_,810,-1,1,1.2284259430189021e-15,0.0691560581326484,0.0694999717816244,28.46639633178711,2910
182,_128_,1044,-1,2,1.331594767752713e-15,0.0773487724363803,0.080851933802478,38.96451032161713,2911
183,_129_,29475,-1,10,1.0761021658175012e-14,2.2603672973345965,2.011760967601731,910.0417516827584,2912
184,_130_,126,-1,1,1.1152591648921754e-15,0.0115942545235157,0.0137149663642048,7.179452896118164,2913
185,_131_,19245,-1,10,9.728847637441654e-15,1.3615973050473258,1.7273572825361043,621.7740911245346,2914
186,_132_,522,-1,2,1.2754363774706342e-15,0.0574723277240991,0.0177420973777771,20.946852684021,2915
187,_133_,108,-1,1,1.1089254760290814e-15,0.0137176103889942,0.0052579441107809,4.870107173919678,2916
188,_134_,19710,-1,10,9.487192525721793e-15,1.6170334918424487,1.3449497964265902,646.0794087052345,2917
189,_135_,342,-1,1,6.321268713109324e-16,0.0594386458396911,0.0094852794427424,11.822832107543944,2918
190,_136_,666,-1,1,1.3669481230260945e-15,0.054411195218563,0.0709168739849701,23.337566375732425,2919
191,_137_,15405,-1,7,6.737235264440241e-15,1.1363864806480706,1.3650692731698657,448.4990149736405,2920
192,_138_,26508,-1,10,9.327936779110826e-15,2.054940474685281,1.935856190097184,718.4176006913185,2921
193,_139_,1422,-1,1,8.367879778781413e-16,0.136653646826744,0.1296993750729598,48.78974533081055,2922
194,_140_,25233,-1,10,9.925552404716624e-15,1.8853386922273785,1.973952348629609,723.8493683934212,2923
195,_141_,23400,-1,10,8.354525669093237e-15,2.0850577354431152,0.8403231920929102,674.5673669576645,2924
196,_142_,738,-1,1,6.27416203453896e-16,0.0513590276241302,0.0416451035998761,23.58898162841797,2925
197,_143_,162,-1,1,6.488460840798706e-16,0.0091930516064167,0.0214469421189278,8.305785179138184,2926
198,_144_,1350,-1,3,2.0837277317834173e-15,0.1559367198497057,0.0941639593802392,47.68810200691223,2927
199,_145_,360,-1,1,6.297937190577203e-16,0.0438927933573722,0.0226979230064898,14.893731117248535,2928
200,_146_,7434,-1,4,3.664086229386706e-15,0.6820627152919769,0.3334633863214549,243.28682076931,2929
201,_147_,72,-1,1,6.960518655050632e-16,0.0106042707338929,0.0017315838485956,3.800457000732422,2930
202,_148_,1728,-1,3,2.4103279661351517e-15,0.1319171418435871,0.1532595310709439,62.33772468566895,2931
203,_149_,3762,-1,3,2.7344112420841192e-15,0.3333119079470634,0.1183270100536901,126.25158596038818,2932
204,_150_,144,-1,1,1.671056350375556e-15,0.0188664682209491,0.0,7.207794189453125,2933
205,_151_,468,-1,1,6.359676892706977e-16,0.0475512631237506,0.0179815424489788,17.73790168762207,2934
206,_152_,6246,-1,1,1.2954773887609078e-15,0.3899942035786807,0.3710708042344777,200.71017503738403,2935
207,_153_,1080,-1,1,7.94240560025492e-16,0.1500479578971862,0.0259865303523838,36.08834457397461,2936
208,_154_,864,-1,2,1.2369056957329833e-15,0.0736413560807704,0.0606173713458702,33.39318597316742,2937
209,_155_,1278,-1,2,2.117017820676406e-15,0.0774103524163365,0.1646665700245648,45.1063084602356,2938
210,_156_,20736,-1,8,6.977212827408066e-15,1.7815409551840276,1.049963921741437,640.8326185941696,2939
211,_157_,288,-1,1,6.749739800082318e-16,0.0357112139463424,0.0050898045301437,12.641066551208496,2940
212,_158_,1182,-1,2,1.381372564722243e-15,0.1161245736293494,0.0461669989163056,37.38161110877991,2941
213,_159_,486,-1,1,7.082099117321553e-16,0.0560809932649135,0.0176659149437909,16.301450729370117,2942
214,_160_,306,-1,1,5.890261821250484e-16,0.036099474877119,0.0117607901338487,12.547271728515623,2943
215,_161_,1026,-1,1,8.243513107509615e-16,0.044961791485548,0.1449264993425458,35.25273132324219,2944
216,_162_,1926,-1,3,2.6498754481240087e-15,0.2135135307908058,0.0503929541446268,64.71747851371765,2945
217,_163_,2376,-1,3,2.6234730076416185e-15,0.2774440543726086,0.048268650425598,79.72457504272461,2946
218,_164_,3840,-1,3,2.325841935360692e-15,0.3399373749271035,0.2538325497298501,122.5621610879898,2947
219,_165_,738,-1,1,6.727861468450332e-16,0.0985162183642387,0.0038509073201566,25.95500946044922,2948
220,_166_,1134,-1,2,2.6351173813257602e-15,0.0987345427274704,0.0341758219738039,41.72731149196625,2949
221,_167_,684,-1,2,1.34443165794747e-15,0.0658188257366418,0.048636621737387,26.943291068077087,2950
222,_168_,1116,-1,1,6.112387741338452e-16,0.1315133422613144,0.0324643650674261,38.59607696533203,2951
223,_169_,6435,-1,2,3.5061994997767415e-15,0.5044826800003648,0.3421566995975809,210.6785011291504,2952
224,_170_,990,-1,1,6.877083262768122e-16,0.0929185897111892,0.060377687739674,34.40615463256836,2953
225,_171_,414,-1,1,6.941334946982097e-16,0.0464272834360599,0.0113852426293306,15.906699180603027,2954
226,_172_,684,-1,2,1.2266107514129362e-15,0.0501923039555549,0.0737714244005474,25.675254225730896,2955
227,_173_,810,-1,1,7.849435263964288e-16,0.0688268765807151,0.079795655561611,28.576107025146484,2956
228,_174_,378,-1,1,6.114090277562433e-16,0.0483933240175247,0.0286035882891155,15.37187385559082,2957
229,_175_,1332,-1,2,1.3600908619224789e-15,0.1070908876135945,0.150353051663842,48.36463260650635,2958
230,_176_,3009,-1,2,1.6855084265216089e-15,0.2946085389703512,0.2313778008101508,86.16987359523773,2959
231,_177_,1278,-1,2,1.453925383577547e-15,0.1528204344213009,0.0469698400702327,42.95970058441162,2960
232,_178_,936,-1,2,1.2665089678439289e-15,0.1139653660356998,0.0318486510077491,36.48511695861816,2961
233,_179_,3816,-1,2,3.323142339106168e-15,0.3470510803163051,0.144570809176912,124.45237511396408,2962
234,_180_,2592,-1,3,3.1142292859624204e-15,0.2824903065338731,0.1239116306533105,86.00076830387115,2963
235,_181_,828,-1,1,5.329724004119558e-16,0.0774526596069336,0.0082587525248527,31.335254669189453,2964
236,_182_,828,-1,1,7.622052445647423e-16,0.09947070479393,0.0207544540171511,24.446468353271484,2965
237,_183_,702,-1,2,2.929626713679581e-15,0.066579595208168,0.0459460958372801,26.5501708984375,2966
238,_184_,5688,-1,3,3.160321854336684e-15,0.366502920165658,0.3887810130254365,183.76492482423785,2967
239,_185_,1902,-1,2,1.4075923637253817e-15,0.1768787279725074,0.1103415913530625,71.56379222869873,2968
240,_186_,774,-1,2,1.256510485055421e-15,0.0652522575110197,0.0314942542463541,27.502803206443787,2969
241,_187_,1515,-1,2,1.2918259356044129e-15,0.1682001259177923,0.0804256421979516,51.08825206756592,2970
242,_188_,234,-1,1,6.4021174785291535e-16,0.0257587395608425,0.0149739020853303,10.44508457183838,2971
243,_189_,4251,-1,3,3.4711909927920108e-15,0.4097791975364089,0.1598154524690471,94.3857524394989,2972
244,_190_,666,-1,2,1.317124480398294e-15,0.0683190869167447,0.0150103552732616,25.19711136817932,2973
245,_191_,216,-1,1,6.251799305940261e-16,0.0240839328616857,0.0055189215345308,10.023624420166016,2974
246,_192_,342,-1,1,1.3107776625245174e-15,0.0321186631917953,0.0293991224607452,13.71071720123291,2975
247,_193_,378,-1,1,6.825739301879118e-16,0.0282890181988477,0.0402169614098966,14.893731117248535,2976
248,_194_,378,-1,1,5.983773729231767e-16,0.0477942638099193,0.0161711438558995,14.723685264587402,2977
249,_195_,216,-1,1,6.708616879888714e-16,0.026224048808217,0.0083166355616413,8.079056739807129,2978
250,_196_,918,-1,2,1.264730939808524e-15,0.0791817968711257,0.0829020519740879,35.164053201675415,2979
251,_197_,1386,-1,3,2.9188827360183706e-15,0.111736761406064,0.133532972946341,51.41084420681,2980
252,_198_,3150,-1,3,3.0033882485506168e-15,0.3345926059409976,0.1473634974645392,108.13428628444672,2981
253,_199_,468,-1,1,1.0380232067506209e-15,0.0408396534621715,0.0221106018871068,17.312786102294922,2982
254,_200_,396,-1,1,6.097212087297207e-16,0.0480888299643993,0.0053073502913321,16.076744079589844,2983
255,_201_,720,-1,2,1.2174333611876726e-15,0.0869631418026983,0.0229311287985183,27.8428955078125,2984
256,_202_,2217,-1,3,2.583232378141698e-15,0.1795675631146878,0.1562118952861055,69.68172764778137,2985
257,_203_,180,-1,1,5.401926151334699e-16,0.026751309633255,0.0044551806058734,7.009407043457031,2986
258,_204_,252,-1,1,5.56106458388247e-16,0.028523726388812,0.0208086072234436,11.62809944152832,2987
259,_205_,864,-1,1,6.658791225557664e-16,0.0703515484929084,0.0869875321222934,26.3851318359375,2988
260,_206_,234,-1,1,4.960695042406909e-16,0.0145906209945678,0.0383898708969354,10.5017671585083,2989
261,_207_,468,-1,1,5.995689894612859e-16,0.0399859808385372,0.0141259447555057,17.68121910095215,2990
262,_208_,1674,-1,1,7.993630976531308e-16,0.1022710190154612,0.1626795375486835,56.06152987480164,2991
263,_209_,504,-1,1,6.864096130104345e-16,0.046730313450098,0.0033582065952941,19.005939483642575,2992
264,_210_,702,-1,1,1.1109902247171321e-15,0.05159792304039,0.0343821833375841,24.72262191772461,2993
265,_211_,846,-1,1,7.6459223634966425e-16,0.0568662285804748,0.0735530438832938,29.33400535583496,2994
266,_212_,432,-1,1,9.820297761350201e-16,0.0332330912351608,0.0060718483291566,16.275131225585938,2995
267,_213_,270,-1,1,1.6807866413571398e-15,0.0245375465601682,0.005668970523402,11.121615409851074,2996
268,_214_,1224,-1,2,1.3487858308128308e-15,0.1311184614896774,0.0204314125157907,41.72000348567963,2997
269,_215_,522,-1,1,7.327351154451931e-16,0.0369867905974388,0.0594273246824741,17.17108154296875,2998
270,_216_,234,-1,1,6.799857151384579e-16,0.0243650265038013,0.0211577252484858,11.036591529846191,2999
271,_217_,252,-1,1,6.843778986073267e-16,0.0290161296725273,0.0208987093064934,11.571416854858398,3000
272,_218_,1152,-1,1,7.479912376164271e-16,0.0997838005423545,0.1137952972203493,41.72731018066406,3001
273,_219_,954,-1,1,8.49752240652342e-16,0.0719207674264907,0.1415104728657752,26.507774353027344,3002
274,_220_,1494,-1,3,2.1036886984601758e-15,0.1235932316631078,0.1464686889667064,54.05297553539276,3003
275,_221_,342,-1,1,6.476735787226337e-16,0.0470194518566131,0.0374512374401092,11.822832107543944,3004
276,_222_,882,-1,1,7.383442205614703e-16,0.1152350232005119,0.052674252889119,30.20526885986328,3005
277,_223_,1368,-1,1,7.298445096335694e-16,0.1312927156686782,0.0641396426653955,47.12493515014648,3006
278,_224_,594,-1,1,7.48426136095283e-16,0.0355352237820625,0.0946849607862532,21.141584396362305,3007
279,_225_,1926,-1,3,2.162354835661719e-15,0.1521227210760116,0.1766054045874625,67.11915564537048,3008
280,_226_,684,-1,1,6.973114034976302e-16,0.0538734644651412,0.0802350938320159,24.775650024414062,3009
281,_227_,1674,-1,1,8.591311188399335e-16,0.1626352071762085,0.0480059068650007,56.28095054626465,3010
282,_228_,972,-1,1,1.7508473834025033e-15,0.0849366635084152,0.0153306659776717,33.08509063720703,3011
283,_229_,972,-1,1,7.534670409226303e-16,0.0693492963910102,0.1136829543393105,33.247825622558594,3012
284,_230_,1008,-1,1,6.528531322555345e-16,0.0827189162373542,0.0357220964506268,33.55592346191406,3013
285,_231_,666,-1,1,7.153084713466199e-16,0.0777202844619751,0.0193822045403067,23.450931549072266,3014
286,_232_,2115,-1,3,2.1644321839648602e-15,0.2071654982864856,0.1236397466655034,71.25360524654388,3015
287,_233_,774,-1,1,6.996944248156118e-16,0.0846919938921928,0.0517994881374761,26.996318817138672,3016
288,_234_,612,-1,1,1.7233032483863326e-15,0.0447236821055412,0.027999559242744,21.343626022338867,3017
289,_235_,522,-1,1,6.633497233565874e-16,0.0482476204633712,0.0446671042591333,20.01890754699707,3018
290,_236_,828,-1,1,6.22641108153309e-16,0.0771335437893867,0.0110954648116603,29.4793643951416,3019
291,_237_,738,-1,1,7.717239361281901e-16,0.0789811238646507,0.0745367206691298,26.12505531311035,3020
292,_238_,1332,-1,3,2.056376402641865e-15,0.1409354791976511,0.0818137523892801,51.24079990386963,3021
293,_239_,252,-1,1,6.155220079898734e-16,0.0304457284510135,0.0218732469948008,11.514735221862791,3022
294,_240_,702,-1,1,6.709609496623779e-16,0.089393101632595,0.0111327578779309,27.591480255126957,3023
295,_241_,1206,-1,1,6.610808397282484e-16,0.1062679216265678,0.0204008012078702,41.41921615600586,3024
296,_242_,594,-1,1,7.199436473922323e-16,0.0503036864101886,0.0514340754598379,21.31163024902344,3025
297,_243_,2376,-1,3,2.2120026130738454e-15,0.2519391402602196,0.1264367221156135,78.05976462364197,3026
298,_244_,558,-1,1,6.854785120431652e-16,0.0705198273062706,0.0517557195853441,20.0152530670166,3027
299,_245_,477,-1,2,2.2939162047874934e-15,0.0533262006938457,0.0111750155920162,19.35472011566162,3028
300,_246_,558,-1,1,6.461052442812333e-16,0.0630295127630233,0.0126406388590112,21.03187561035156,3029
301,_247_,1278,-1,1,6.752943172809717e-16,0.11289893835783,0.027983249805402,43.38846969604492,3030
302,_248_,450,-1,1,6.887719349607677e-16,0.0460233986377716,0.0245425007306039,16.862985610961914,3031
303,_249_,1890,-1,2,1.3166988463422986e-15,0.1396383428946137,0.0744134560227394,64.30697774887085,3032
304,_250_,2220,-1,3,3.188601743346663e-15,0.2032749466598034,0.1594647845922736,66.75108480453491,3033
305,_251_,486,-1,1,7.416042386172154e-16,0.0281533971428871,0.0649608881212771,16.10143280029297,3034
306,_252_,846,-1,1,1.734608914770691e-15,0.0815086141228675,0.0009102658659685,29.706092834472656,3035
307,_253_,2466,-1,1,8.11063534330469e-16,0.2473737001419067,0.0292778812581673,79.82055854797363,3036
308,_254_,990,-1,1,7.61998462646494e-16,0.092265747487545,0.0334116364829242,34.34947204589844,3037
309,_255_,3240,-1,3,2.2739791667914957e-15,0.3038997906260192,0.1364523337688297,108.35736453533173,3038
310,_256_,576,-1,1,6.531631992537888e-16,0.0799245908856391,0.0100356702459976,18.77555656433105,3039
311,_257_,756,-1,3,1.950320042590865e-15,0.0727991089224815,0.060947990452405,30.88545322418213,3040
312,_258_,930,-1,1,8.337413591855452e-16,0.053267803043127,0.1441526013659313,23.00814247131348,3041
313,_259_,1314,-1,1,8.732433230159006e-16,0.1075290143489837,0.1257742866418993,35.38713073730469,3042
314,_260_,792,-1,1,7.492075769286843e-16,0.1114083305001258,0.0376241069752723,29.840490341186523,3043
315,_261_,504,-1,1,5.191818569977085e-16,0.0513527169823646,0.03081200865563,19.427400588989254,3044
316,_262_,180,-1,1,6.496448890886905e-16,0.0099443448707461,0.0395254130708053,8.897292137145996,3045
317,_263_,612,-1,1,5.601105419485955e-16,0.0733615681529045,0.039487891988756,22.26791763305664,3046
318,_264_,414,-1,1,7.629376633663213e-16,0.0581277087330818,0.0210939044573024,16.2714786529541,3047
319,_265_,414,-1,1,6.713128918519619e-16,0.0370280444622039,0.0335609348676371,15.906699180603027,3048
320,_266_,234,-1,1,6.075602688625974e-16,0.0240671597421169,0.013058106880635,11.036591529846191,3049
321,_267_,2034,-1,1,8.894774506038581e-16,0.1337020164355635,0.2213633219944313,69.09571671485901,3050
322,_268_,720,-1,1,7.118995343108358e-16,0.0715073719620704,0.0221861125901341,25.310474395751957,3051
323,_269_,1224,-1,2,1.3203920158714457e-15,0.1365071171894669,0.0812378531554713,39.78297162055969,3052
324,_270_,954,-1,1,1.8095120382963887e-15,0.0528776943683624,0.1044444623403251,33.05674743652344,3053
325,_271_,1008,-1,1,6.903266109958936e-16,0.0894211679697036,0.0664933670777827,27.35547637939453,3054
326,_272_,216,-1,1,6.684632612591618e-16,0.0272364616394042,0.0049058591248467,8.079056739807129,3055
327,_273_,21768,-1,10,9.889733075443136e-15,1.7071844924939796,1.6540657775713044,662.2126511335373,3056
328,_274_,20127,-1,7,7.490652859814574e-15,1.620716143399477,1.1312169577431632,600.6481149196625,3057
329,_275_,23475,-1,10,9.617618658940008e-15,1.7206039992161095,1.8157336338281311,705.5267018675804,3058
330,_276_,20850,-1,7,7.780656612163712e-15,1.8764723083004355,0.9011958341397984,608.0192620158195,3059
331,_277_,22770,-1,10,9.424304564552895e-15,1.842923694755882,1.4650006193369336,643.0594168901443,3060
332,_278_,3132,-1,3,3.588585947633194e-15,0.3111911192536354,0.1201216404442675,108.28330141305923,3061
333,_279_,765,-1,2,2.426884072122184e-15,0.1101377056911587,0.0191203663125634,28.616791248321533,3062
334,_280_,4824,-1,3,2.9062640626866497e-15,0.4532750863581896,0.1050468321636799,155.7273001074791,3063
335,_281_,2106,-1,3,2.693952078083807e-15,0.2108682263642549,0.1390816734638065,75.78971838951111,3064
336,_282_,2274,-1,3,2.639463930894596e-15,0.2470780666917562,0.1106064449413679,74.97898471355438,3065
337,_283_,2574,-1,3,2.5735620147411325e-15,0.2204414941370487,0.051957625306386,88.15833985805511,3066
338,_284_,2826,-1,3,2.593255954281269e-15,0.2545734560117125,0.1627725551370531,97.6965115070343,3067
339,_285_,2772,-1,3,2.608400479861702e-15,0.2722089756280184,0.082303692062851,91.93045544624329,3068
340,_286_,4698,-1,3,3.1517543278334432e-15,0.3358240518718958,0.4272474224562756,155.35009133815765,3069
341,_287_,3096,-1,3,2.8943600734041746e-15,0.3227715296670794,0.1829052956072701,106.22171640396118,3070
342,_288_,3654,-1,3,2.8805854118576883e-15,0.2638816419057548,0.3487557168409694,122.93934226036072,3071
343,_289_,5382,-1,3,2.968975205727806e-15,0.550159141421318,0.1551450664701406,167.8906753063202,3072
344,_290_,3999,-1,3,2.83880085305316e-15,0.370770014822483,0.2337420098483562,121.95792961120604,3073
345,_291_,1818,-1,3,2.435985864656905e-15,0.1095330577809363,0.150542841409333,63.57742202281952,3074
346,_292_,1944,-1,3,2.439262823371595e-15,0.1634838311001658,0.1024425399955362,69.16977977752686,3075
347,_293_,3096,-1,3,2.5159362457570543e-15,0.2951649483293295,0.0474280845373868,103.71398401260376,3076
348,_294_,8211,-1,3,3.998446556084711e-15,0.7283748826012015,0.2712380375014618,245.3667637705803,3077
349,_295_,1278,-1,1,1.5189226685433425e-15,0.143694058060646,0.0547787403920665,44.596168518066406,3078
350,_296_,378,-1,2,1.7391176711489256e-15,0.031478158198297,0.0284464908763766,16.91966724395752,3079
351,clknet_0_clk,9252,-1,4,3.721711151337837e-15,0.6399153741076589,0.7736275207134895,293.7660636305809,3080
352,clknet_2_0__leaf_clk,17280,-1,10,7.297592875311638e-15,1.75748456758447,0.3203055690573819,517.5204558372498,3081
353,clknet_2_1__leaf_clk,13644,-1,9,6.680596288839713e-15,1.347759968135506,0.6341295678121242,438.7072917819023,3082
354,clknet_2_2__leaf_clk,14922,-1,9,6.7438048519791435e-15,1.3667036481201649,0.6783949182135984,476.9139103293419,3083
355,clknet_2_3__leaf_clk,12294,-1,7,5.270445250338913e-15,1.2189358873292804,0.3971506333036814,404.1740461587906,3084
356,dpath.a_lt_b$in0\[10\],2952,-1,3,2.607893742401007e-15,0.2756554037332535,0.1633673149626702,97.79891300201416,3085
357,dpath.a_lt_b$in0\[11\],2754,-1,3,2.621080774840336e-15,0.2492361273616552,0.1350175596307963,92.26323795318604,3086
358,dpath.a_lt_b$in0\[12\],4356,-1,3,2.741100896543297e-15,0.4309290256351232,0.133757752873862,145.50528383255005,3087
359,dpath.a_lt_b$in0\[13\],2937,-1,3,2.6339825689346767e-15,0.3678438169881701,0.0293114585801959,77.54924464225769,3088
360,dpath.a_lt_b$in0\[14\],2880,-1,3,2.588395043955213e-15,0.3570347428321838,0.0549464420764707,98.0503261089325,3089
361,dpath.a_lt_b$in0\[15\],2682,-1,3,2.572191938948949e-15,0.2850002516061067,0.1107774238917045,91.18993282318117,3090
362,dpath.a_lt_b$in0\[1\],3129,-1,3,2.6421519899527068e-15,0.3207741491496563,0.1449639389757067,94.22928082942964,3091
363,dpath.a_lt_b$in0\[2\],2067,-1,3,2.6048658113728097e-15,0.172869611531496,0.2027123828302137,60.60599303245544,3092
364,dpath.a_lt_b$in0\[3\],4068,-1,3,2.9263444610089706e-15,0.3604688579216599,0.3365920727956109,135.2723125219345,3093
365,dpath.a_lt_b$in0\[4\],2862,-1,3,2.6556229901876028e-15,0.246543638408184,0.1797955797665054,100.00585782527924,3094
366,dpath.a_lt_b$in0\[5\],3225,-1,3,2.773518965017087e-15,0.2897240445017814,0.2545110705541447,109.55914688110352,3095
367,dpath.a_lt_b$in0\[6\],3024,-1,3,2.655671906340307e-15,0.2708887455519289,0.1554986654209642,101.7236983180046,3096
368,dpath.a_lt_b$in0\[7\],2916,-1,3,2.7155681471395e-15,0.1869444549083709,0.2917963786167092,97.91227853298189,3097
369,dpath.a_lt_b$in0\[8\],2538,-1,3,2.4745565687013136e-15,0.2111313054338097,0.0945539963431656,86.85099959373474,3098
370,dpath.a_lt_b$in0\[9\],2307,-1,3,2.543722526317021e-15,0.2038107700645923,0.1634978132788092,62.66642141342163,3099
371,dpath.a_lt_b$in1\[0\],1800,-1,4,3.1997275211088482e-15,0.1564415688626468,0.1456088124214147,65.82277828454971,3100
372,dpath.a_lt_b$in1\[1\],1314,-1,3,3.5440059683444903e-15,0.1072619484039023,0.148200135823572,42.67505443096161,3101
373,net1,2322,-1,1,8.349410225366533e-16,0.2255803346633911,0.0,70.65358424186707,3102
374,net10,882,-1,1,6.757951784505949e-16,0.1100872904062271,0.0,27.867582321166992,3103
375,net11,1314,-1,1,7.28637222985936e-16,0.1629291921854019,0.0,40.7033805847168,3104
376,net12,1890,-1,1,8.231497945152814e-16,0.1726755797863006,0.041113190120086,57.81778025627136,3105
377,net13,1260,-1,1,6.78049768397949e-16,0.0988756790757179,0.0134661744814366,42.57388687133789,3106
378,net14,666,-1,1,6.473215306539311e-16,0.0764643475413322,0.005149126984179,24.467552185058597,3107
379,net15,432,-1,1,6.121094181245042e-16,0.0464013740420341,0.0,16.696592330932617,3108
380,net16,954,-1,1,7.607922347900445e-16,0.0910693854093551,0.0355498589924536,32.67223358154297,3109
381,net17,936,-1,1,6.56548207608813e-16,0.0777184590697288,0.0131217855378054,32.52192306518555,3110
382,net18,2286,-1,1,8.681748366782086e-16,0.2306096525862813,0.0033920999849215,71.47181832790375,3111
383,net19,972,-1,1,6.535240882288785e-16,0.0853032916784286,0.0025128987035714,33.59157180786133,3112
384,net2,4572,-1,1,1.236290008659448e-15,0.4199559018015861,0.2069732695817947,104.33969402313232,3113
385,net20,234,-1,1,6.63367034592447e-16,0.0179174300283193,0.0112766358070075,10.08030605316162,3114
386,net21,360,-1,1,6.948437318244824e-16,0.0489976741373539,0.0116731752641499,14.893731117248535,3115
387,net22,1620,-1,1,8.803411414765364e-16,0.2278395951725542,0.0183283649967052,51.54158663749695,3116
388,net23,2250,-1,1,9.098890388085554e-16,0.276866802945733,0.0236614751629531,70.79528844356537,3117
389,net24,774,-1,1,6.961801380570129e-16,0.0620071813464164,0.0,26.97528648376465,3118
390,net25,522,-1,1,7.184270349001736e-16,0.0392091050744056,0.0450449110940098,19.59744644165039,3119
391,net26,1782,-1,1,7.966188167831454e-16,0.1522295922040939,0.035028226673603,54.60883021354675,3120
392,net27,3186,-1,1,9.387268048934201e-16,0.2560574514791369,0.0733083884697407,102.97070360183716,3121
393,net28,3726,-1,1,1.0914752208871037e-15,0.3193673640489578,0.1627471711253747,118.61868000030518,3122
394,net29,2304,-1,1,8.2946389574147e-16,0.189358034171164,0.030744854157092,75.57395100593567,3123
395,net3,1584,-1,1,7.917049668978864e-16,0.1522767283022403,0.0300672292360104,52.79224634170532,3124
396,net30,3276,-1,1,9.456899451154425e-16,0.3042028546333313,0.0321263810037635,76.76580846309662,3125
397,net31,2916,-1,1,9.308081056277765e-16,0.2272154781967401,0.0942325430223718,94.91998171806335,3126
398,net32,3462,-1,1,1.0325578325375809e-15,0.3270253119990229,0.0961716109723056,80.56713104248047,3127
399,net33,2196,-1,2,1.5814494760393524e-15,0.1368883098475635,0.2383184902137145,75.88205003738403,3128
400,net34,1692,-1,3,2.6942493866482934e-15,0.1229271963238716,0.1140642143727745,60.28344857692719,3129
401,net35,1062,-1,2,1.3328897752499461e-15,0.0841590035706758,0.0911367799271829,39.07787418365479,3130
402,net36,21822,-1,10,8.957837591269321e-15,1.8712563512381168,1.1168330195860108,628.7013866901398,3131
403,net37,3294,-1,2,1.4813172644214485e-15,0.2729249014519155,0.107288112556489,108.32536709308624,3132
404,net38,6243,-1,2,1.928300785852279e-15,0.5148466899991035,0.3465362599818036,161.56066703796387,3133
405,net39,3492,-1,2,1.5561030738839516e-15,0.3164317198097706,0.0922086894370295,117.18424987792967,3134
406,net4,1422,-1,1,8.077226775678203e-16,0.1090217903256416,0.0893398197367787,48.03550338745117,3135
407,net40,3042,-1,2,1.4995446722925322e-15,0.2206840934231877,0.1313978049438446,100.85974287986755,3136
408,net41,6516,-1,2,2.0416079596900128e-15,0.5736586777493358,0.3204862119746394,208.28185606002808,3137
409,net42,4968,-1,2,1.870062823805573e-15,0.4577826000750065,0.2648165654245531,156.66897016763687,3138
410,net43,1980,-1,2,1.4606605660576397e-15,0.1697011925280094,0.0797443885821849,67.06978368759155,3139
411,net44,4194,-1,2,1.6482495647542605e-15,0.4836948104202747,0.0634508444345556,134.56013345718384,3140
412,net45,3585,-1,2,1.5279503456951788e-15,0.3800380937755108,0.0809945091023109,84.844651222229,3141
413,net46,4635,-1,2,1.686800998799119e-15,0.4687428027391433,0.1511407012294512,138.71291542053223,3142
414,net47,4842,-1,2,1.6646324525035794e-15,0.397185088135302,0.2005296497500239,157.78522515296936,3143
415,net48,5724,-1,2,1.6850681811472737e-15,0.4460646212100982,0.1720851488935295,184.26499319076535,3144
416,net49,4410,-1,2,1.7680330466275825e-15,0.2400124601554125,0.4611029031220823,145.37819504737854,3145
417,net5,2628,-1,1,1.050088238172193e-15,0.343265950679779,0.0974612498685019,86.50725173950195,3146
418,net50,4176,-1,2,1.6332392938959669e-15,0.4222399964928627,0.063536852307152,136.39864540100098,3147
419,net51,5364,-1,2,1.780862207646696e-15,0.4193009287118912,0.2946429940056987,173.1854429244995,3148
420,net52,3291,-1,2,1.5218178271570577e-15,0.3187218643724918,0.0556328578304601,82.0925645828247,3149
421,net53,1530,-1,2,1.3679362928381848e-15,0.1846675164997577,0.0358056928380392,54.2477068901062,3150
422,net54,2001,-1,3,2.173511106610005e-15,0.1913802055642008,0.0717830455396324,61.99579417705536,3151
423,net55,1368,-1,1,9.162966312962974e-16,0.0967575907707214,0.1772859872726258,32.44702911376953,3152
424,net56,1530,-1,3,2.146722630861904e-15,0.1216758415102958,0.1011146606033435,55.21495461463928,3153
425,net57,1620,-1,3,2.0684248110418475e-15,0.1041058336850255,0.1616610058117658,58.083812952041626,3154
426,net58,2520,-1,4,2.675815196858961e-15,0.2713842969387769,0.1131628502625972,87.86762177944183,3155
427,net59,702,-1,1,7.476729120469371e-16,0.0645942911505699,0.0647216528886929,25.16876983642578,3156
428,net6,1980,-1,1,8.33247062521263e-16,0.1647466868162155,0.0591394249349832,65.46530771255493,3157
429,net60,126,-1,1,1.6741757609620568e-15,0.0074715004302561,0.0136942509561777,6.138144016265869,3158
430,net61,216,-1,1,6.28102564838968e-16,0.0263604596257209,0.0015671285800635,9.910260200500488,3159
431,net62,387,-1,1,1.7110968683416877e-15,0.0396856740117073,0.0184013359248638,12.596728324890137,3160
432,net63,576,-1,2,1.293468120730902e-15,0.0716958828270435,0.0267092811409384,21.70475137233734,3161
433,net64,1260,-1,1,8.190535961219188e-16,0.1487807333469391,0.0303327948786318,43.55485916137695,3162
434,net65,270,-1,1,1.7003539494716614e-15,0.0332018285989761,0.0141421733424067,11.458052635192873,3163
435,net66,2358,-1,3,2.319833295391107e-15,0.1430402970872819,0.293352052103728,79.73553681373596,3164
436,net67,1332,-1,3,2.584751108216125e-15,0.0962092112749815,0.1434156912728212,47.94682598114014,3165
437,net68,2466,-1,3,3.1599173961043697e-15,0.2388169765472412,0.0697332879062742,82.45903307199478,3166
438,net69,2268,-1,2,1.442792935430902e-15,0.2018298357725143,0.1175540752974484,74.41697919368744,3167
439,net7,1296,-1,1,7.436128184329512e-16,0.1214267164468765,0.0128249917761422,44.23504638671875,3168
440,net70,612,-1,1,6.712667285563366e-16,0.0706863775849342,0.0404383176937699,21.76143264770508,3169
441,net71,2862,-1,4,2.80960722725133e-15,0.2965414659120142,0.0923595807398669,85.36264824867249,3170
442,net72,1170,-1,2,1.4452098380667738e-15,0.1089679766446352,0.0870970119722187,41.2171745300293,3171
443,net73,2538,-1,3,2.390166464408131e-15,0.2550513222813606,0.1395289734355174,85.27486711740494,3172
444,net74,2502,-1,4,2.749746138319448e-15,0.2212949749082327,0.0987501931813312,88.15468573570251,3173
445,net75,1026,-1,1,6.991694761465509e-16,0.0833117514848709,0.0691546507878229,25.05653381347656,3174
446,net76,1224,-1,2,1.4007651722913934e-15,0.1149347266182303,0.0295013081049546,44.59982419013977,3175
447,net77,1161,-1,3,3.016682430657773e-15,0.1121707260608673,0.0271376307828177,43.482181549072266,3176
448,net78,3522,-1,3,2.4383664507551632e-15,0.3519968355540186,0.089524752998841,85.92090702056885,3177
449,net8,756,-1,1,6.781690941643936e-16,0.0796412006020546,0.0328199230134487,24.12380790710449,3178
450,net9,3186,-1,1,1.0232850452266328e-15,0.3891125023365021,0.0,96.32518458366394,3179
