src,tar,src_type,tar_type,is_net,arc_delay
_297_/A,_297_/Y,pin,pin,0,1.822786539762422e-11
_298_/A,_298_/Y,pin,pin,0,1.4210745427623017e-11
_299_/A,_299_/Y,pin,pin,0,2.0983948953445797e-11
_300_/A,_300_/Y,pin,pin,0,1.3193244240150559e-11
_301_/A,_301_/Y,pin,pin,0,1.5722428567399582e-11
_302_/A,_302_/Y,pin,pin,0,1.612340642942467e-11
_302_/B,_302_/Y,pin,pin,0,1.870256206848442e-11
_303_/A,_303_/Y,pin,pin,0,3.812299087524451e-11
_303_/B,_303_/Y,pin,pin,0,3.361963485382091e-11
_304_/A,_304_/Y,pin,pin,0,2.2268579341622186e-11
_305_/A1,_305_/Y,pin,pin,0,2.6871787781046486e-11
_305_/A2,_305_/Y,pin,pin,0,2.0191421451487557e-11
_305_/B,_305_/Y,pin,pin,0,2.1934782115651252e-11
_306_/A1,_306_/Y,pin,pin,0,2.4469084744516145e-11
_306_/A2,_306_/Y,pin,pin,0,3.250857222303338e-11
_306_/B,_306_/Y,pin,pin,0,2.156226065752609e-11
_307_/A1,_307_/Y,pin,pin,0,2.112187334757376e-11
_307_/A2,_307_/Y,pin,pin,0,2.045789405935583e-11
_307_/B,_307_/Y,pin,pin,0,2.0603213579661883e-11
_308_/A,_308_/Y,pin,pin,0,1.1609006290991264e-11
_309_/A1,_309_/Y,pin,pin,0,2.0884240517493602e-11
_309_/A2,_309_/Y,pin,pin,0,2.1811009595640307e-11
_309_/B,_309_/Y,pin,pin,0,2.382191492678043e-11
_310_/A,_310_/Y,pin,pin,0,2.5651538185234024e-11
_310_/B,_310_/Y,pin,pin,0,2.7074023578599338e-11
_310_/C,_310_/Y,pin,pin,0,3.4899166889701405e-11
_311_/A1,_311_/Y,pin,pin,0,2.1014304879551915e-11
_311_/A2,_311_/Y,pin,pin,0,2.5883621634914533e-11
_311_/B,_311_/Y,pin,pin,0,2.251741675063368e-11
_312_/A1,_312_/Y,pin,pin,0,2.583779717957313e-11
_312_/A2,_312_/Y,pin,pin,0,2.0645329196211648e-11
_312_/B,_312_/Y,pin,pin,0,2.2120650797208263e-11
_313_/A1,_313_/Y,pin,pin,0,2.3105200044892804e-11
_313_/A2,_313_/Y,pin,pin,0,2.4951415933394117e-11
_313_/B,_313_/Y,pin,pin,0,2.2166166471770943e-11
_314_/A,_314_/Y,pin,pin,0,2.1003246017392563e-11
_315_/A,_315_/Y,pin,pin,0,1.919107234238382e-11
_316_/A,_316_/Y,pin,pin,0,2.7306623975875688e-11
_316_/B,_316_/Y,pin,pin,0,2.9094532338902468e-11
_316_/C,_316_/Y,pin,pin,0,2.929733192158501e-11
_317_/A,_317_/Y,pin,pin,0,2.968092785438081e-11
_317_/B,_317_/Y,pin,pin,0,3.3425318068935894e-11
_317_/C,_317_/Y,pin,pin,0,3.411743110248722e-11
_317_/D,_317_/Y,pin,pin,0,3.6167947109477794e-11
_318_/A,_318_/Y,pin,pin,0,2.0932758998393197e-11
_318_/B,_318_/Y,pin,pin,0,2.1443315872948787e-11
_319_/A1,_319_/Y,pin,pin,0,2.590182755779491e-11
_319_/A2,_319_/Y,pin,pin,0,1.8226694459277937e-11
_319_/B,_319_/Y,pin,pin,0,2.352104101766006e-11
_320_/A1,_320_/Y,pin,pin,0,2.291229185547028e-11
_320_/A2,_320_/Y,pin,pin,0,1.9262026001998223e-11
_320_/B,_320_/Y,pin,pin,0,2.1094905336416225e-11
_321_/A1,_321_/Y,pin,pin,0,2.20742313317146e-11
_321_/A2,_321_/Y,pin,pin,0,2.2161749865801106e-11
_321_/B,_321_/Y,pin,pin,0,2.560955614239191e-11
_321_/C,_321_/Y,pin,pin,0,3.6591858015855294e-11
_322_/A1,_322_/Y,pin,pin,0,2.1818647583105033e-11
_322_/A2,_322_/Y,pin,pin,0,1.5447492243692018e-11
_322_/B,_322_/Y,pin,pin,0,1.5138635137135203e-11
_323_/A,_323_/Y,pin,pin,0,2.078811775496625e-11
_323_/B,_323_/Y,pin,pin,0,1.9745956605921045e-11
_324_/A1,_324_/Y,pin,pin,0,2.9006068380521555e-11
_324_/A2,_324_/Y,pin,pin,0,2.956505873452642e-11
_324_/B,_324_/Y,pin,pin,0,3.140494461706389e-11
_324_/C,_324_/Y,pin,pin,0,4.477395884605606e-11
_325_/A1,_325_/Y,pin,pin,0,3.464509581996289e-11
_325_/A2,_325_/Y,pin,pin,0,3.634924305995213e-11
_325_/B,_325_/Y,pin,pin,0,2.4718000216084057e-11
_326_/A1,_326_/Y,pin,pin,0,1.9409071572162873e-11
_326_/A2,_326_/Y,pin,pin,0,1.9902539685756615e-11
_326_/B,_326_/Y,pin,pin,0,2.001250554162226e-11
_327_/A,_327_/Y,pin,pin,0,2.481589933545081e-11
_327_/B,_327_/Y,pin,pin,0,2.503595594727237e-11
_328_/A1,_328_/Y,pin,pin,0,2.0553319463045838e-11
_328_/A2,_328_/Y,pin,pin,0,2.121312500658057e-11
_328_/B,_328_/Y,pin,pin,0,2.13445962293779e-11
_329_/A,_329_/Y,pin,pin,0,2.8017928255241742e-11
_329_/B,_329_/Y,pin,pin,0,2.87366554163615e-11
_329_/C,_329_/Y,pin,pin,0,2.908996481199022e-11
_329_/D,_329_/Y,pin,pin,0,2.8991770789632554e-11
_330_/A,_330_/Y,pin,pin,0,3.4299368900647664e-11
_330_/B,_330_/Y,pin,pin,0,3.603064027690728e-11
_330_/C,_330_/Y,pin,pin,0,3.739079879050422e-11
_330_/D,_330_/Y,pin,pin,0,3.7672039099323484e-11
_330_/E,_330_/Y,pin,pin,0,3.77090962622173e-11
_331_/A,_331_/Y,pin,pin,0,2.7556663548256033e-11
_331_/B,_331_/Y,pin,pin,0,2.8427170339906382e-11
_331_/C,_331_/Y,pin,pin,0,2.8978307600735498e-11
_331_/D,_331_/Y,pin,pin,0,2.9336175849659085e-11
_332_/A,_332_/Y,pin,pin,0,3.5452616536924e-11
_332_/B,_332_/Y,pin,pin,0,3.690030919711873e-11
_332_/C,_332_/Y,pin,pin,0,3.82400881793199e-11
_332_/D,_332_/Y,pin,pin,0,3.9128051493309e-11
_332_/E,_332_/Y,pin,pin,0,3.8643390570802794e-11
_333_/A,_333_/Y,pin,pin,0,1.2750086576807096e-11
_333_/B,_333_/Y,pin,pin,0,1.1734174396038632e-11
_334_/A,_334_/Y,pin,pin,0,1.461059918883567e-11
_335_/A1,_335_/Y,pin,pin,0,1.8131543141897133e-11
_335_/A2,_335_/Y,pin,pin,0,1.8294950623887196e-11
_335_/B,_335_/Y,pin,pin,0,1.773914869163118e-11
_336_/A,_336_/Y,pin,pin,0,6.691377920503561e-12
_337_/A1,_337_/Y,pin,pin,0,1.5946183609671927e-11
_337_/A2,_337_/Y,pin,pin,0,1.6114613116124943e-11
_337_/B,_337_/Y,pin,pin,0,1.5398109870501386e-11
_338_/A,_338_/Y,pin,pin,0,2.3432025417213787e-11
_339_/A,_339_/Y,pin,pin,0,2.4585541935628896e-11
_339_/B,_339_/Y,pin,pin,0,2.4395787473485697e-11
_340_/A,_340_/Y,pin,pin,0,1.3207717905472371e-11
_340_/B,_340_/Y,pin,pin,0,1.660483209264818e-11
_341_/A,_341_/Y,pin,pin,0,5.407102716958878e-12
_342_/A1,_342_/Y,pin,pin,0,2.097899284847493e-11
_342_/A2,_342_/Y,pin,pin,0,2.3559293405028825e-11
_342_/B1,_342_/Y,pin,pin,0,2.2728352186418554e-11
_342_/B2,_342_/Y,pin,pin,0,2.0424245628092308e-11
_342_/C,_342_/Y,pin,pin,0,2.2577875333218422e-11
_343_/A,_343_/Y,pin,pin,0,2.8300230214828304e-11
_343_/B,_343_/Y,pin,pin,0,2.8391502690516823e-11
_343_/C,_343_/Y,pin,pin,0,2.8332409335307673e-11
_344_/A,_344_/Y,pin,pin,0,2.3402817878048765e-11
_344_/B,_344_/Y,pin,pin,0,2.561754974816921e-11
_345_/A1,_345_/Y,pin,pin,0,1.626085724404369e-11
_345_/A2,_345_/Y,pin,pin,0,1.820413784991981e-11
_345_/B,_345_/Y,pin,pin,0,1.916461433992822e-11
_346_/A1,_346_/Y,pin,pin,0,8.913126313403463e-12
_346_/A2,_346_/Y,pin,pin,0,8.821910216227913e-12
_346_/B,_346_/Y,pin,pin,0,9.193833194753864e-12
_347_/A,_347_/Y,pin,pin,0,1.3665520971761769e-11
_348_/A,_348_/Y,pin,pin,0,1.3466196040201606e-11
_349_/A,_349_/Y,pin,pin,0,1.45103547233294e-11
_350_/A,_350_/Y,pin,pin,0,1.4275049024792263e-11
_351_/A,_351_/Y,pin,pin,0,1.4627927341637204e-11
_352_/A,_352_/Y,pin,pin,0,1.4343361567914492e-11
_353_/A,_353_/Y,pin,pin,0,1.5084050328240117e-11
_354_/A,_354_/Y,pin,pin,0,1.4159117454892733e-11
_355_/A,_355_/Y,pin,pin,0,1.478202803217865e-11
_356_/A,_356_/Y,pin,pin,0,1.3769155086940099e-11
_357_/A,_357_/Y,pin,pin,0,1.3776648224994581e-11
_358_/A,_358_/Y,pin,pin,0,1.4186553841388783e-11
_359_/A,_359_/Y,pin,pin,0,1.4259346307887721e-11
_360_/A,_360_/Y,pin,pin,0,1.4201655476608899e-11
_361_/A,_361_/Y,pin,pin,0,1.384152861771959e-11
_362_/A,_362_/Y,pin,pin,0,1.0266024141891705e-11
_363_/A,_363_/Y,pin,pin,0,2.5626667454758945e-11
_364_/A1,_364_/Y,pin,pin,0,1.8857033989849725e-11
_364_/A2,_364_/Y,pin,pin,0,1.938982481519691e-11
_364_/B,_364_/Y,pin,pin,0,2.1886480475186154e-11
_365_/A,_365_/Y,pin,pin,0,1.8214752622869312e-11
_366_/A,_366_/Y,pin,pin,0,1.9679426491170382e-11
_366_/B,_366_/Y,pin,pin,0,2.0325045466118574e-11
_367_/A,_367_/Y,pin,pin,0,2.1193300586697106e-11
_367_/B,_367_/Y,pin,pin,0,2.2816235012435016e-11
_367_/C,_367_/Y,pin,pin,0,2.2019391518468545e-11
_368_/A,_368_/Y,pin,pin,0,1.9235510753667917e-11
_369_/A,_369_/Y,pin,pin,0,2.2707249275333297e-11
_369_/B,_369_/Y,pin,pin,0,2.190153093606373e-11
_369_/C,_369_/Y,pin,pin,0,2.149660831285427e-11
_370_/A,_370_/Y,pin,pin,0,2.7259668480827948e-11
_370_/B,_370_/Y,pin,pin,0,2.9542920193526e-11
_370_/C,_370_/Y,pin,pin,0,2.789703884564787e-11
_371_/A1,_371_/Y,pin,pin,0,2.364707908653063e-11
_371_/A2,_371_/Y,pin,pin,0,2.5553477736584007e-11
_371_/B,_371_/Y,pin,pin,0,2.4996036490643192e-11
_372_/A,_372_/Y,pin,pin,0,2.555202403831114e-11
_373_/A1,_373_/Y,pin,pin,0,1.873603355795339e-11
_373_/A2,_373_/Y,pin,pin,0,1.6618196402307106e-11
_373_/B,_373_/Y,pin,pin,0,1.8232342718915717e-11
_374_/A,_374_/Y,pin,pin,0,2.072121640939173e-11
_375_/A,_375_/Y,pin,pin,0,2.031624694864842e-11
_376_/A,_376_/Y,pin,pin,0,1.879222992495766e-11
_376_/B,_376_/Y,pin,pin,0,1.492718101903101e-11
_377_/A1,_377_/Y,pin,pin,0,2.6147002965548616e-11
_377_/A2,_377_/Y,pin,pin,0,2.3074845853510162e-11
_377_/B1,_377_/Y,pin,pin,0,1.937164664789215e-11
_377_/B2,_377_/Y,pin,pin,0,2.248117143832662e-11
_377_/C,_377_/Y,pin,pin,0,2.092094379679832e-11
_378_/A1,_378_/Y,pin,pin,0,1.7624426223994405e-11
_378_/A2,_378_/Y,pin,pin,0,2.035698519475826e-11
_378_/B1,_378_/Y,pin,pin,0,1.7999062310036784e-11
_378_/B2,_378_/Y,pin,pin,0,1.857579888520089e-11
_379_/A,_379_/Y,pin,pin,0,1.3511310126279596e-11
_380_/A,_380_/Y,pin,pin,0,2.1382730655550297e-11
_380_/B,_380_/Y,pin,pin,0,2.188458442242691e-11
_380_/C,_380_/Y,pin,pin,0,2.148312604199898e-11
_381_/A1,_381_/Y,pin,pin,0,1.7181563463641858e-11
_381_/A2,_381_/Y,pin,pin,0,1.790100880028067e-11
_381_/B,_381_/Y,pin,pin,0,1.4031198945774204e-11
_382_/A,_382_/Y,pin,pin,0,1.9386834151924326e-11
_382_/B,_382_/Y,pin,pin,0,2.1793501031597273e-11
_383_/A,_383_/Y,pin,pin,0,1.0342663357698623e-11
_384_/A1,_384_/Y,pin,pin,0,1.454574134751585e-11
_384_/A2,_384_/Y,pin,pin,0,1.4043692424248189e-11
_384_/B,_384_/Y,pin,pin,0,1.2148092427832768e-11
_385_/A1,_385_/Y,pin,pin,0,2.1804861735641445e-11
_385_/A2,_385_/Y,pin,pin,0,1.869292047540494e-11
_385_/B,_385_/Y,pin,pin,0,2.0372531786549963e-11
_386_/B,_386_/Y,pin,pin,0,2.0906981007540182e-11
_386_/A,_386_/Y,pin,pin,0,2.193608489298171e-11
_387_/A1,_387_/Y,pin,pin,0,1.6912004782709822e-11
_387_/A2,_387_/Y,pin,pin,0,1.598685073211925e-11
_387_/B,_387_/Y,pin,pin,0,1.7626436768503062e-11
_388_/A,_388_/Y,pin,pin,0,2.0143527471039313e-11
_388_/B,_388_/Y,pin,pin,0,1.618844121253904e-11
_389_/A1,_389_/Y,pin,pin,0,2.4138933907291715e-11
_389_/A2,_389_/Y,pin,pin,0,2.339233320935996e-11
_389_/B1,_389_/Y,pin,pin,0,1.962807347211104e-11
_389_/B2,_389_/Y,pin,pin,0,2.3004395263703792e-11
_389_/C,_389_/Y,pin,pin,0,2.1852460813098773e-11
_390_/A1,_390_/Y,pin,pin,0,1.950930909877524e-11
_390_/A2,_390_/Y,pin,pin,0,2.023521107619164e-11
_390_/B1,_390_/Y,pin,pin,0,1.7856591205678285e-11
_390_/B2,_390_/Y,pin,pin,0,1.8606069809856685e-11
_391_/A,_391_/Y,pin,pin,0,1.0679267366253686e-11
_392_/A,_392_/Y,pin,pin,0,2.652277529546776e-11
_392_/B,_392_/Y,pin,pin,0,2.672869044151316e-11
_392_/C,_392_/Y,pin,pin,0,2.575739968535551e-11
_393_/A1,_393_/Y,pin,pin,0,2.845440896792617e-11
_393_/A2,_393_/Y,pin,pin,0,2.7483902306779662e-11
_393_/B,_393_/Y,pin,pin,0,2.795301490277069e-11
_394_/A1,_394_/Y,pin,pin,0,2.131984172537571e-11
_394_/A2,_394_/Y,pin,pin,0,1.4764571509839897e-11
_394_/B,_394_/Y,pin,pin,0,1.5521497281900665e-11
_395_/A,_395_/Y,pin,pin,0,1.985271495807961e-11
_395_/B,_395_/Y,pin,pin,0,1.9788637742323978e-11
_396_/A,_396_/Y,pin,pin,0,2.3432927473421294e-11
_396_/B,_396_/Y,pin,pin,0,2.388117134599632e-11
_396_/C,_396_/Y,pin,pin,0,2.3974391916148363e-11
_397_/A1,_397_/Y,pin,pin,0,2.3200431159553503e-11
_397_/A2,_397_/Y,pin,pin,0,1.3807518496611326e-11
_397_/B,_397_/Y,pin,pin,0,1.559754235491706e-11
_398_/A,_398_/Y,pin,pin,0,2.698518665467109e-11
_398_/B,_398_/Y,pin,pin,0,1.8672747376102805e-11
_399_/A1,_399_/Y,pin,pin,0,2.7266697580352606e-11
_399_/A2,_399_/Y,pin,pin,0,2.449978761531746e-11
_399_/B,_399_/Y,pin,pin,0,2.1001832217759642e-11
_400_/A,_400_/Y,pin,pin,0,1.3555835273737493e-11
_401_/A1,_401_/Y,pin,pin,0,2.6751505524669206e-11
_401_/A2,_401_/Y,pin,pin,0,3.139638202198647e-11
_401_/B,_401_/Y,pin,pin,0,3.78690134805737e-11
_401_/C,_401_/Y,pin,pin,0,3.546943294630012e-11
_402_/A1,_402_/Y,pin,pin,0,1.9106011911462772e-11
_402_/A2,_402_/Y,pin,pin,0,2.594228998287207e-11
_402_/B,_402_/Y,pin,pin,0,2.391259586176364e-11
_403_/A1,_403_/Y,pin,pin,0,2.3440575869226876e-11
_403_/A2,_403_/Y,pin,pin,0,2.3379197883199865e-11
_403_/B,_403_/Y,pin,pin,0,2.688912807691235e-11
_403_/C,_403_/Y,pin,pin,0,2.7438863681172876e-11
_404_/A1,_404_/Y,pin,pin,0,2.0904030242907545e-11
_404_/A2,_404_/Y,pin,pin,0,2.491898527801073e-11
_404_/B,_404_/Y,pin,pin,0,2.3663905904247606e-11
_405_/A1,_405_/Y,pin,pin,0,1.7220849746202305e-11
_405_/A2,_405_/Y,pin,pin,0,2.6936149491452177e-11
_405_/B,_405_/Y,pin,pin,0,1.999715150413639e-11
_406_/A,_406_/Y,pin,pin,0,2.3007982671852112e-11
_406_/B,_406_/Y,pin,pin,0,2.345290107952369e-11
_406_/C,_406_/Y,pin,pin,0,2.355851451418811e-11
_407_/A1,_407_/Y,pin,pin,0,2.6283022633299957e-11
_407_/A2,_407_/Y,pin,pin,0,2.678424322610784e-11
_407_/B,_407_/Y,pin,pin,0,3.1110593268213194e-11
_407_/C,_407_/Y,pin,pin,0,3.1942733180745364e-11
_408_/A,_408_/Y,pin,pin,0,2.1685018364303588e-11
_408_/B,_408_/Y,pin,pin,0,2.3923679010051657e-11
_409_/A1,_409_/Y,pin,pin,0,1.720632490653795e-11
_409_/A2,_409_/Y,pin,pin,0,1.3418489409888767e-11
_409_/B,_409_/Y,pin,pin,0,1.7457717563229558e-11
_410_/A1,_410_/Y,pin,pin,0,2.1955390630545857e-11
_410_/A2,_410_/Y,pin,pin,0,2.4225524364318574e-11
_410_/B1,_410_/Y,pin,pin,0,2.13913955993128e-11
_410_/B2,_410_/Y,pin,pin,0,2.270635936219012e-11
_410_/C,_410_/Y,pin,pin,0,2.132069520932589e-11
_411_/A1,_411_/Y,pin,pin,0,1.864525374373205e-11
_411_/A2,_411_/Y,pin,pin,0,1.9623155531056646e-11
_411_/B,_411_/Y,pin,pin,0,1.5725509436292917e-11
_412_/A,_412_/Y,pin,pin,0,1.0612839600188106e-11
_413_/A,_413_/Y,pin,pin,0,3.51427185962816e-11
_413_/B,_413_/Y,pin,pin,0,2.4338560680736698e-11
_414_/A1,_414_/Y,pin,pin,0,1.747824975029122e-11
_414_/A2,_414_/Y,pin,pin,0,1.3709155338714751e-11
_414_/B,_414_/Y,pin,pin,0,1.771386336224534e-11
_415_/A1,_415_/Y,pin,pin,0,1.8529556361501776e-11
_415_/A2,_415_/Y,pin,pin,0,2.2481660630346845e-11
_415_/B,_415_/Y,pin,pin,0,1.5323395330391065e-11
_416_/A1,_416_/Y,pin,pin,0,2.2145127745454296e-11
_416_/A2,_416_/Y,pin,pin,0,2.445926100547169e-11
_416_/B1,_416_/Y,pin,pin,0,2.327293566195543e-11
_416_/B2,_416_/Y,pin,pin,0,2.2926997106376135e-11
_416_/C,_416_/Y,pin,pin,0,2.1463693669621087e-11
_417_/A,_417_/Y,pin,pin,0,1.1188225693126164e-11
_418_/A1,_418_/Y,pin,pin,0,2.0328799407720588e-11
_418_/A2,_418_/Y,pin,pin,0,1.9954298630109335e-11
_418_/B,_418_/Y,pin,pin,0,1.8495864562151354e-11
_419_/A,_419_/Y,pin,pin,0,1.9991255179041545e-11
_419_/B,_419_/Y,pin,pin,0,2.323640585499831e-11
_420_/A1,_420_/Y,pin,pin,0,1.7498499177426297e-11
_420_/A2,_420_/Y,pin,pin,0,1.8274650889771316e-11
_420_/B,_420_/Y,pin,pin,0,1.667277774175524e-11
_421_/A1,_421_/Y,pin,pin,0,3.216437532982397e-11
_421_/A2,_421_/Y,pin,pin,0,2.9764274378507594e-11
_421_/B,_421_/Y,pin,pin,0,2.7657503023914565e-11
_422_/A,_422_/Y,pin,pin,0,1.3503054577257423e-11
_422_/B,_422_/Y,pin,pin,0,1.3071705176614934e-11
_423_/A,_423_/Y,pin,pin,0,1.138361713920455e-11
_423_/B,_423_/Y,pin,pin,0,8.678803335715468e-12
_424_/A1,_424_/Y,pin,pin,0,2.1812451150848844e-11
_424_/A2,_424_/Y,pin,pin,0,2.2016381773237725e-11
_424_/B,_424_/Y,pin,pin,0,2.500475521083345e-11
_424_/C,_424_/Y,pin,pin,0,2.7514540992812364e-11
_425_/A1,_425_/Y,pin,pin,0,2.124673527392762e-11
_425_/A2,_425_/Y,pin,pin,0,2.7902275975821844e-11
_425_/B,_425_/Y,pin,pin,0,3.263161962863137e-11
_426_/A,_426_/Y,pin,pin,0,2.6823598897607326e-11
_426_/B,_426_/Y,pin,pin,0,1.4642924026087023e-11
_427_/A,_427_/Y,pin,pin,0,7.801913629035262e-12
_428_/A,_428_/Y,pin,pin,0,1.2390843559528797e-11
_428_/B,_428_/Y,pin,pin,0,1.0197982215631729e-11
_429_/A,_429_/Y,pin,pin,0,2.4808145121513192e-11
_429_/B,_429_/Y,pin,pin,0,2.3465476090001047e-11
_429_/C,_429_/Y,pin,pin,0,2.5529758862496976e-11
_430_/A1,_430_/Y,pin,pin,0,2.149145097996019e-11
_430_/A2,_430_/Y,pin,pin,0,2.3081980771166855e-11
_430_/A3,_430_/Y,pin,pin,0,2.343541680160932e-11
_430_/B1,_430_/Y,pin,pin,0,2.1250765036562314e-11
_430_/B2,_430_/Y,pin,pin,0,2.2053010459432976e-11
_431_/A1,_431_/Y,pin,pin,0,1.85213441805665e-11
_431_/A2,_431_/Y,pin,pin,0,1.691248356638919e-11
_431_/B,_431_/Y,pin,pin,0,1.5082947044109396e-11
_432_/A,_432_/Y,pin,pin,0,8.120630903829529e-12
_433_/A,_433_/Y,pin,pin,0,2.351345680662309e-11
_433_/B,_433_/Y,pin,pin,0,2.008132202191426e-11
_433_/C,_433_/Y,pin,pin,0,2.081358002614664e-11
_434_/A,_434_/Y,pin,pin,0,2.2430323223798787e-11
_434_/B,_434_/Y,pin,pin,0,2.1038278757989914e-11
_435_/A1,_435_/Y,pin,pin,0,1.0949272738480786e-11
_435_/A2,_435_/Y,pin,pin,0,1.1277502369455572e-11
_435_/B1,_435_/Y,pin,pin,0,1.0729512764373617e-11
_435_/B2,_435_/Y,pin,pin,0,1.0039209047407738e-11
_436_/A,_436_/Y,pin,pin,0,3.221491823302003e-11
_436_/B,_436_/Y,pin,pin,0,3.4452312530630635e-11
_436_/C,_436_/Y,pin,pin,0,3.559790656693096e-11
_436_/D,_436_/Y,pin,pin,0,3.737578996299007e-11
_437_/A1,_437_/Y,pin,pin,0,1.6930212440313674e-11
_437_/A2,_437_/Y,pin,pin,0,1.3293189465857225e-11
_437_/B,_437_/Y,pin,pin,0,1.7285945244638334e-11
_438_/A1,_438_/Y,pin,pin,0,2.2086639808738262e-11
_438_/A2,_438_/Y,pin,pin,0,2.4166111819989844e-11
_438_/B1,_438_/Y,pin,pin,0,2.2654614295625208e-11
_438_/B2,_438_/Y,pin,pin,0,2.266682501417261e-11
_438_/C,_438_/Y,pin,pin,0,2.1144795983585318e-11
_439_/A1,_439_/Y,pin,pin,0,1.8955391076214134e-11
_439_/A2,_439_/Y,pin,pin,0,1.9979328955144204e-11
_439_/B,_439_/Y,pin,pin,0,1.6006149530789493e-11
_440_/A,_440_/Y,pin,pin,0,1.0848535611507337e-11
_441_/A,_441_/Y,pin,pin,0,3.401407627778852e-11
_442_/A1,_442_/Y,pin,pin,0,3.205218035429169e-11
_442_/A2,_442_/Y,pin,pin,0,2.5990182228596836e-11
_442_/B,_442_/Y,pin,pin,0,4.138340711778987e-11
_442_/C,_442_/Y,pin,pin,0,3.1285540130765455e-11
_443_/A,_443_/Y,pin,pin,0,1.8284434730175825e-11
_443_/B,_443_/Y,pin,pin,0,1.1335866273443074e-11
_444_/A1,_444_/Y,pin,pin,0,1.4566143430316814e-11
_444_/A2,_444_/Y,pin,pin,0,1.4439793978582305e-11
_444_/B,_444_/Y,pin,pin,0,1.0523853490040924e-11
_444_/C,_444_/Y,pin,pin,0,1.1178720275839549e-11
_445_/A,_445_/Y,pin,pin,0,2.1879926689893914e-11
_445_/B,_445_/Y,pin,pin,0,1.22732848190088e-11
_446_/A,_446_/Y,pin,pin,0,1.4487200501733799e-11
_446_/B,_446_/Y,pin,pin,0,1.5470269162931594e-11
_447_/A,_447_/Y,pin,pin,0,4.450042764836404e-11
_447_/B,_447_/Y,pin,pin,0,3.419138930316201e-11
_447_/C,_447_/Y,pin,pin,0,3.638483264678527e-11
_447_/D,_447_/Y,pin,pin,0,3.530374256821567e-11
_447_/E,_447_/Y,pin,pin,0,3.6188600727182774e-11
_448_/A1,_448_/Y,pin,pin,0,1.1659485009418713e-11
_448_/A2,_448_/Y,pin,pin,0,1.4292014620387317e-11
_448_/B,_448_/Y,pin,pin,0,1.0751893299298931e-11
_448_/C,_448_/Y,pin,pin,0,1.3467214322882004e-11
_449_/A,_449_/Y,pin,pin,0,3.774285398105981e-11
_449_/B,_449_/Y,pin,pin,0,2.6935838975949977e-11
_449_/C,_449_/Y,pin,pin,0,2.7288704282368847e-11
_449_/D,_449_/Y,pin,pin,0,2.7258823670495147e-11
_450_/A,_450_/Y,pin,pin,0,2.0760546060039076e-11
_450_/B,_450_/Y,pin,pin,0,9.535806172467076e-12
_451_/A1,_451_/Y,pin,pin,0,2.4161643172315728e-11
_451_/A2,_451_/Y,pin,pin,0,2.1143163608794424e-11
_451_/A3,_451_/Y,pin,pin,0,2.401374238347742e-11
_451_/B1,_451_/Y,pin,pin,0,2.297438975173982e-11
_451_/B2,_451_/Y,pin,pin,0,2.5456040053661866e-11
_452_/A,_452_/Y,pin,pin,0,4.26014709620226e-11
_452_/B,_452_/Y,pin,pin,0,4.390384930608171e-11
_452_/C,_452_/Y,pin,pin,0,4.797473182605039e-11
_452_/D,_452_/Y,pin,pin,0,4.8094656729391616e-11
_452_/E,_452_/Y,pin,pin,0,4.8376684602668973e-11
_453_/A1,_453_/Y,pin,pin,0,1.7535166027538018e-11
_453_/A2,_453_/Y,pin,pin,0,1.3768366655120268e-11
_453_/B,_453_/Y,pin,pin,0,1.784572316310129e-11
_454_/A1,_454_/Y,pin,pin,0,2.1988105780579303e-11
_454_/A2,_454_/Y,pin,pin,0,2.4213636304337705e-11
_454_/B1,_454_/Y,pin,pin,0,2.2155775478149842e-11
_454_/B2,_454_/Y,pin,pin,0,2.2708281435801503e-11
_454_/C,_454_/Y,pin,pin,0,2.141946169043063e-11
_455_/A1,_455_/Y,pin,pin,0,1.8416837499479755e-11
_455_/A2,_455_/Y,pin,pin,0,1.9612209425923233e-11
_455_/B,_455_/Y,pin,pin,0,1.5672345365924656e-11
_456_/A1,_456_/Y,pin,pin,0,1.9439609644233968e-11
_456_/A2,_456_/Y,pin,pin,0,1.903788585111421e-11
_456_/B,_456_/Y,pin,pin,0,1.628199484959847e-11
_457_/A1,_457_/Y,pin,pin,0,2.590770827037847e-11
_457_/A2,_457_/Y,pin,pin,0,1.7380262160027193e-11
_457_/B,_457_/Y,pin,pin,0,1.7807420468751722e-11
_458_/A1,_458_/Y,pin,pin,0,1.5956519092141797e-11
_458_/A2,_458_/Y,pin,pin,0,1.5252849330793516e-11
_458_/B,_458_/Y,pin,pin,0,3.079158109042801e-11
_459_/A1,_459_/Y,pin,pin,0,4.808472370276817e-11
_459_/A2,_459_/Y,pin,pin,0,2.763755023449388e-11
_459_/B1,_459_/Y,pin,pin,0,2.4072147053466608e-11
_459_/B2,_459_/Y,pin,pin,0,2.652483614695722e-11
_459_/C,_459_/Y,pin,pin,0,2.517952686631464e-11
_460_/A,_460_/Y,pin,pin,0,3.244420357373379e-11
_460_/B,_460_/Y,pin,pin,0,2.2211451428111317e-11
_461_/A,_461_/Y,pin,pin,0,1.1346097672504385e-11
_462_/A1,_462_/Y,pin,pin,0,1.7146202860307547e-11
_462_/A2,_462_/Y,pin,pin,0,1.3570038322197053e-11
_462_/B,_462_/Y,pin,pin,0,1.7589251236072023e-11
_463_/A1,_463_/Y,pin,pin,0,1.8389272743446483e-11
_463_/A2,_463_/Y,pin,pin,0,2.2592086187933624e-11
_463_/B,_463_/Y,pin,pin,0,1.5385562615599646e-11
_464_/A1,_464_/Y,pin,pin,0,1.612416103413672e-11
_464_/A2,_464_/Y,pin,pin,0,1.790482519192782e-11
_464_/B,_464_/Y,pin,pin,0,1.527423847125231e-11
_465_/A1,_465_/Y,pin,pin,0,1.78235395192905e-11
_465_/A2,_465_/Y,pin,pin,0,1.723729319003109e-11
_465_/B,_465_/Y,pin,pin,0,1.555587256230062e-11
_466_/A,_466_/Y,pin,pin,0,1.263608922358328e-11
_467_/A1,_467_/Y,pin,pin,0,1.7362932272502185e-11
_467_/A2,_467_/Y,pin,pin,0,1.3836271538225642e-11
_467_/B,_467_/Y,pin,pin,0,1.759824230784801e-11
_468_/A1,_468_/Y,pin,pin,0,2.337464249935195e-11
_468_/A2,_468_/Y,pin,pin,0,2.378575635064717e-11
_468_/B1,_468_/Y,pin,pin,0,2.4023831535213702e-11
_468_/B2,_468_/Y,pin,pin,0,2.254869034545859e-11
_468_/C,_468_/Y,pin,pin,0,2.1938031252721757e-11
_469_/A1,_469_/Y,pin,pin,0,1.8727450146194258e-11
_469_/A2,_469_/Y,pin,pin,0,1.9713142576649467e-11
_469_/B,_469_/Y,pin,pin,0,1.593248796782909e-11
_470_/A,_470_/Y,pin,pin,0,1.350699673635658e-11
_471_/A,_471_/Y,pin,pin,0,2.1472336061978403e-11
_471_/B,_471_/Y,pin,pin,0,2.197380992441378e-11
_471_/C,_471_/Y,pin,pin,0,2.1566168989517465e-11
_472_/B,_472_/Y,pin,pin,0,2.6739756242566415e-11
_472_/A,_472_/Y,pin,pin,0,2.020370502842095e-11
_473_/A1,_473_/Y,pin,pin,0,1.7207582581058034e-11
_473_/A2,_473_/Y,pin,pin,0,1.640876150232895e-11
_473_/B,_473_/Y,pin,pin,0,1.7970073346029736e-11
_474_/A,_474_/Y,pin,pin,0,1.90076305389697e-11
_474_/B,_474_/Y,pin,pin,0,1.512719810525809e-11
_475_/A1,_475_/Y,pin,pin,0,3.049931487919544e-11
_475_/A2,_475_/Y,pin,pin,0,2.3803592777427163e-11
_475_/B1,_475_/Y,pin,pin,0,1.9592459599149237e-11
_475_/B2,_475_/Y,pin,pin,0,2.282805194875337e-11
_475_/C,_475_/Y,pin,pin,0,2.1328680141485812e-11
_476_/A1,_476_/Y,pin,pin,0,1.9724171948509728e-11
_476_/A2,_476_/Y,pin,pin,0,2.0324209329403153e-11
_476_/B1,_476_/Y,pin,pin,0,1.7961578405167877e-11
_476_/B2,_476_/Y,pin,pin,0,1.8684232980237248e-11
_477_/A,_477_/Y,pin,pin,0,1.3583198801847551e-11
_478_/A,_478_/Y,pin,pin,0,2.1759691271050485e-11
_478_/B,_478_/Y,pin,pin,0,2.2180122322135176e-11
_478_/C,_478_/Y,pin,pin,0,2.1771808314530183e-11
_479_/A1,_479_/Y,pin,pin,0,1.8223568487574227e-11
_479_/A2,_479_/Y,pin,pin,0,2.239957871963405e-11
_479_/B,_479_/Y,pin,pin,0,1.8566211068549165e-11
_480_/A1,_480_/Y,pin,pin,0,1.8806059140508147e-11
_480_/A2,_480_/Y,pin,pin,0,1.789965571596941e-11
_480_/B,_480_/Y,pin,pin,0,2.1714852138643437e-11
_481_/A,_481_/Y,pin,pin,0,2.1715438475178317e-11
_481_/B,_481_/Y,pin,pin,0,2.1596596039286098e-11
_482_/A1,_482_/Y,pin,pin,0,1.732569296364339e-11
_482_/A2,_482_/Y,pin,pin,0,1.6504336092237892e-11
_482_/B,_482_/Y,pin,pin,0,1.8039566368477367e-11
_483_/A,_483_/Y,pin,pin,0,1.8919693936525483e-11
_483_/B,_483_/Y,pin,pin,0,1.502277816034514e-11
_484_/A1,_484_/Y,pin,pin,0,3.0386679283900264e-11
_484_/A2,_484_/Y,pin,pin,0,2.2790424061835957e-11
_484_/B1,_484_/Y,pin,pin,0,1.9494563949229438e-11
_484_/B2,_484_/Y,pin,pin,0,2.2704848418042545e-11
_484_/C,_484_/Y,pin,pin,0,2.1168887823219684e-11
_485_/A1,_485_/Y,pin,pin,0,2.0295038219431127e-11
_485_/A2,_485_/Y,pin,pin,0,2.0485637491907127e-11
_485_/B1,_485_/Y,pin,pin,0,1.8170874527267955e-11
_485_/B2,_485_/Y,pin,pin,0,1.8784534691618227e-11
_486_/A,_486_/Y,pin,pin,0,1.3619685240717772e-11
_487_/A,_487_/Y,pin,pin,0,2.1756155904606445e-11
_487_/B,_487_/Y,pin,pin,0,2.2194593385371775e-11
_487_/C,_487_/Y,pin,pin,0,2.1809229769353955e-11
_488_/A1,_488_/Y,pin,pin,0,1.7427699908201255e-11
_488_/A2,_488_/Y,pin,pin,0,1.9262041614509506e-11
_488_/B,_488_/Y,pin,pin,0,2.018645667289931e-11
_489_/A,_489_/Y,pin,pin,0,2.200455269385504e-11
_489_/B,_489_/Y,pin,pin,0,2.1515180262388078e-11
_490_/A1,_490_/Y,pin,pin,0,1.7038112240519432e-11
_490_/A2,_490_/Y,pin,pin,0,1.628469754877404e-11
_490_/B,_490_/Y,pin,pin,0,1.779013047986666e-11
_491_/A,_491_/Y,pin,pin,0,1.8965688394767533e-11
_491_/B,_491_/Y,pin,pin,0,1.491800606656657e-11
_492_/A1,_492_/Y,pin,pin,0,3.0597798600373594e-11
_492_/A2,_492_/Y,pin,pin,0,2.2967874130364052e-11
_492_/B1,_492_/Y,pin,pin,0,1.9584837224195795e-11
_492_/B2,_492_/Y,pin,pin,0,2.252497841026546e-11
_492_/C,_492_/Y,pin,pin,0,2.135295239236168e-11
_493_/A1,_493_/Y,pin,pin,0,1.9992351524278362e-11
_493_/A2,_493_/Y,pin,pin,0,2.3519445072062162e-11
_493_/B1,_493_/Y,pin,pin,0,1.8203657331516965e-11
_493_/B2,_493_/Y,pin,pin,0,1.889592475545765e-11
_494_/A,_494_/Y,pin,pin,0,1.3627202664900917e-11
_495_/A,_495_/Y,pin,pin,0,2.1355908361164744e-11
_495_/B,_495_/Y,pin,pin,0,2.1847117864792764e-11
_495_/C,_495_/Y,pin,pin,0,2.1460676985496363e-11
_496_/B,_496_/Y,pin,pin,0,2.29612561603032e-11
_496_/A,_496_/Y,pin,pin,0,1.987080638921057e-11
_497_/A1,_497_/Y,pin,pin,0,1.7032191629295923e-11
_497_/A2,_497_/Y,pin,pin,0,1.6323211879387678e-11
_497_/B,_497_/Y,pin,pin,0,1.782235296843293e-11
_498_/A,_498_/Y,pin,pin,0,1.9076984783539253e-11
_498_/B,_498_/Y,pin,pin,0,1.496564677738732e-11
_499_/A1,_499_/Y,pin,pin,0,3.041519813784532e-11
_499_/A2,_499_/Y,pin,pin,0,2.323989785335545e-11
_499_/B1,_499_/Y,pin,pin,0,1.94125861219252e-11
_499_/B2,_499_/Y,pin,pin,0,2.2345911579457756e-11
_499_/C,_499_/Y,pin,pin,0,2.1190941362769777e-11
_500_/A1,_500_/Y,pin,pin,0,2.0032933645275364e-11
_500_/A2,_500_/Y,pin,pin,0,2.340061651395775e-11
_500_/B1,_500_/Y,pin,pin,0,1.798866437752178e-11
_500_/B2,_500_/Y,pin,pin,0,1.8708061141903265e-11
_501_/A,_501_/Y,pin,pin,0,1.4244415542929989e-11
_502_/A,_502_/Y,pin,pin,0,2.189692177578806e-11
_502_/B,_502_/Y,pin,pin,0,2.213135404105504e-11
_502_/C,_502_/Y,pin,pin,0,2.174289047418565e-11
_503_/A,_503_/Y,pin,pin,0,1.0206949001279053e-11
_504_/B,_504_/Y,pin,pin,0,2.1473737718546992e-11
_504_/A,_504_/Y,pin,pin,0,2.1685719192587882e-11
_505_/A1,_505_/Y,pin,pin,0,1.718289920071836e-11
_505_/A2,_505_/Y,pin,pin,0,1.6261485213941995e-11
_505_/B,_505_/Y,pin,pin,0,1.7754074252418484e-11
_506_/A,_506_/Y,pin,pin,0,1.911993133263401e-11
_506_/B,_506_/Y,pin,pin,0,1.496289550595442e-11
_507_/A1,_507_/Y,pin,pin,0,3.0305275650066577e-11
_507_/A2,_507_/Y,pin,pin,0,2.2970484889195397e-11
_507_/B1,_507_/Y,pin,pin,0,1.927372497712021e-11
_507_/B2,_507_/Y,pin,pin,0,2.2253034484553957e-11
_507_/C,_507_/Y,pin,pin,0,2.1088773088928647e-11
_508_/A1,_508_/Y,pin,pin,0,1.9792415970054655e-11
_508_/A2,_508_/Y,pin,pin,0,2.3310190583325507e-11
_508_/B1,_508_/Y,pin,pin,0,1.79874136418956e-11
_508_/B2,_508_/Y,pin,pin,0,1.8577826776944306e-11
_509_/A,_509_/Y,pin,pin,0,1.117797347738314e-11
_510_/A,_510_/Y,pin,pin,0,1.273523907857621e-11
_511_/A,_511_/Y,pin,pin,0,1.8133787874075047e-11
_511_/B,_511_/Y,pin,pin,0,1.7644748509515473e-11
_512_/A1,_512_/Y,pin,pin,0,1.828979676044007e-11
_512_/A2,_512_/Y,pin,pin,0,1.7965226528637857e-11
_512_/B,_512_/Y,pin,pin,0,1.797019651139653e-11
_513_/B,_513_/Y,pin,pin,0,1.9469842404973292e-11
_513_/A,_513_/Y,pin,pin,0,2.2995704299089148e-11
_514_/A1,_514_/Y,pin,pin,0,1.7570432955804627e-11
_514_/A2,_514_/Y,pin,pin,0,1.3841519076740472e-11
_514_/B,_514_/Y,pin,pin,0,1.793547775574833e-11
_515_/A1,_515_/Y,pin,pin,0,2.238631502393673e-11
_515_/A2,_515_/Y,pin,pin,0,2.449263361570253e-11
_515_/B1,_515_/Y,pin,pin,0,2.148704131288426e-11
_515_/B2,_515_/Y,pin,pin,0,2.290827250117644e-11
_515_/C,_515_/Y,pin,pin,0,2.169925870931788e-11
_516_/A1,_516_/Y,pin,pin,0,1.905029085869092e-11
_516_/A2,_516_/Y,pin,pin,0,1.998261278668423e-11
_516_/B,_516_/Y,pin,pin,0,1.6077880346521134e-11
_517_/A,_517_/Y,pin,pin,0,1.4350919758099323e-11
_518_/A,_518_/Y,pin,pin,0,2.1835934102543142e-11
_518_/B,_518_/Y,pin,pin,0,2.1994401092073623e-11
_518_/C,_518_/Y,pin,pin,0,2.1603777794476642e-11
_519_/A,_519_/Y,pin,pin,0,9.110000080692071e-12
_520_/A,_520_/Y,pin,pin,0,2.125694585630722e-11
_520_/B,_520_/Y,pin,pin,0,2.7292577919890704e-11
_520_/C,_520_/Y,pin,pin,0,2.5827428737357216e-11
_521_/A1,_521_/Y,pin,pin,0,1.6580618822370496e-11
_521_/A2,_521_/Y,pin,pin,0,1.912185861041582e-11
_521_/B,_521_/Y,pin,pin,0,1.6455311072083312e-11
_522_/A,_522_/Y,pin,pin,0,2.2522378059774972e-11
_522_/B,_522_/Y,pin,pin,0,2.6050345908190664e-11
_522_/C,_522_/Y,pin,pin,0,2.7612901548623725e-11
_522_/D,_522_/Y,pin,pin,0,2.825121560301458e-11
_523_/A,_523_/Y,pin,pin,0,2.2022319731695994e-11
_523_/B,_523_/Y,pin,pin,0,3.0352616253725984e-11
_523_/C,_523_/Y,pin,pin,0,2.3073718283250777e-11
_524_/A,_524_/Y,pin,pin,0,1.1795189824859165e-11
_525_/A,_525_/Y,pin,pin,0,2.105515241324074e-11
_525_/B,_525_/Y,pin,pin,0,2.3699991621994876e-11
_525_/C,_525_/Y,pin,pin,0,2.5199495268246608e-11
_526_/A1,_526_/Y,pin,pin,0,2.2449254261092122e-11
_526_/A2,_526_/Y,pin,pin,0,3.234610149172035e-11
_526_/B,_526_/Y,pin,pin,0,2.558496990656689e-11
_526_/C,_526_/Y,pin,pin,0,2.6889292875642568e-11
_527_/A,_527_/Y,pin,pin,0,6.246147262606305e-12
_528_/A,_528_/Y,pin,pin,0,2.5558466801300916e-11
_528_/B,_528_/Y,pin,pin,0,2.7243013400735094e-11
_528_/C,_528_/Y,pin,pin,0,2.737568158273085e-11
_529_/A1,_529_/Y,pin,pin,0,1.7147786662841114e-11
_529_/A2,_529_/Y,pin,pin,0,1.6147713374770056e-11
_529_/B,_529_/Y,pin,pin,0,1.7639801078161987e-11
_530_/A,_530_/Y,pin,pin,0,1.948657728234604e-11
_530_/B,_530_/Y,pin,pin,0,1.5424680629982923e-11
_531_/A1,_531_/Y,pin,pin,0,3.0386627242195985e-11
_531_/A2,_531_/Y,pin,pin,0,2.3146567995624423e-11
_531_/B1,_531_/Y,pin,pin,0,1.9308799351080985e-11
_531_/B2,_531_/Y,pin,pin,0,2.2339859129250073e-11
_531_/C,_531_/Y,pin,pin,0,2.1291269095002896e-11
_532_/A1,_532_/Y,pin,pin,0,1.925002691971489e-11
_532_/A2,_532_/Y,pin,pin,0,2.3216199795950132e-11
_532_/B1,_532_/Y,pin,pin,0,1.7858728385000688e-11
_532_/B2,_532_/Y,pin,pin,0,1.852201725327518e-11
_533_/A,_533_/Y,pin,pin,0,1.1346309308768454e-11
_534_/A1,_534_/Y,pin,pin,0,2.2005619548792765e-11
_534_/A2,_534_/Y,pin,pin,0,1.76820433295255e-11
_534_/B,_534_/Y,pin,pin,0,1.904626803495013e-11
_535_/B,_535_/Y,pin,pin,0,2.030753690207554e-11
_535_/A,_535_/Y,pin,pin,0,1.9841114862195752e-11
_536_/A1,_536_/Y,pin,pin,0,1.7212026942603487e-11
_536_/A2,_536_/Y,pin,pin,0,1.3560961381609005e-11
_536_/B,_536_/Y,pin,pin,0,1.757477843811195e-11
_537_/A1,_537_/Y,pin,pin,0,2.2126014562195984e-11
_537_/A2,_537_/Y,pin,pin,0,2.4162123690718573e-11
_537_/B1,_537_/Y,pin,pin,0,2.1012696790889684e-11
_537_/B2,_537_/Y,pin,pin,0,2.266409108997447e-11
_537_/C,_537_/Y,pin,pin,0,2.1235643452022224e-11
_538_/A1,_538_/Y,pin,pin,0,1.8550888256085862e-11
_538_/A2,_538_/Y,pin,pin,0,1.9864453831841544e-11
_538_/B,_538_/Y,pin,pin,0,1.5869163622062032e-11
_539_/A,_539_/Y,pin,pin,0,2.033218385322222e-11
_540_/A1,_540_/Y,pin,pin,0,2.689226272223344e-11
_540_/A2,_540_/Y,pin,pin,0,2.7269426300380317e-11
_540_/B,_540_/Y,pin,pin,0,2.760217575337176e-11
_541_/A,_541_/Y,pin,pin,0,2.634530614498143e-11
_542_/A1,_542_/Y,pin,pin,0,2.9337594853462434e-11
_542_/A2,_542_/Y,pin,pin,0,2.7961551476995972e-11
_542_/B,_542_/Y,pin,pin,0,2.8941713609009767e-11
_543_/A,_543_/Y,pin,pin,0,2.0376977882818892e-11
_544_/A1,_544_/Y,pin,pin,0,2.5915967288847597e-11
_544_/A2,_544_/Y,pin,pin,0,2.3224637490937283e-11
_544_/B1,_544_/Y,pin,pin,0,2.6046019507841578e-11
_544_/B2,_544_/Y,pin,pin,0,2.5490328597888023e-11
_544_/C1,_544_/Y,pin,pin,0,2.5072896883693296e-11
_544_/C2,_544_/Y,pin,pin,0,2.7112418213293132e-11
_545_/A1,_545_/Y,pin,pin,0,2.5912941931105493e-11
_545_/A2,_545_/Y,pin,pin,0,2.352124398030675e-11
_545_/B1,_545_/Y,pin,pin,0,2.6038178557730163e-11
_545_/B2,_545_/Y,pin,pin,0,2.6862866098209537e-11
_545_/C1,_545_/Y,pin,pin,0,2.505511770278801e-11
_545_/C2,_545_/Y,pin,pin,0,2.639521066993833e-11
_546_/A1,_546_/Y,pin,pin,0,2.6080726120425446e-11
_546_/A2,_546_/Y,pin,pin,0,2.3352472733328966e-11
_546_/B1,_546_/Y,pin,pin,0,2.6255176852063578e-11
_546_/B2,_546_/Y,pin,pin,0,2.714705543693796e-11
_546_/C1,_546_/Y,pin,pin,0,2.5257792385380284e-11
_546_/C2,_546_/Y,pin,pin,0,2.5889226526465414e-11
_547_/A1,_547_/Y,pin,pin,0,2.6031777428103808e-11
_547_/A2,_547_/Y,pin,pin,0,2.33187913423194e-11
_547_/B1,_547_/Y,pin,pin,0,2.619857455976593e-11
_547_/B2,_547_/Y,pin,pin,0,2.7129621466004394e-11
_547_/C1,_547_/Y,pin,pin,0,2.5201580405864732e-11
_547_/C2,_547_/Y,pin,pin,0,2.5831279823473885e-11
_548_/A1,_548_/Y,pin,pin,0,2.6045176432232253e-11
_548_/A2,_548_/Y,pin,pin,0,2.348422324660593e-11
_548_/B1,_548_/Y,pin,pin,0,2.6226297175635516e-11
_548_/B2,_548_/Y,pin,pin,0,2.7094222698753612e-11
_548_/C1,_548_/Y,pin,pin,0,2.522921975500747e-11
_548_/C2,_548_/Y,pin,pin,0,2.593189378508054e-11
_549_/A1,_549_/Y,pin,pin,0,2.618606546878066e-11
_549_/A2,_549_/Y,pin,pin,0,2.347228314492078e-11
_549_/B1,_549_/Y,pin,pin,0,2.6365276281636874e-11
_549_/B2,_549_/Y,pin,pin,0,2.7101636906889937e-11
_549_/C1,_549_/Y,pin,pin,0,2.5369048875512057e-11
_549_/C2,_549_/Y,pin,pin,0,2.6007418441054142e-11
_550_/A1,_550_/Y,pin,pin,0,2.599493710564449e-11
_550_/A2,_550_/Y,pin,pin,0,2.3221183656496613e-11
_550_/B1,_550_/Y,pin,pin,0,2.6171342870640046e-11
_550_/B2,_550_/Y,pin,pin,0,2.6885643017449112e-11
_550_/C1,_550_/Y,pin,pin,0,2.517577986360653e-11
_550_/C2,_550_/Y,pin,pin,0,2.5915268195286778e-11
_551_/A1,_551_/Y,pin,pin,0,2.6031969982409642e-11
_551_/A2,_551_/Y,pin,pin,0,2.332294773976784e-11
_551_/B1,_551_/Y,pin,pin,0,2.6151917437156058e-11
_551_/B2,_551_/Y,pin,pin,0,2.7110045111577996e-11
_551_/C1,_551_/Y,pin,pin,0,2.51779482679515e-11
_551_/C2,_551_/Y,pin,pin,0,2.6383541185115433e-11
_552_/A1,_552_/Y,pin,pin,0,2.6042881393073536e-11
_552_/A2,_552_/Y,pin,pin,0,2.339158727826529e-11
_552_/B1,_552_/Y,pin,pin,0,2.6156259450016428e-11
_552_/B2,_552_/Y,pin,pin,0,2.707149608649484e-11
_552_/C1,_552_/Y,pin,pin,0,2.5188873556403202e-11
_552_/C2,_552_/Y,pin,pin,0,2.6522773560744284e-11
_553_/A1,_553_/Y,pin,pin,0,2.5906591108459942e-11
_553_/A2,_553_/Y,pin,pin,0,2.3170333707245305e-11
_553_/B1,_553_/Y,pin,pin,0,2.601805229596188e-11
_553_/B2,_553_/Y,pin,pin,0,2.7275876002264e-11
_553_/C1,_553_/Y,pin,pin,0,2.5051932750486117e-11
_553_/C2,_553_/Y,pin,pin,0,2.6427493873826258e-11
_554_/A1,_554_/Y,pin,pin,0,2.6423396456976e-11
_554_/A2,_554_/Y,pin,pin,0,2.3818110678197613e-11
_554_/B1,_554_/Y,pin,pin,0,3.179083732374188e-11
_554_/B2,_554_/Y,pin,pin,0,2.753471756156145e-11
_554_/C1,_554_/Y,pin,pin,0,2.775493029849585e-11
_554_/C2,_554_/Y,pin,pin,0,2.6961283899895605e-11
_555_/A1,_555_/Y,pin,pin,0,2.601872016450013e-11
_555_/A2,_555_/Y,pin,pin,0,2.3528843803855004e-11
_555_/B1,_555_/Y,pin,pin,0,3.1381331561108894e-11
_555_/B2,_555_/Y,pin,pin,0,2.725029403516377e-11
_555_/C1,_555_/Y,pin,pin,0,2.7403718183549586e-11
_555_/C2,_555_/Y,pin,pin,0,2.6528447841234204e-11
_556_/A1,_556_/Y,pin,pin,0,2.5870389164239782e-11
_556_/A2,_556_/Y,pin,pin,0,2.3179647437587825e-11
_556_/B1,_556_/Y,pin,pin,0,3.1235125597106617e-11
_556_/B2,_556_/Y,pin,pin,0,2.6977970205011026e-11
_556_/C1,_556_/Y,pin,pin,0,2.728059271539518e-11
_556_/C2,_556_/Y,pin,pin,0,2.6509005060515456e-11
_557_/A1,_557_/Y,pin,pin,0,2.5948979076595435e-11
_557_/A2,_557_/Y,pin,pin,0,2.3338900256852924e-11
_557_/B1,_557_/Y,pin,pin,0,3.130808459705925e-11
_557_/B2,_557_/Y,pin,pin,0,2.7116564202400717e-11
_557_/C1,_557_/Y,pin,pin,0,2.7304861496824095e-11
_557_/C2,_557_/Y,pin,pin,0,2.5855834834276337e-11
_558_/A1,_558_/Y,pin,pin,0,2.5897445646294592e-11
_558_/A2,_558_/Y,pin,pin,0,2.328214530888939e-11
_558_/B1,_558_/Y,pin,pin,0,3.1262652189223417e-11
_558_/B2,_558_/Y,pin,pin,0,2.6697491439797716e-11
_558_/C1,_558_/Y,pin,pin,0,2.7304537103534088e-11
_558_/C2,_558_/Y,pin,pin,0,2.6574071068652394e-11
_559_/A1,_559_/Y,pin,pin,0,2.5924269675403622e-11
_559_/A2,_559_/Y,pin,pin,0,2.3366543075442614e-11
_559_/B1,_559_/Y,pin,pin,0,3.1268012484764185e-11
_559_/B2,_559_/Y,pin,pin,0,2.6790821297528744e-11
_559_/C1,_559_/Y,pin,pin,0,2.7268189442541946e-11
_559_/C2,_559_/Y,pin,pin,0,2.5850703522234397e-11
_560_/A,_560_/SN,pin,pin,0,3.5108371071457256e-11
_560_/A,_560_/CON,pin,pin,0,3.1098162239784344e-11
_560_/B,_560_/SN,pin,pin,0,3.4074396082495184e-11
_560_/B,_560_/CON,pin,pin,0,3.196758482926221e-11
_560_/CI,_560_/SN,pin,pin,0,3.495339781500739e-11
_560_/CI,_560_/CON,pin,pin,0,3.190662317686943e-11
_561_/A,_561_/CON,pin,pin,0,1.629176134276822e-11
_561_/A,_561_/SN,pin,pin,0,5.682337933521353e-11
_561_/B,_561_/CON,pin,pin,0,1.3866814814467165e-11
_561_/B,_561_/SN,pin,pin,0,5.498571389872531e-11
_562_/A,_562_/CON,pin,pin,0,2.0936452224673552e-11
_562_/A,_562_/SN,pin,pin,0,9.152078400687103e-11
_562_/B,_562_/CON,pin,pin,0,1.896419306313124e-11
_562_/B,_562_/SN,pin,pin,0,8.997858014225812e-11
_563_/A,_563_/CON,pin,pin,0,2.7072479674705718e-11
_563_/A,_563_/SN,pin,pin,0,2.6259234370273887e-11
_563_/B,_563_/CON,pin,pin,0,2.782659692945888e-11
_563_/B,_563_/SN,pin,pin,0,2.7351468312453164e-11
_564_/A,_564_/CON,pin,pin,0,3.582020097203653e-11
_564_/A,_564_/SN,pin,pin,0,6.688917475461409e-11
_564_/B,_564_/CON,pin,pin,0,3.4140211491173744e-11
_564_/B,_564_/SN,pin,pin,0,6.572699329243648e-11
_565_/A,_565_/CON,pin,pin,0,2.7326434517971343e-11
_565_/A,_565_/SN,pin,pin,0,3.5534710590701124e-11
_565_/B,_565_/CON,pin,pin,0,2.8040895994063675e-11
_565_/B,_565_/SN,pin,pin,0,3.6650339013677424e-11
_566_/A,_566_/CON,pin,pin,0,2.559024693538081e-11
_566_/A,_566_/SN,pin,pin,0,3.256219946456973e-11
_566_/B,_566_/CON,pin,pin,0,2.366966518618785e-11
_566_/B,_566_/SN,pin,pin,0,3.114448976493378e-11
_567_/A,_567_/CON,pin,pin,0,2.1321973700527685e-11
_567_/A,_567_/SN,pin,pin,0,3.617690522150774e-11
_567_/B,_567_/CON,pin,pin,0,1.8627765996370726e-11
_567_/B,_567_/SN,pin,pin,0,3.3967665485912235e-11
_568_/A,_568_/CON,pin,pin,0,2.1329804242298245e-11
_568_/A,_568_/SN,pin,pin,0,2.805671840688806e-11
_568_/B,_568_/CON,pin,pin,0,1.8835280557460976e-11
_568_/B,_568_/SN,pin,pin,0,2.6064254921021046e-11
_569_/A,_569_/CON,pin,pin,0,2.86641994862169e-11
_569_/A,_569_/SN,pin,pin,0,2.7041837519226064e-11
_569_/B,_569_/CON,pin,pin,0,2.959826828075052e-11
_569_/B,_569_/SN,pin,pin,0,2.8267355470235067e-11
_570_/A,_570_/CON,pin,pin,0,2.778554469839989e-11
_570_/A,_570_/SN,pin,pin,0,2.6651472695427003e-11
_570_/B,_570_/CON,pin,pin,0,2.8951195607529456e-11
_570_/B,_570_/SN,pin,pin,0,2.8079727779073416e-11
_571_/A,_571_/CON,pin,pin,0,2.257253411963589e-11
_571_/A,_571_/SN,pin,pin,0,4.5138611598494194e-11
_571_/B,_571_/CON,pin,pin,0,2.3303086890691382e-11
_571_/B,_571_/SN,pin,pin,0,4.636277473046846e-11
_572_/A,_572_/CON,pin,pin,0,1.5489625207476543e-11
_572_/A,_572_/SN,pin,pin,0,4.3087221290871724e-11
_572_/B,_572_/CON,pin,pin,0,1.5793978971889722e-11
_572_/B,_572_/SN,pin,pin,0,4.400138239879503e-11
_573_/A,_573_/CON,pin,pin,0,1.875786505289856e-11
_573_/A,_573_/SN,pin,pin,0,2.8120988176949524e-11
_573_/B,_573_/CON,pin,pin,0,1.8664269782475706e-11
_573_/B,_573_/SN,pin,pin,0,2.852717020940254e-11
_574_/A,_574_/CON,pin,pin,0,2.328911716253934e-11
_574_/A,_574_/SN,pin,pin,0,3.3496819901168706e-11
_574_/B,_574_/CON,pin,pin,0,2.3915052230205625e-11
_574_/B,_574_/SN,pin,pin,0,3.4544620636234313e-11
_575_/A,_575_/CON,pin,pin,0,1.9879738480388376e-11
_575_/A,_575_/SN,pin,pin,0,3.656723535083728e-11
_575_/B,_575_/CON,pin,pin,0,1.668677349075942e-11
_575_/B,_575_/SN,pin,pin,0,3.3834296475632186e-11
_576_/A,_576_/CON,pin,pin,0,1.9775570070379445e-11
_576_/A,_576_/SN,pin,pin,0,3.690641889320112e-11
_576_/B,_576_/CON,pin,pin,0,1.8240502858146712e-11
_576_/B,_576_/SN,pin,pin,0,3.5950419724484206e-11
clkbuf_0_clk/A,clkbuf_0_clk/Y,pin,pin,0,1.5369851225077724e-11
clkbuf_2_0__f_clk/A,clkbuf_2_0__f_clk/Y,pin,pin,0,2.3424946010708325e-11
clkbuf_2_1__f_clk/A,clkbuf_2_1__f_clk/Y,pin,pin,0,2.277361112190679e-11
clkbuf_2_2__f_clk/A,clkbuf_2_2__f_clk/Y,pin,pin,0,2.3069633009464852e-11
clkbuf_2_3__f_clk/A,clkbuf_2_3__f_clk/Y,pin,pin,0,2.0988202495408892e-11
input1/A,input1/Y,pin,pin,0,1.0828266235052286e-11
input10/A,input10/Y,pin,pin,0,1.0602594323338987e-11
input11/A,input11/Y,pin,pin,0,1.0677846627726861e-11
input12/A,input12/Y,pin,pin,0,1.0821409740513488e-11
input13/A,input13/Y,pin,pin,0,1.0593642282841209e-11
input14/A,input14/Y,pin,pin,0,1.0551671515701688e-11
input15/A,input15/Y,pin,pin,0,1.0498340044517995e-11
input16/A,input16/Y,pin,pin,0,1.0744610062785043e-11
input17/A,input17/Y,pin,pin,0,1.05615490311739e-11
input18/A,input18/Y,pin,pin,0,1.0882579559723382e-11
input19/A,input19/Y,pin,pin,0,1.0556735173528065e-11
input2/A,input2/Y,pin,pin,0,1.1435761192168936e-11
input20/A,input20/Y,pin,pin,0,1.0575484064856422e-11
input21/A,input21/Y,pin,pin,0,1.0623443964796753e-11
input22/A,input22/Y,pin,pin,0,1.0920496278099545e-11
input23/A,input23/Y,pin,pin,0,1.094418305980227e-11
input24/A,input24/Y,pin,pin,0,1.0623570599610499e-11
input25/A,input25/Y,pin,pin,0,1.066232865887251e-11
input26/A,input26/Y,pin,pin,0,1.0778296657965036e-11
input27/A,input27/Y,pin,pin,0,1.0979731880633725e-11
input28/A,input28/Y,pin,pin,0,1.1203651721636287e-11
input29/A,input29/Y,pin,pin,0,1.0822078476413477e-11
input3/A,input3/Y,pin,pin,0,1.0766875238599205e-11
input30/A,input30/Y,pin,pin,0,1.1012860762216192e-11
input31/A,input31/Y,pin,pin,0,1.0975423694881137e-11
input32/A,input32/Y,pin,pin,0,1.1139790478953415e-11
input33/A,input33/Y,pin,pin,0,1.194602316373361e-11
input34/A,input34/Y,pin,pin,0,1.3645913392312803e-11
input35/A,input35/Y,pin,pin,0,1.1575118467888057e-11
input4/A,input4/Y,pin,pin,0,1.0788760509972128e-11
input5/A,input5/Y,pin,pin,0,1.1175594304135839e-11
input6/A,input6/Y,pin,pin,0,1.0827692041581738e-11
input7/A,input7/Y,pin,pin,0,1.0693293472918697e-11
input8/A,input8/Y,pin,pin,0,1.0609184537824223e-11
input9/A,input9/Y,pin,pin,0,1.1114428821734634e-11
output36/A,output36/Y,pin,pin,0,1.480090182359728e-11
output37/A,output37/Y,pin,pin,0,1.9260752714966856e-11
output38/A,output38/Y,pin,pin,0,1.517430799069519e-11
output39/A,output39/Y,pin,pin,0,1.4478374228688029e-11
output40/A,output40/Y,pin,pin,0,1.6396051183420468e-11
output41/A,output41/Y,pin,pin,0,1.6070055008921003e-11
output42/A,output42/Y,pin,pin,0,1.5539822900700884e-11
output43/A,output43/Y,pin,pin,0,1.5893576385539454e-11
output44/A,output44/Y,pin,pin,0,1.4792654948192485e-11
output45/A,output45/Y,pin,pin,0,1.5904196362659384e-11
output46/A,output46/Y,pin,pin,0,1.469150669175523e-11
output47/A,output47/Y,pin,pin,0,1.4410649756824156e-11
output48/A,output48/Y,pin,pin,0,1.4885030708011726e-11
output49/A,output49/Y,pin,pin,0,1.4736266026882383e-11
output50/A,output50/Y,pin,pin,0,1.4950688256853972e-11
output51/A,output51/Y,pin,pin,0,1.479251963976136e-11
output52/A,output52/Y,pin,pin,0,1.4456459467016014e-11
output53/A,output53/Y,pin,pin,0,1.5477650411321875e-11
rebuffer1/A,rebuffer1/Y,pin,pin,0,1.7065108007252583e-11
rebuffer10/A,rebuffer10/Y,pin,pin,0,2.3290798109587563e-11
rebuffer11/A,rebuffer11/Y,pin,pin,0,1.3382460938016205e-11
rebuffer12/A,rebuffer12/Y,pin,pin,0,2.139623894725773e-11
rebuffer13/A,rebuffer13/Y,pin,pin,0,2.06132350771826e-11
rebuffer14/A,rebuffer14/Y,pin,pin,0,1.4444950444114646e-11
rebuffer15/A,rebuffer15/Y,pin,pin,0,2.4560912331716978e-11
rebuffer16/A,rebuffer16/Y,pin,pin,0,1.5017456028720844e-11
rebuffer17/A,rebuffer17/Y,pin,pin,0,1.2865023282793153e-11
rebuffer18/A,rebuffer18/Y,pin,pin,0,1.8025027651025205e-11
rebuffer19/A,rebuffer19/Y,pin,pin,0,1.4485421542809185e-11
rebuffer2/A,rebuffer2/Y,pin,pin,0,1.3339581175775272e-11
rebuffer20/A,rebuffer20/Y,pin,pin,0,1.7414241923474627e-11
rebuffer21/A,rebuffer21/Y,pin,pin,0,1.4457044936189156e-11
rebuffer22/A,rebuffer22/Y,pin,pin,0,1.3245326710431549e-11
rebuffer23/A,rebuffer23/Y,pin,pin,0,2.3339869967275995e-11
rebuffer24/A,rebuffer24/Y,pin,pin,0,2.271934203268433e-11
rebuffer3/A,rebuffer3/Y,pin,pin,0,1.3689066373501202e-11
rebuffer4/A,rebuffer4/Y,pin,pin,0,1.3504836138267251e-11
rebuffer5/A,rebuffer5/Y,pin,pin,0,1.819725620189061e-11
rebuffer6/A,rebuffer6/Y,pin,pin,0,1.337336491546992e-11
rebuffer7/A,rebuffer7/Y,pin,pin,0,1.477229623347842e-11
rebuffer8/A,rebuffer8/Y,pin,pin,0,1.3190224086578883e-11
rebuffer9/A,rebuffer9/Y,pin,pin,0,2.3949031993653058e-11
split25/A,split25/Y,pin,pin,0,2.5051996935254728e-11
_342_/Y,ctrl.state.out\[0\]$_DFF_P_/D,pin,pin,1,-1
_346_/Y,ctrl.state.out\[1\]$_DFF_P_/D,pin,pin,1,-1
_337_/Y,ctrl.state.out\[2\]$_DFF_P_/D,pin,pin,1,-1
_561_/CON,_306_/B,pin,pin,1,5.815143339597947e-15
_562_/CON,_459_/C,pin,pin,1,4.744091268915271e-14
_562_/CON,_306_/A1,pin,pin,1,4.242835127828658e-14
_562_/SN,_459_/A1,pin,pin,1,2.8368017028317094e-13
_562_/SN,_458_/B,pin,pin,1,2.465950891834129e-13
_562_/SN,_450_/A,pin,pin,1,3.5086576656226387e-13
_562_/SN,_449_/A,pin,pin,1,3.8479123858591036e-13
_562_/SN,_447_/A,pin,pin,1,3.668700814061371e-13
_562_/SN,_441_/A,pin,pin,1,2.875683903242471e-13
_562_/SN,_303_/A,pin,pin,1,2.703857374542623e-13
_563_/CON,split25/A,pin,pin,1,3.683260429510407e-14
_563_/CON,rebuffer23/A,pin,pin,1,1.6814208445709022e-13
_563_/CON,_445_/A,pin,pin,1,1.6221216264742516e-13
_563_/CON,_305_/B,pin,pin,1,1.6862582836139894e-13
_563_/SN,_304_/A,pin,pin,1,2.6837662951348373e-15
_564_/CON,_457_/A1,pin,pin,1,2.3757913496756655e-13
_564_/CON,_426_/A,pin,pin,1,2.3643595219689784e-13
_564_/CON,_421_/B,pin,pin,1,2.241706576226396e-13
_564_/CON,_325_/A1,pin,pin,1,1.8915625359453014e-13
_564_/CON,_305_/A1,pin,pin,1,2.4988266122093206e-13
_564_/SN,_425_/B,pin,pin,1,6.482775470953439e-14
_564_/SN,_421_/A1,pin,pin,1,5.38278595958383e-14
_564_/SN,_413_/A,pin,pin,1,8.673395796065034e-14
_564_/SN,_325_/A2,pin,pin,1,6.336515920258787e-14
_565_/CON,_324_/C,pin,pin,1,1.8647691897577534e-13
_565_/CON,_442_/B,pin,pin,1,1.6538915961587797e-13
_565_/CON,_425_/A2,pin,pin,1,7.120244335540732e-14
_565_/CON,_421_/A2,pin,pin,1,9.163358955085674e-14
_565_/CON,_364_/B,pin,pin,1,1.9970013327447883e-13
_565_/SN,rebuffer13/A,pin,pin,1,2.5337648916923944e-14
_565_/SN,rebuffer12/A,pin,pin,1,1.9045935618564047e-14
_566_/CON,_442_/A1,pin,pin,1,9.883522629873867e-14
_566_/CON,_404_/B,pin,pin,1,6.604565933867809e-14
_566_/CON,_322_/A1,pin,pin,1,8.1770941200935e-14
_566_/CON,_321_/C,pin,pin,1,7.825076036357265e-14
_566_/SN,_314_/A,pin,pin,1,5.358692530915655e-15
_567_/CON,_404_/A2,pin,pin,1,9.431102003954611e-14
_567_/CON,_320_/B,pin,pin,1,7.421197852205616e-14
_568_/CON,_405_/B,pin,pin,1,1.0288247169346412e-13
_568_/CON,_320_/A1,pin,pin,1,1.342105815588593e-13
_568_/SN,rebuffer1/A,pin,pin,1,6.6654009412824445e-15
_569_/CON,_526_/A2,pin,pin,1,1.3076581375885687e-13
_569_/CON,_524_/A,pin,pin,1,1.0111530346747569e-13
_569_/CON,_520_/C,pin,pin,1,1.2321162156953697e-13
_569_/CON,_405_/A2,pin,pin,1,1.458035488134321e-13
_569_/CON,_319_/B,pin,pin,1,1.3574774984648208e-13
_570_/CON,_523_/B,pin,pin,1,1.0168513302427976e-13
_570_/CON,_520_/B,pin,pin,1,7.558781752641311e-14
_570_/CON,_402_/B,pin,pin,1,1.7233157717684577e-13
_570_/CON,_397_/A1,pin,pin,1,1.894630014941806e-13
_570_/CON,_319_/A1,pin,pin,1,1.6703266103156728e-13
_570_/SN,rebuffer20/A,pin,pin,1,9.824628429051276e-15
_571_/CON,_402_/A2,pin,pin,1,1.297449018881902e-13
_571_/CON,_394_/A1,pin,pin,1,1.3075152939523438e-13
_571_/CON,_312_/B,pin,pin,1,4.598171886652236e-14
_572_/CON,_311_/B,pin,pin,1,2.6615108432589095e-14
_572_/SN,rebuffer10/A,pin,pin,1,1.4286821712109453e-14
_572_/SN,rebuffer9/A,pin,pin,1,1.851305363891921e-14
_572_/SN,_398_/A,pin,pin,1,2.3525823419890367e-14
_573_/CON,_488_/B,pin,pin,1,2.154017659768484e-14
_573_/CON,_311_/A2,pin,pin,1,2.856253374008272e-14
_573_/SN,rebuffer5/A,pin,pin,1,1.8890738853836325e-14
_574_/CON,_480_/B,pin,pin,1,3.6738126240167326e-14
_574_/CON,_401_/B,pin,pin,1,7.769652298926163e-14
_574_/CON,_399_/A1,pin,pin,1,7.034998262102701e-14
_574_/CON,_309_/B,pin,pin,1,5.732153846634697e-14
_574_/SN,rebuffer24/A,pin,pin,1,8.590163458755806e-15
_574_/SN,_399_/A2,pin,pin,1,1.914721026586956e-14
_575_/CON,_479_/B,pin,pin,1,1.6431209284894013e-14
_575_/CON,_401_/C,pin,pin,1,2.17193630295447e-14
_560_/CON,_472_/B,pin,pin,1,1.0416462207759117e-13
_560_/CON,_308_/A,pin,pin,1,1.3301900271371625e-13
ctrl.state.out\[0\]$_DFF_P_/QN,_297_/A,pin,pin,1,-1
_560_/SN,_466_/A,pin,pin,1,9.357194991174884e-15
dpath.b_reg.out\[0\]$_DFFE_PP_/QN,_330_/D,pin,pin,1,-1
dpath.b_reg.out\[0\]$_DFFE_PP_/QN,_301_/A,pin,pin,1,-1
dpath.a_reg.out\[9\]$_DFFE_PP_/QN,_347_/A,pin,pin,1,-1
dpath.a_reg.out\[8\]$_DFFE_PP_/QN,_348_/A,pin,pin,1,-1
dpath.a_reg.out\[7\]$_DFFE_PP_/QN,_349_/A,pin,pin,1,-1
dpath.a_reg.out\[6\]$_DFFE_PP_/QN,_350_/A,pin,pin,1,-1
dpath.a_reg.out\[5\]$_DFFE_PP_/QN,_351_/A,pin,pin,1,-1
dpath.a_reg.out\[4\]$_DFFE_PP_/QN,_352_/A,pin,pin,1,-1
dpath.a_reg.out\[3\]$_DFFE_PP_/QN,_353_/A,pin,pin,1,-1
dpath.a_reg.out\[2\]$_DFFE_PP_/QN,_354_/A,pin,pin,1,-1
dpath.a_reg.out\[15\]$_DFFE_PP_/QN,_356_/A,pin,pin,1,-1
dpath.a_reg.out\[14\]$_DFFE_PP_/QN,_357_/A,pin,pin,1,-1
dpath.a_reg.out\[13\]$_DFFE_PP_/QN,_358_/A,pin,pin,1,-1
dpath.a_reg.out\[12\]$_DFFE_PP_/QN,_359_/A,pin,pin,1,-1
dpath.a_reg.out\[11\]$_DFFE_PP_/QN,_360_/A,pin,pin,1,-1
dpath.a_reg.out\[10\]$_DFFE_PP_/QN,_361_/A,pin,pin,1,-1
ctrl.state.out\[2\]$_DFF_P_/QN,_370_/B,pin,pin,1,-1
ctrl.state.out\[2\]$_DFF_P_/QN,_344_/B,pin,pin,1,-1
ctrl.state.out\[2\]$_DFF_P_/QN,_338_/A,pin,pin,1,-1
ctrl.state.out\[2\]$_DFF_P_/QN,_334_/A,pin,pin,1,-1
ctrl.state.out\[1\]$_DFF_P_/QN,_345_/B,pin,pin,1,-1
ctrl.state.out\[1\]$_DFF_P_/QN,_340_/A,pin,pin,1,-1
_561_/SN,_460_/A,pin,pin,1,1.1437306993416357e-13
_561_/SN,_306_/A2,pin,pin,1,3.368152314670546e-14
_561_/SN,_303_/B,pin,pin,1,1.1244143501487266e-13
_567_/SN,_315_/A,pin,pin,1,4.376401127479052e-15
_569_/SN,rebuffer18/A,pin,pin,1,1.1743682367976616e-14
_571_/SN,rebuffer15/A,pin,pin,1,4.685488786239714e-14
_571_/SN,_312_/A1,pin,pin,1,3.7707826498842995e-14
_571_/SN,_310_/C,pin,pin,1,5.3107085379701727e-14
_575_/SN,_479_/A2,pin,pin,1,1.2955257966938433e-14
_575_/SN,_401_/A2,pin,pin,1,1.8721376310098722e-14
_378_/Y,dpath.a_reg.out\[0\]$_DFFE_PP_/D,pin,pin,1,-1
_390_/Y,dpath.a_reg.out\[10\]$_DFFE_PP_/D,pin,pin,1,-1
_411_/Y,dpath.a_reg.out\[11\]$_DFFE_PP_/D,pin,pin,1,-1
_416_/Y,dpath.a_reg.out\[12\]$_DFFE_PP_/D,pin,pin,1,-1
_439_/Y,dpath.a_reg.out\[13\]$_DFFE_PP_/D,pin,pin,1,-1
_455_/Y,dpath.a_reg.out\[14\]$_DFFE_PP_/D,pin,pin,1,-1
_465_/Y,dpath.a_reg.out\[15\]$_DFFE_PP_/D,pin,pin,1,-1
_469_/Y,dpath.a_reg.out\[1\]$_DFFE_PP_/D,pin,pin,1,-1
_476_/Y,dpath.a_reg.out\[2\]$_DFFE_PP_/D,pin,pin,1,-1
_485_/Y,dpath.a_reg.out\[3\]$_DFFE_PP_/D,pin,pin,1,-1
_493_/Y,dpath.a_reg.out\[4\]$_DFFE_PP_/D,pin,pin,1,-1
_500_/Y,dpath.a_reg.out\[5\]$_DFFE_PP_/D,pin,pin,1,-1
_508_/Y,dpath.a_reg.out\[6\]$_DFFE_PP_/D,pin,pin,1,-1
_516_/Y,dpath.a_reg.out\[7\]$_DFFE_PP_/D,pin,pin,1,-1
_532_/Y,dpath.a_reg.out\[8\]$_DFFE_PP_/D,pin,pin,1,-1
_538_/Y,dpath.a_reg.out\[9\]$_DFFE_PP_/D,pin,pin,1,-1
_544_/Y,dpath.b_reg.out\[0\]$_DFFE_PP_/D,pin,pin,1,-1
_545_/Y,dpath.b_reg.out\[10\]$_DFFE_PP_/D,pin,pin,1,-1
_546_/Y,dpath.b_reg.out\[11\]$_DFFE_PP_/D,pin,pin,1,-1
_547_/Y,dpath.b_reg.out\[12\]$_DFFE_PP_/D,pin,pin,1,-1
_548_/Y,dpath.b_reg.out\[13\]$_DFFE_PP_/D,pin,pin,1,-1
_549_/Y,dpath.b_reg.out\[14\]$_DFFE_PP_/D,pin,pin,1,-1
_550_/Y,dpath.b_reg.out\[15\]$_DFFE_PP_/D,pin,pin,1,-1
_551_/Y,dpath.b_reg.out\[1\]$_DFFE_PP_/D,pin,pin,1,-1
_552_/Y,dpath.b_reg.out\[2\]$_DFFE_PP_/D,pin,pin,1,-1
_553_/Y,dpath.b_reg.out\[3\]$_DFFE_PP_/D,pin,pin,1,-1
_554_/Y,dpath.b_reg.out\[4\]$_DFFE_PP_/D,pin,pin,1,-1
_555_/Y,dpath.b_reg.out\[5\]$_DFFE_PP_/D,pin,pin,1,-1
_556_/Y,dpath.b_reg.out\[6\]$_DFFE_PP_/D,pin,pin,1,-1
_557_/Y,dpath.b_reg.out\[7\]$_DFFE_PP_/D,pin,pin,1,-1
_558_/Y,dpath.b_reg.out\[8\]$_DFFE_PP_/D,pin,pin,1,-1
_559_/Y,dpath.b_reg.out\[9\]$_DFFE_PP_/D,pin,pin,1,-1
_297_/Y,_539_/A,pin,pin,1,2.7742248060423635e-13
_297_/Y,_531_/B2,pin,pin,1,2.3439234494299077e-12
_297_/Y,_507_/B2,pin,pin,1,2.3261731083024095e-12
_297_/Y,_499_/B2,pin,pin,1,2.276653475116741e-12
_297_/Y,_492_/B2,pin,pin,1,2.265488144304051e-12
_297_/Y,_374_/A,pin,pin,1,2.087915777770899e-12
_297_/Y,_366_/A,pin,pin,1,1.0487164522204884e-12
_297_/Y,_344_/A,pin,pin,1,3.5257010527235677e-13
_297_/Y,_339_/A,pin,pin,1,2.1365053823330094e-12
_297_/Y,_298_/A,pin,pin,1,8.268003794630052e-13
_298_/Y,_375_/A,pin,pin,1,5.214256049233378e-15
_298_/Y,_370_/A,pin,pin,1,1.3530999813714337e-14
_298_/Y,_299_/A,pin,pin,1,2.272936680991662e-14
_302_/Y,_337_/A1,pin,pin,1,9.704540332954297e-15
_303_/Y,_326_/B,pin,pin,1,1.080423863439664e-13
_303_/Y,_307_/A1,pin,pin,1,1.0450859199307577e-13
_304_/Y,_457_/B,pin,pin,1,2.238853633734772e-13
_304_/Y,_456_/A1,pin,pin,1,1.9671006631308968e-13
_304_/Y,_435_/A1,pin,pin,1,5.805086771525081e-13
_304_/Y,_434_/A,pin,pin,1,5.607497972903719e-13
_304_/Y,_430_/A1,pin,pin,1,5.917916981110216e-13
_304_/Y,_429_/A,pin,pin,1,5.515685564533301e-13
_304_/Y,_423_/A,pin,pin,1,5.83319579704894e-13
_304_/Y,_325_/B,pin,pin,1,2.553581803475813e-13
_304_/Y,_305_/A2,pin,pin,1,2.5724466502265175e-13
_305_/Y,_442_/C,pin,pin,1,1.1640688243788177e-14
_305_/Y,_307_/A2,pin,pin,1,1.0242644270718956e-14
_306_/Y,_392_/B,pin,pin,1,3.611763123821665e-13
_306_/Y,_327_/B,pin,pin,1,3.5334091880688534e-13
_306_/Y,_307_/B,pin,pin,1,2.89267172498206e-13
_307_/Y,_371_/A1,pin,pin,1,2.647543913703726e-13
_307_/Y,_367_/B,pin,pin,1,2.0037499491674243e-13
_307_/Y,_328_/A1,pin,pin,1,2.8334965125088873e-13
_308_/Y,_309_/A2,pin,pin,1,2.2884300994430694e-14
_309_/Y,_488_/A2,pin,pin,1,7.93386488234446e-14
_309_/Y,_381_/A1,pin,pin,1,1.5687600415752179e-13
_309_/Y,_313_/A1,pin,pin,1,1.6055604382895355e-13
_310_/Y,_381_/A2,pin,pin,1,3.438957831610606e-14
_310_/Y,_313_/A2,pin,pin,1,4.1429672328419445e-14
_311_/Y,_431_/B,pin,pin,1,2.43663054143306e-13
_311_/Y,_418_/B,pin,pin,1,2.645795637700593e-13
_311_/Y,_403_/B,pin,pin,1,2.756652870382348e-13
_311_/Y,_312_/A2,pin,pin,1,1.6115806063775329e-13
_312_/Y,_381_/B,pin,pin,1,1.8450788246966547e-14
_312_/Y,_313_/B,pin,pin,1,1.1515952477909614e-14
_313_/Y,_521_/A2,pin,pin,1,4.503577618795128e-14
_313_/Y,_504_/B,pin,pin,1,5.029518671656984e-14
_313_/Y,_364_/A1,pin,pin,1,2.4065531468650536e-13
_313_/Y,_324_/A1,pin,pin,1,2.520156121548628e-13
_314_/Y,_446_/B,pin,pin,1,1.1982697277999887e-13
_314_/Y,_428_/A,pin,pin,1,3.3339807694113266e-13
_314_/Y,_406_/A,pin,pin,1,2.851964270213919e-13
_314_/Y,_404_/A1,pin,pin,1,8.153538472643537e-14
_314_/Y,_396_/A,pin,pin,1,2.423250944523503e-13
_314_/Y,_386_/A,pin,pin,1,3.8418340774296067e-13
_314_/Y,_322_/A2,pin,pin,1,9.67278286547607e-14
_314_/Y,_317_/B,pin,pin,1,5.338083626385895e-14
_315_/Y,_535_/A,pin,pin,1,6.440923911842783e-14
_315_/Y,_428_/B,pin,pin,1,3.694286630079313e-13
_315_/Y,_406_/B,pin,pin,1,4.353281244599133e-13
_315_/Y,_396_/B,pin,pin,1,4.586971536109374e-13
_315_/Y,_382_/A,pin,pin,1,3.6413149513865595e-13
_315_/Y,_320_/A2,pin,pin,1,3.334396560944475e-13
_315_/Y,_318_/B,pin,pin,1,4.5173625040292875e-13
_315_/Y,_317_/C,pin,pin,1,3.780747145475799e-13
_316_/Y,_419_/B,pin,pin,1,3.5105253393900165e-14
_316_/Y,_382_/B,pin,pin,1,1.5694195075466322e-13
_316_/Y,_317_/D,pin,pin,1,1.680249906224618e-13
_317_/Y,_364_/A2,pin,pin,1,4.816411619578201e-14
_317_/Y,_324_/A2,pin,pin,1,4.023005005840928e-14
_318_/Y,_384_/A1,pin,pin,1,7.302894454528502e-14
_318_/Y,_321_/A1,pin,pin,1,8.040891899801367e-14
_319_/Y,_384_/A2,pin,pin,1,9.72538428912692e-14
_319_/Y,_321_/A2,pin,pin,1,1.088405556545595e-13
_320_/Y,_384_/B,pin,pin,1,4.939342527652754e-14
_320_/Y,_321_/B,pin,pin,1,5.3123090914273044e-14
_321_/Y,_323_/A,pin,pin,1,2.6223264214925678e-14
_322_/Y,_323_/B,pin,pin,1,2.1546118957326303e-15
_323_/Y,_324_/B,pin,pin,1,4.80772783780295e-14
_323_/Y,_367_/A,pin,pin,1,8.522428097436363e-14
_324_/Y,_413_/B,pin,pin,1,4.47720501081314e-13
_324_/Y,_371_/A2,pin,pin,1,3.521693570443518e-13
_324_/Y,_328_/A2,pin,pin,1,3.91357898778949e-13
_325_/Y,_451_/A3,pin,pin,1,2.9918867947356653e-13
_325_/Y,_448_/A2,pin,pin,1,2.89967512891523e-13
_325_/Y,_445_/B,pin,pin,1,2.8625498781249814e-13
_325_/Y,_326_/A2,pin,pin,1,9.983741535313922e-14
_326_/Y,_392_/A,pin,pin,1,6.085780615344358e-14
_326_/Y,_327_/A,pin,pin,1,5.061981039953915e-14
_327_/Y,_529_/A2,pin,pin,1,2.036518089582051e-12
_327_/Y,_505_/A2,pin,pin,1,2.0322513203524517e-12
_327_/Y,_497_/A2,pin,pin,1,1.9826855001542354e-12
_327_/Y,_490_/A2,pin,pin,1,1.9130834069680525e-12
_327_/Y,_482_/A2,pin,pin,1,1.6941469928311026e-12
_327_/Y,_473_/A2,pin,pin,1,1.4309800089665203e-12
_327_/Y,_387_/A2,pin,pin,1,1.0395612322355863e-13
_327_/Y,_373_/A2,pin,pin,1,8.323293226517037e-13
_327_/Y,_370_/C,pin,pin,1,5.553706366318023e-13
_327_/Y,_328_/B,pin,pin,1,3.794096926825613e-13
_328_/Y,_542_/A2,pin,pin,1,3.296158918725256e-14
_328_/Y,_343_/B,pin,pin,1,8.242460669072652e-14
_328_/Y,_335_/A1,pin,pin,1,7.440529176941033e-14
_329_/Y,_330_/E,pin,pin,1,1.0089876118857602e-13
_330_/Y,_333_/A,pin,pin,1,8.927138406755394e-14
_331_/Y,_332_/E,pin,pin,1,5.30163342697329e-14
_332_/Y,_333_/B,pin,pin,1,2.4899629883987084e-13
_333_/Y,_343_/C,pin,pin,1,2.6094073055744557e-14
_333_/Y,_335_/A2,pin,pin,1,2.2865686598381833e-14
_334_/Y,_542_/A1,pin,pin,1,3.3954576075714143e-14
_334_/Y,_366_/B,pin,pin,1,5.372823496871404e-14
_334_/Y,_335_/B,pin,pin,1,1.7947459246851413e-14
_335_/Y,_337_/A2,pin,pin,1,4.8937176061686696e-14
_336_/Y,_337_/B,pin,pin,1,1.8631838151310365e-14
_338_/Y,_529_/B,pin,pin,1,1.659687036241475e-12
_338_/Y,_505_/B,pin,pin,1,1.646243471403741e-12
_338_/Y,_497_/B,pin,pin,1,1.5975803579343362e-12
_338_/Y,_490_/B,pin,pin,1,1.5179794270528402e-12
_338_/Y,_482_/B,pin,pin,1,1.3253195199278145e-12
_338_/Y,_473_/B,pin,pin,1,1.0635264370562059e-12
_338_/Y,_387_/B,pin,pin,1,4.4367038255083147e-13
_338_/Y,_373_/B,pin,pin,1,4.860463160422102e-13
_338_/Y,_343_/A,pin,pin,1,1.8837591263341086e-13
_338_/Y,_339_/B,pin,pin,1,7.493740328788634e-13
_339_/Y,_532_/A2,pin,pin,1,2.835407689888436e-13
_339_/Y,_508_/A2,pin,pin,1,2.4024570310574034e-13
_339_/Y,_500_/A2,pin,pin,1,2.404418894888516e-13
_339_/Y,_493_/A2,pin,pin,1,2.7738540088993735e-13
_339_/Y,_463_/A2,pin,pin,1,1.648983250293612e-12
_339_/Y,_415_/A2,pin,pin,1,1.750201004090124e-12
_339_/Y,_363_/A,pin,pin,1,1.85232254881762e-12
_339_/Y,_340_/B,pin,pin,1,1.8296640244552798e-12
_341_/Y,_342_/A1,pin,pin,1,7.704082292633082e-15
_343_/Y,_346_/A1,pin,pin,1,1.3346240074468135e-13
_344_/Y,_536_/B,pin,pin,1,1.8602305026232946e-12
_344_/Y,_514_/B,pin,pin,1,1.8749962520103747e-12
_344_/Y,_467_/B,pin,pin,1,1.16585276046903e-13
_344_/Y,_462_/B,pin,pin,1,1.1702382769415709e-12
_344_/Y,_453_/B,pin,pin,1,1.514101019041425e-12
_344_/Y,_437_/B,pin,pin,1,1.7961979559971697e-12
_344_/Y,_414_/B,pin,pin,1,7.851129685612634e-13
_344_/Y,_409_/B,pin,pin,1,1.0338694960906891e-12
_344_/Y,_345_/A2,pin,pin,1,6.209497434468692e-13
_345_/Y,_346_/A2,pin,pin,1,3.397506749677412e-14
_362_/Y,_544_/B2,pin,pin,1,9.787995948148422e-15
_362_/Y,_378_/A1,pin,pin,1,1.6852296468028438e-14
_363_/Y,_538_/A2,pin,pin,1,1.3465450542787805e-12
_363_/Y,_516_/A2,pin,pin,1,1.4296383087780695e-12
_363_/Y,_485_/A2,pin,pin,1,1.1752309195256494e-12
_363_/Y,_476_/A2,pin,pin,1,1.105366015732856e-12
_363_/Y,_469_/A2,pin,pin,1,9.750786332876626e-13
_363_/Y,_455_/A2,pin,pin,1,9.971107056347406e-13
_363_/Y,_439_/A2,pin,pin,1,1.2504335674540235e-12
_363_/Y,_411_/A2,pin,pin,1,6.009638858599231e-13
_363_/Y,_390_/A2,pin,pin,1,1.0827355722067833e-12
_363_/Y,_378_/A2,pin,pin,1,8.613632810489102e-13
_364_/Y,_365_/A,pin,pin,1,7.965327582357042e-15
_365_/Y,_540_/A1,pin,pin,1,1.6737453708160627e-13
_365_/Y,_518_/B,pin,pin,1,6.220156768127483e-13
_365_/Y,_502_/B,pin,pin,1,6.845849299767781e-13
_365_/Y,_495_/B,pin,pin,1,7.652000777805257e-13
_365_/Y,_487_/B,pin,pin,1,7.790809555645317e-13
_365_/Y,_478_/B,pin,pin,1,6.981176704431991e-13
_365_/Y,_471_/B,pin,pin,1,6.447972039115568e-13
_365_/Y,_393_/A1,pin,pin,1,2.055206590849401e-13
_365_/Y,_380_/B,pin,pin,1,1.8650288561780637e-13
_365_/Y,_369_/B,pin,pin,1,4.62384470989452e-13
_366_/Y,_392_/C,pin,pin,1,1.2903334847271745e-14
_366_/Y,_367_/C,pin,pin,1,1.8483454919610356e-14
_367_/Y,_368_/A,pin,pin,1,5.367185730277774e-15
_368_/Y,_540_/A2,pin,pin,1,3.2800056616079376e-13
_368_/Y,_518_/C,pin,pin,1,9.972174995487304e-13
_368_/Y,_502_/C,pin,pin,1,1.0775652288866344e-12
_368_/Y,_495_/C,pin,pin,1,1.182735333282725e-12
_368_/Y,_487_/C,pin,pin,1,1.2003510165004005e-12
_368_/Y,_478_/C,pin,pin,1,7.173983629371605e-13
_368_/Y,_471_/C,pin,pin,1,6.742369791819247e-13
_368_/Y,_393_/A2,pin,pin,1,2.0492067515521378e-13
_368_/Y,_380_/C,pin,pin,1,3.968123572783977e-13
_368_/Y,_369_/C,pin,pin,1,5.261535564876629e-13
_369_/Y,_378_/B1,pin,pin,1,7.122143552815065e-15
_370_/Y,_371_/B,pin,pin,1,3.126011006038959e-14
_371_/Y,_531_/A1,pin,pin,1,1.5901935801129752e-12
_371_/Y,_507_/A1,pin,pin,1,1.5995216219241715e-12
_371_/Y,_499_/A1,pin,pin,1,1.5676953008317285e-12
_371_/Y,_492_/A1,pin,pin,1,1.502660084036489e-12
_371_/Y,_484_/A1,pin,pin,1,1.2391741278927615e-12
_371_/Y,_475_/A1,pin,pin,1,9.274065890241268e-13
_371_/Y,_372_/A,pin,pin,1,1.5178797888731888e-13
_372_/Y,_537_/B2,pin,pin,1,1.2750690260576736e-12
_372_/Y,_515_/B2,pin,pin,1,4.742917213487741e-13
_372_/Y,_468_/A2,pin,pin,1,2.252417545013652e-13
_372_/Y,_465_/A1,pin,pin,1,1.0225350297390912e-12
_372_/Y,_454_/B2,pin,pin,1,1.1588722603067536e-12
_372_/Y,_438_/B2,pin,pin,1,1.2380257409516648e-12
_372_/Y,_416_/B2,pin,pin,1,7.763287083496773e-13
_372_/Y,_410_/B2,pin,pin,1,9.218437645175381e-13
_372_/Y,_389_/A1,pin,pin,1,3.7201500018534117e-13
_372_/Y,_377_/A2,pin,pin,1,1.0807850382883732e-13
_373_/Y,_377_/B1,pin,pin,1,3.7482885041238354e-14
_374_/Y,_559_/A1,pin,pin,1,6.592387226389551e-13
_374_/Y,_558_/A1,pin,pin,1,2.984251029885393e-13
_374_/Y,_557_/A1,pin,pin,1,4.271411783302037e-13
_374_/Y,_556_/A1,pin,pin,1,2.9973422290170693e-13
_374_/Y,_555_/A1,pin,pin,1,2.216869401808555e-13
_374_/Y,_554_/A1,pin,pin,1,2.954924987422919e-13
_374_/Y,_484_/B2,pin,pin,1,3.6280483825534837e-13
_374_/Y,_475_/B2,pin,pin,1,4.808827489856393e-13
_374_/Y,_389_/B2,pin,pin,1,7.148511383531231e-13
_374_/Y,_377_/B2,pin,pin,1,5.543138105641721e-13
_375_/Y,_542_/B,pin,pin,1,6.548297873994885e-14
_375_/Y,_530_/A,pin,pin,1,1.7382278342387147e-12
_375_/Y,_506_/A,pin,pin,1,1.7386773444594272e-12
_375_/Y,_498_/A,pin,pin,1,1.6776318832387171e-12
_375_/Y,_491_/A,pin,pin,1,1.5170650109405659e-12
_375_/Y,_483_/A,pin,pin,1,1.0921726847565316e-12
_375_/Y,_474_/A,pin,pin,1,8.193119576879737e-13
_375_/Y,_462_/A1,pin,pin,1,2.6280185167794345e-13
_375_/Y,_388_/A,pin,pin,1,1.7307455382059578e-12
_375_/Y,_376_/A,pin,pin,1,4.1130667665159604e-13
_376_/Y,_377_/C,pin,pin,1,1.419400299471638e-14
_377_/Y,_378_/B2,pin,pin,1,5.351001471754586e-15
_379_/Y,_545_/C2,pin,pin,1,4.1914212443698584e-14
_379_/Y,_387_/A1,pin,pin,1,6.095244006244262e-15
_379_/Y,_380_/A,pin,pin,1,2.9603913314886834e-14
_380_/Y,_390_/B1,pin,pin,1,9.05309491651754e-15
_381_/Y,_522_/D,pin,pin,1,1.7430042055944367e-13
_381_/Y,_447_/C,pin,pin,1,5.876610504641777e-13
_381_/Y,_444_/A1,pin,pin,1,5.813887240559146e-13
_381_/Y,_385_/A1,pin,pin,1,5.154890186584438e-13
_382_/Y,_383_/A,pin,pin,1,2.6251666500196535e-15
_383_/Y,_447_/D,pin,pin,1,6.292968940000906e-14
_383_/Y,_444_/A2,pin,pin,1,5.826019327343987e-14
_383_/Y,_385_/A2,pin,pin,1,1.3909136497192338e-14
_384_/Y,_449_/C,pin,pin,1,8.290475917533888e-14
_384_/Y,_444_/C,pin,pin,1,1.2369710019732166e-13
_384_/Y,_385_/B,pin,pin,1,8.65023520478167e-14
_385_/Y,_386_/B,pin,pin,1,1.1976630828031652e-14
_387_/Y,_389_/B1,pin,pin,1,1.085835760227579e-14
_388_/Y,_389_/C,pin,pin,1,2.170490621001414e-13
_389_/Y,_390_/B2,pin,pin,1,2.5952415265645748e-14
_391_/Y,_546_/C2,pin,pin,1,1.9390413753817004e-14
_391_/Y,_410_/A1,pin,pin,1,2.921055121418194e-14
_392_/Y,_540_/B,pin,pin,1,6.761737979428528e-14
_392_/Y,_393_/B,pin,pin,1,4.316908159066046e-14
_393_/Y,_537_/A2,pin,pin,1,1.3799730672406363e-12
_393_/Y,_515_/A2,pin,pin,1,1.412199675775161e-12
_393_/Y,_468_/B1,pin,pin,1,1.320530598931946e-13
_393_/Y,_464_/A2,pin,pin,1,9.4011961843804e-13
_393_/Y,_454_/A2,pin,pin,1,1.189166820569909e-12
_393_/Y,_438_/A2,pin,pin,1,1.3009968536509264e-12
_393_/Y,_416_/A2,pin,pin,1,7.038461068316348e-13
_393_/Y,_410_/A2,pin,pin,1,7.873046290428343e-13
_394_/Y,_397_/A2,pin,pin,1,8.306438761644663e-15
_395_/Y,_420_/A1,pin,pin,1,3.6363114261231747e-14
_395_/Y,_396_/C,pin,pin,1,2.6516078422593806e-14
_396_/Y,_397_/B,pin,pin,1,1.108731314901747e-14
_397_/Y,_407_/A1,pin,pin,1,7.164213138206345e-15
_398_/Y,_399_/B,pin,pin,1,2.8266470314028923e-14
_399_/Y,_431_/A1,pin,pin,1,8.394442774358954e-14
_399_/Y,_418_/A1,pin,pin,1,1.0143109090273925e-13
_399_/Y,_403_/A1,pin,pin,1,1.1139904238866363e-13
_401_/Y,_431_/A2,pin,pin,1,1.2228579422939728e-13
_401_/Y,_418_/A2,pin,pin,1,1.3259922673758417e-13
_401_/Y,_403_/A2,pin,pin,1,1.2883800742848756e-13
_402_/Y,_512_/B,pin,pin,1,6.537571726377214e-14
_402_/Y,_420_/A2,pin,pin,1,8.937074442039866e-14
_402_/Y,_403_/C,pin,pin,1,2.7429737287413235e-14
_403_/Y,_407_/A2,pin,pin,1,1.6183543627380434e-14
_404_/Y,_422_/A,pin,pin,1,3.0318632939516435e-14
_404_/Y,_407_/B,pin,pin,1,4.390873786525723e-14
_405_/Y,_420_/B,pin,pin,1,9.136001654361844e-15
_405_/Y,_406_/C,pin,pin,1,9.748419180720912e-15
_406_/Y,_407_/C,pin,pin,1,2.105053734406323e-14
_407_/Y,_459_/B2,pin,pin,1,5.911790154633501e-13
_407_/Y,_408_/B,pin,pin,1,5.669300207240824e-13
_409_/Y,_410_/C,pin,pin,1,2.2059553484018654e-14
_410_/Y,_411_/B,pin,pin,1,1.0671789278280611e-14
_412_/Y,_547_/C2,pin,pin,1,1.338689494543091e-14
_412_/Y,_416_/A1,pin,pin,1,2.1223940234959236e-14
_414_/Y,_415_/B,pin,pin,1,2.1444365312889117e-14
_415_/Y,_416_/C,pin,pin,1,9.026506552303228e-15
_417_/Y,_548_/C2,pin,pin,1,4.673833274072316e-14
_417_/Y,_438_/A1,pin,pin,1,3.976941321290166e-14
_418_/Y,_512_/A1,pin,pin,1,8.682490219413114e-14
_418_/Y,_424_/A1,pin,pin,1,9.502302238248092e-14
_419_/Y,_432_/A,pin,pin,1,2.7855921914824236e-14
_419_/Y,_424_/A2,pin,pin,1,2.2578674566402397e-14
_420_/Y,_427_/A,pin,pin,1,2.6008646394882172e-14
_420_/Y,_424_/B,pin,pin,1,1.743979852024402e-14
_421_/Y,_456_/A2,pin,pin,1,5.289578115254788e-14
_421_/Y,_422_/B,pin,pin,1,2.881740527628518e-13
_422_/Y,_435_/B1,pin,pin,1,1.7351521424107536e-13
_422_/Y,_430_/A3,pin,pin,1,1.8467977255971768e-13
_422_/Y,_423_/B,pin,pin,1,1.53580476786562e-13
_423_/Y,_424_/C,pin,pin,1,1.548703859924859e-14
_424_/Y,_436_/A,pin,pin,1,1.7416977758579096e-14
_425_/Y,_457_/A2,pin,pin,1,4.5306142328451274e-14
_425_/Y,_426_/B,pin,pin,1,6.690654974494947e-14
_426_/Y,_435_/A2,pin,pin,1,4.917711745634767e-13
_426_/Y,_430_/A2,pin,pin,1,4.957365355891252e-13
_426_/Y,_429_/C,pin,pin,1,4.630831850795103e-13
_427_/Y,_534_/B,pin,pin,1,5.1974121214508687e-14
_427_/Y,_430_/B1,pin,pin,1,6.134964769272805e-14
_428_/Y,_434_/B,pin,pin,1,9.671844014157334e-15
_428_/Y,_429_/B,pin,pin,1,2.2021049060302368e-14
_429_/Y,_433_/C,pin,pin,1,3.13150181241624e-14
_429_/Y,_430_/B2,pin,pin,1,1.7252395868795796e-14
_430_/Y,_436_/B,pin,pin,1,6.5525490476538596e-15
_431_/Y,_534_/A1,pin,pin,1,1.1483763701254646e-13
_431_/Y,_496_/B,pin,pin,1,1.2169459572539988e-14
_431_/Y,_433_/A,pin,pin,1,1.1753578253899388e-13
_432_/Y,_534_/A2,pin,pin,1,1.0159378390905017e-14
_432_/Y,_433_/B,pin,pin,1,1.336583093009859e-14
_433_/Y,_436_/C,pin,pin,1,6.145849142645023e-15
_434_/Y,_435_/B2,pin,pin,1,1.7749887117838453e-14
_435_/Y,_436_/D,pin,pin,1,9.955387446217764e-15
_437_/Y,_438_/C,pin,pin,1,8.458131351069594e-15
_438_/Y,_439_/B,pin,pin,1,5.313998837453782e-15
_440_/Y,_549_/C2,pin,pin,1,1.580262782880249e-14
_440_/Y,_454_/A1,pin,pin,1,1.0114933725129636e-14
_441_/Y,_451_/A1,pin,pin,1,1.2733982467929509e-14
_441_/Y,_448_/C,pin,pin,1,3.5516084702109235e-14
_441_/Y,_443_/A,pin,pin,1,5.3713567746199384e-14
_442_/Y,_451_/B1,pin,pin,1,1.9592514459779165e-13
_442_/Y,_448_/B,pin,pin,1,1.566806309260399e-13
_442_/Y,_443_/B,pin,pin,1,1.8281295260155067e-13
_443_/Y,_444_/B,pin,pin,1,1.7616616647983356e-14
_444_/Y,_452_/A,pin,pin,1,9.415750378818574e-15
_445_/Y,_449_/B,pin,pin,1,2.08987981678262e-14
_445_/Y,_447_/B,pin,pin,1,1.1344803541686252e-14
_446_/Y,_450_/B,pin,pin,1,1.0223739850588956e-13
_446_/Y,_449_/D,pin,pin,1,4.2239927105103964e-14
_446_/Y,_447_/E,pin,pin,1,8.373495988386534e-14
_447_/Y,_452_/B,pin,pin,1,3.692675708938907e-15
_448_/Y,_452_/C,pin,pin,1,6.300622814415591e-15
_449_/Y,_452_/D,pin,pin,1,1.6640365436493623e-14
_450_/Y,_451_/B2,pin,pin,1,5.1330078018997985e-15
_451_/Y,_452_/E,pin,pin,1,1.0247262294347387e-14
_453_/Y,_454_/C,pin,pin,1,4.127120262838353e-14
_454_/Y,_455_/B,pin,pin,1,1.2601273580918441e-14
_456_/Y,_459_/A2,pin,pin,1,2.6825557156466215e-14
_457_/Y,_458_/A2,pin,pin,1,2.1592313169654237e-14
_458_/Y,_459_/B1,pin,pin,1,1.57111567408285e-14
_459_/Y,_460_/B,pin,pin,1,1.855473782431949e-14
_461_/Y,_550_/C2,pin,pin,1,1.1786566799063154e-14
_461_/Y,_464_/A1,pin,pin,1,1.6319367054538556e-14
_462_/Y,_463_/B,pin,pin,1,1.2263520887266684e-14
_463_/Y,_464_/B,pin,pin,1,7.370223409439852e-15
_464_/Y,_465_/B,pin,pin,1,7.751052810657175e-15
_467_/Y,_468_/C,pin,pin,1,2.912332376127369e-14
_468_/Y,_469_/B,pin,pin,1,2.1569836303365897e-14
_470_/Y,_552_/C2,pin,pin,1,2.2114246401422864e-14
_470_/Y,_473_/A1,pin,pin,1,2.0888937010254266e-14
_470_/Y,_471_/A,pin,pin,1,3.7438100715251124e-14
_471_/Y,_476_/B1,pin,pin,1,7.37936458900662e-15
_473_/Y,_475_/B1,pin,pin,1,2.0558667005658553e-14
_474_/Y,_475_/C,pin,pin,1,3.1297254149192585e-14
_475_/Y,_476_/B2,pin,pin,1,1.5446606328544353e-14
_477_/Y,_553_/C2,pin,pin,1,1.0512920964539721e-13
_477_/Y,_482_/A1,pin,pin,1,6.115774390819811e-14
_477_/Y,_478_/A,pin,pin,1,1.0004723557856948e-13
_478_/Y,_485_/B1,pin,pin,1,1.660802063636977e-14
_479_/Y,_480_/A2,pin,pin,1,4.3448517759959657e-14
_480_/Y,_481_/B,pin,pin,1,5.650000121080502e-14
_482_/Y,_484_/B1,pin,pin,1,2.389434712644998e-14
_483_/Y,_484_/C,pin,pin,1,2.0518300803524202e-14
_484_/Y,_485_/B2,pin,pin,1,1.5862623172456514e-14
_486_/Y,_554_/C2,pin,pin,1,2.1912752509864117e-14
_486_/Y,_490_/A1,pin,pin,1,2.689546956186669e-14
_486_/Y,_487_/A,pin,pin,1,2.398399201138969e-14
_487_/Y,_493_/B1,pin,pin,1,1.774482863707745e-14
_488_/Y,_489_/B,pin,pin,1,3.629540244742824e-14
_490_/Y,_492_/B1,pin,pin,1,1.2795632913962466e-14
_491_/Y,_492_/C,pin,pin,1,1.7217613307849745e-14
_492_/Y,_493_/B2,pin,pin,1,1.9128516248723658e-14
_494_/Y,_555_/C2,pin,pin,1,6.397013046230762e-14
_494_/Y,_497_/A1,pin,pin,1,3.863165484122716e-14
_494_/Y,_495_/A,pin,pin,1,7.079087343446824e-14
_495_/Y,_500_/B1,pin,pin,1,6.912264458594974e-15
_497_/Y,_499_/B1,pin,pin,1,1.7277662861612392e-14
_498_/Y,_499_/C,pin,pin,1,2.5179187687217504e-14
_499_/Y,_500_/B2,pin,pin,1,1.4806528941292696e-14
_501_/Y,_556_/C2,pin,pin,1,2.3824383899072668e-14
_501_/Y,_505_/A1,pin,pin,1,5.281155219627291e-14
_501_/Y,_502_/A,pin,pin,1,4.380527109668422e-14
_502_/Y,_508_/B1,pin,pin,1,1.3013782014363075e-14
_503_/Y,_522_/B,pin,pin,1,8.306085548905658e-15
_503_/Y,_504_/A,pin,pin,1,1.7277483290627574e-14
_505_/Y,_507_/B1,pin,pin,1,1.2925034984347453e-14
_506_/Y,_507_/C,pin,pin,1,2.684894881833759e-14
_507_/Y,_508_/B2,pin,pin,1,1.1226424758076833e-14
_509_/Y,_557_/C2,pin,pin,1,1.6668327688148382e-14
_509_/Y,_515_/A1,pin,pin,1,3.297614121328639e-14
_510_/Y,_525_/C,pin,pin,1,4.64430909366282e-14
_510_/Y,_522_/C,pin,pin,1,5.6780301353710413e-14
_510_/Y,_513_/A,pin,pin,1,4.4921125196342726e-14
_511_/Y,_512_/A2,pin,pin,1,1.1713869349332107e-14
_512_/Y,_513_/B,pin,pin,1,5.0294570076584236e-14
_514_/Y,_515_/C,pin,pin,1,5.362219999624496e-14
_515_/Y,_516_/B,pin,pin,1,2.458719466631558e-14
_517_/Y,_558_/C2,pin,pin,1,1.7905387120361292e-14
_517_/Y,_529_/A1,pin,pin,1,1.0489196588126665e-13
_517_/Y,_518_/A,pin,pin,1,9.115241385044409e-14
_518_/Y,_532_/B1,pin,pin,1,1.1512831161498982e-14
_519_/Y,_526_/A1,pin,pin,1,2.715985226162728e-14
_519_/Y,_523_/A,pin,pin,1,1.6741306352817918e-14
_519_/Y,_520_/A,pin,pin,1,1.9908306638427228e-14
_520_/Y,_521_/B,pin,pin,1,1.8568822288166434e-14
_521_/Y,_528_/A,pin,pin,1,2.8996126517650406e-14
_522_/Y,_528_/B,pin,pin,1,2.0691244602562796e-14
_523_/Y,_526_/B,pin,pin,1,9.587224575693682e-15
_524_/Y,_525_/B,pin,pin,1,5.7358394563947895e-15
_525_/Y,_526_/C,pin,pin,1,1.1655011570926247e-14
_526_/Y,_527_/A,pin,pin,1,1.194112998314633e-14
_527_/Y,_528_/C,pin,pin,1,1.0383012029639097e-14
_529_/Y,_531_/B1,pin,pin,1,6.572589847185896e-15
_530_/Y,_531_/C,pin,pin,1,5.430070388018175e-14
_531_/Y,_532_/B2,pin,pin,1,1.711276079337503e-14
_533_/Y,_559_/C2,pin,pin,1,2.9229927939883327e-14
_533_/Y,_537_/A1,pin,pin,1,3.60445146765833e-14
_534_/Y,_535_/B,pin,pin,1,5.891431954915469e-14
_536_/Y,_537_/C,pin,pin,1,1.7659075021497425e-14
_537_/Y,_538_/B,pin,pin,1,5.290532213166575e-15
_539_/Y,_553_/A1,pin,pin,1,6.6963074625212e-13
_539_/Y,_552_/A1,pin,pin,1,6.378029072766356e-13
_539_/Y,_551_/A1,pin,pin,1,5.395043678295408e-13
_539_/Y,_550_/A1,pin,pin,1,6.719049687291256e-13
_539_/Y,_549_/A1,pin,pin,1,7.633734139603221e-13
_539_/Y,_548_/A1,pin,pin,1,8.424854780822444e-13
_539_/Y,_547_/A1,pin,pin,1,3.5361088514783423e-13
_539_/Y,_546_/A1,pin,pin,1,4.708746413617515e-13
_539_/Y,_545_/A1,pin,pin,1,4.1394697999214136e-13
_539_/Y,_544_/A1,pin,pin,1,2.8239051179899943e-13
_540_/Y,_559_/B1,pin,pin,1,5.078001279017197e-13
_540_/Y,_558_/B1,pin,pin,1,9.729761484347788e-13
_540_/Y,_557_/B1,pin,pin,1,7.971280428266392e-13
_540_/Y,_556_/B1,pin,pin,1,9.732023130079592e-13
_540_/Y,_555_/B1,pin,pin,1,4.5069734077619883e-13
_540_/Y,_554_/B1,pin,pin,1,4.4854107949555966e-13
_540_/Y,_541_/A,pin,pin,1,2.6094591439908277e-13
_541_/Y,_553_/B1,pin,pin,1,2.438117253662081e-13
_541_/Y,_552_/B1,pin,pin,1,2.1333729596263729e-13
_541_/Y,_551_/B1,pin,pin,1,3.154574854374176e-13
_541_/Y,_550_/B1,pin,pin,1,1.401605502666936e-12
_541_/Y,_549_/B1,pin,pin,1,1.4849024787544352e-12
_541_/Y,_548_/B1,pin,pin,1,1.5564859514108353e-12
_541_/Y,_547_/B1,pin,pin,1,1.1360615139593966e-12
_541_/Y,_546_/B1,pin,pin,1,1.2737183269911911e-12
_541_/Y,_545_/B1,pin,pin,1,3.159561642266523e-13
_541_/Y,_544_/B1,pin,pin,1,3.543305243398215e-13
_542_/Y,_559_/C1,pin,pin,1,6.562841632987149e-13
_542_/Y,_558_/C1,pin,pin,1,1.2610783728037034e-12
_542_/Y,_557_/C1,pin,pin,1,7.443563452246005e-13
_542_/Y,_556_/C1,pin,pin,1,1.2601912785861757e-12
_542_/Y,_555_/C1,pin,pin,1,1.1696156196339125e-12
_542_/Y,_554_/C1,pin,pin,1,1.1335228545725218e-12
_542_/Y,_543_/A,pin,pin,1,8.225956808077806e-13
_543_/Y,_553_/C1,pin,pin,1,8.991200253945231e-13
_543_/Y,_552_/C1,pin,pin,1,8.707525260727433e-13
_543_/Y,_551_/C1,pin,pin,1,7.700775780938862e-13
_543_/Y,_550_/C1,pin,pin,1,1.3625015829119014e-12
_543_/Y,_549_/C1,pin,pin,1,1.443717649769749e-12
_543_/Y,_548_/C1,pin,pin,1,1.5174572752865712e-12
_543_/Y,_547_/C1,pin,pin,1,1.0461434236247458e-12
_543_/Y,_546_/C1,pin,pin,1,1.1969401164657612e-12
_543_/Y,_545_/C1,pin,pin,1,5.487483839723695e-13
_543_/Y,_544_/C1,pin,pin,1,8.064596625050047e-13
_400_/Y,_560_/A,pin,pin,1,8.690179245695109e-14
_400_/Y,_479_/A1,pin,pin,1,1.7191419999802032e-13
_400_/Y,_401_/A1,pin,pin,1,1.831091566350737e-13
dpath.a_reg.out\[1\]$_DFFE_PP_/QN,_560_/CI,pin,pin,1,-1
dpath.a_reg.out\[1\]$_DFFE_PP_/QN,_355_/A,pin,pin,1,-1
dpath.b_reg.out\[15\]$_DFFE_PP_/QN,_561_/A,pin,pin,1,-1
dpath.b_reg.out\[15\]$_DFFE_PP_/QN,_461_/A,pin,pin,1,-1
dpath.b_reg.out\[15\]$_DFFE_PP_/QN,_329_/B,pin,pin,1,-1
dpath.b_reg.out\[14\]$_DFFE_PP_/QN,_562_/A,pin,pin,1,-1
dpath.b_reg.out\[14\]$_DFFE_PP_/QN,_440_/A,pin,pin,1,-1
dpath.b_reg.out\[14\]$_DFFE_PP_/QN,_329_/C,pin,pin,1,-1
dpath.b_reg.out\[13\]$_DFFE_PP_/QN,_563_/B,pin,pin,1,-1
dpath.b_reg.out\[13\]$_DFFE_PP_/QN,_417_/A,pin,pin,1,-1
dpath.b_reg.out\[13\]$_DFFE_PP_/QN,_329_/D,pin,pin,1,-1
dpath.b_reg.out\[12\]$_DFFE_PP_/QN,_564_/A,pin,pin,1,-1
dpath.b_reg.out\[12\]$_DFFE_PP_/QN,_412_/A,pin,pin,1,-1
dpath.b_reg.out\[12\]$_DFFE_PP_/QN,_330_/A,pin,pin,1,-1
dpath.b_reg.out\[11\]$_DFFE_PP_/QN,_565_/B,pin,pin,1,-1
dpath.b_reg.out\[11\]$_DFFE_PP_/QN,_391_/A,pin,pin,1,-1
dpath.b_reg.out\[11\]$_DFFE_PP_/QN,_330_/B,pin,pin,1,-1
dpath.b_reg.out\[10\]$_DFFE_PP_/QN,_566_/A,pin,pin,1,-1
dpath.b_reg.out\[10\]$_DFFE_PP_/QN,_379_/A,pin,pin,1,-1
dpath.b_reg.out\[10\]$_DFFE_PP_/QN,_330_/C,pin,pin,1,-1
dpath.b_reg.out\[9\]$_DFFE_PP_/QN,_567_/A,pin,pin,1,-1
dpath.b_reg.out\[9\]$_DFFE_PP_/QN,_533_/A,pin,pin,1,-1
dpath.b_reg.out\[9\]$_DFFE_PP_/QN,_329_/A,pin,pin,1,-1
dpath.b_reg.out\[8\]$_DFFE_PP_/QN,_568_/A,pin,pin,1,-1
dpath.b_reg.out\[8\]$_DFFE_PP_/QN,_517_/A,pin,pin,1,-1
dpath.b_reg.out\[8\]$_DFFE_PP_/QN,_331_/A,pin,pin,1,-1
dpath.b_reg.out\[7\]$_DFFE_PP_/QN,_569_/B,pin,pin,1,-1
dpath.b_reg.out\[7\]$_DFFE_PP_/QN,_509_/A,pin,pin,1,-1
dpath.b_reg.out\[7\]$_DFFE_PP_/QN,_331_/B,pin,pin,1,-1
dpath.b_reg.out\[6\]$_DFFE_PP_/QN,_570_/B,pin,pin,1,-1
dpath.b_reg.out\[6\]$_DFFE_PP_/QN,_501_/A,pin,pin,1,-1
dpath.b_reg.out\[6\]$_DFFE_PP_/QN,_331_/C,pin,pin,1,-1
dpath.b_reg.out\[5\]$_DFFE_PP_/QN,_571_/B,pin,pin,1,-1
dpath.b_reg.out\[5\]$_DFFE_PP_/QN,_494_/A,pin,pin,1,-1
dpath.b_reg.out\[5\]$_DFFE_PP_/QN,_332_/A,pin,pin,1,-1
dpath.b_reg.out\[4\]$_DFFE_PP_/QN,_572_/B,pin,pin,1,-1
dpath.b_reg.out\[4\]$_DFFE_PP_/QN,_486_/A,pin,pin,1,-1
dpath.b_reg.out\[4\]$_DFFE_PP_/QN,_332_/B,pin,pin,1,-1
dpath.b_reg.out\[3\]$_DFFE_PP_/QN,_573_/B,pin,pin,1,-1
dpath.b_reg.out\[3\]$_DFFE_PP_/QN,_477_/A,pin,pin,1,-1
dpath.b_reg.out\[3\]$_DFFE_PP_/QN,_332_/C,pin,pin,1,-1
dpath.b_reg.out\[2\]$_DFFE_PP_/QN,_574_/B,pin,pin,1,-1
dpath.b_reg.out\[2\]$_DFFE_PP_/QN,_470_/A,pin,pin,1,-1
dpath.b_reg.out\[2\]$_DFFE_PP_/QN,_332_/D,pin,pin,1,-1
dpath.b_reg.out\[1\]$_DFFE_PP_/QN,_575_/A,pin,pin,1,-1
dpath.b_reg.out\[1\]$_DFFE_PP_/QN,_331_/D,pin,pin,1,-1
dpath.b_reg.out\[1\]$_DFFE_PP_/QN,_300_/A,pin,pin,1,-1
_576_/CON,_400_/A,pin,pin,1,6.45276475481904e-14
dpath.a_reg.out\[0\]$_DFFE_PP_/QN,_576_/B,pin,pin,1,-1
dpath.a_reg.out\[0\]$_DFFE_PP_/QN,_362_/A,pin,pin,1,-1
clkbuf_0_clk/Y,clkbuf_2_3__f_clk/A,pin,pin,1,1.7873910359601786e-13
clkbuf_0_clk/Y,clkbuf_2_2__f_clk/A,pin,pin,1,2.1493752415911727e-13
clkbuf_0_clk/Y,clkbuf_2_1__f_clk/A,pin,pin,1,1.708500555657258e-13
clkbuf_0_clk/Y,clkbuf_2_0__f_clk/A,pin,pin,1,1.6751568665193672e-13
clkbuf_2_0__f_clk/Y,ctrl.state.out\[0\]$_DFF_P_/CLK,pin,pin,1,-1
clkbuf_2_0__f_clk/Y,ctrl.state.out\[1\]$_DFF_P_/CLK,pin,pin,1,-1
clkbuf_2_0__f_clk/Y,ctrl.state.out\[2\]$_DFF_P_/CLK,pin,pin,1,-1
clkbuf_2_0__f_clk/Y,dpath.a_reg.out\[0\]$_DFFE_PP_/CLK,pin,pin,1,-1
clkbuf_2_0__f_clk/Y,dpath.a_reg.out\[12\]$_DFFE_PP_/CLK,pin,pin,1,-1
clkbuf_2_0__f_clk/Y,dpath.a_reg.out\[1\]$_DFFE_PP_/CLK,pin,pin,1,-1
clkbuf_2_0__f_clk/Y,dpath.b_reg.out\[0\]$_DFFE_PP_/CLK,pin,pin,1,-1
clkbuf_2_0__f_clk/Y,dpath.b_reg.out\[10\]$_DFFE_PP_/CLK,pin,pin,1,-1
clkbuf_2_0__f_clk/Y,dpath.b_reg.out\[11\]$_DFFE_PP_/CLK,pin,pin,1,-1
clkbuf_2_0__f_clk/Y,dpath.b_reg.out\[12\]$_DFFE_PP_/CLK,pin,pin,1,-1
clkbuf_2_1__f_clk/Y,dpath.a_reg.out\[11\]$_DFFE_PP_/CLK,pin,pin,1,-1
clkbuf_2_1__f_clk/Y,dpath.a_reg.out\[13\]$_DFFE_PP_/CLK,pin,pin,1,-1
clkbuf_2_1__f_clk/Y,dpath.a_reg.out\[14\]$_DFFE_PP_/CLK,pin,pin,1,-1
clkbuf_2_1__f_clk/Y,dpath.a_reg.out\[15\]$_DFFE_PP_/CLK,pin,pin,1,-1
clkbuf_2_1__f_clk/Y,dpath.a_reg.out\[9\]$_DFFE_PP_/CLK,pin,pin,1,-1
clkbuf_2_1__f_clk/Y,dpath.b_reg.out\[13\]$_DFFE_PP_/CLK,pin,pin,1,-1
clkbuf_2_1__f_clk/Y,dpath.b_reg.out\[14\]$_DFFE_PP_/CLK,pin,pin,1,-1
clkbuf_2_1__f_clk/Y,dpath.b_reg.out\[15\]$_DFFE_PP_/CLK,pin,pin,1,-1
clkbuf_2_1__f_clk/Y,dpath.b_reg.out\[9\]$_DFFE_PP_/CLK,pin,pin,1,-1
clkbuf_2_2__f_clk/Y,dpath.a_reg.out\[10\]$_DFFE_PP_/CLK,pin,pin,1,-1
clkbuf_2_2__f_clk/Y,dpath.a_reg.out\[2\]$_DFFE_PP_/CLK,pin,pin,1,-1
clkbuf_2_2__f_clk/Y,dpath.a_reg.out\[3\]$_DFFE_PP_/CLK,pin,pin,1,-1
clkbuf_2_2__f_clk/Y,dpath.a_reg.out\[4\]$_DFFE_PP_/CLK,pin,pin,1,-1
clkbuf_2_2__f_clk/Y,dpath.a_reg.out\[5\]$_DFFE_PP_/CLK,pin,pin,1,-1
clkbuf_2_2__f_clk/Y,dpath.b_reg.out\[1\]$_DFFE_PP_/CLK,pin,pin,1,-1
clkbuf_2_2__f_clk/Y,dpath.b_reg.out\[2\]$_DFFE_PP_/CLK,pin,pin,1,-1
clkbuf_2_2__f_clk/Y,dpath.b_reg.out\[3\]$_DFFE_PP_/CLK,pin,pin,1,-1
clkbuf_2_2__f_clk/Y,dpath.b_reg.out\[4\]$_DFFE_PP_/CLK,pin,pin,1,-1
clkbuf_2_3__f_clk/Y,dpath.a_reg.out\[6\]$_DFFE_PP_/CLK,pin,pin,1,-1
clkbuf_2_3__f_clk/Y,dpath.a_reg.out\[7\]$_DFFE_PP_/CLK,pin,pin,1,-1
clkbuf_2_3__f_clk/Y,dpath.a_reg.out\[8\]$_DFFE_PP_/CLK,pin,pin,1,-1
clkbuf_2_3__f_clk/Y,dpath.b_reg.out\[5\]$_DFFE_PP_/CLK,pin,pin,1,-1
clkbuf_2_3__f_clk/Y,dpath.b_reg.out\[6\]$_DFFE_PP_/CLK,pin,pin,1,-1
clkbuf_2_3__f_clk/Y,dpath.b_reg.out\[7\]$_DFFE_PP_/CLK,pin,pin,1,-1
clkbuf_2_3__f_clk/Y,dpath.b_reg.out\[8\]$_DFFE_PP_/CLK,pin,pin,1,-1
_361_/Y,_566_/B,pin,pin,1,1.2349436794359403e-13
_361_/Y,_545_/B2,pin,pin,1,1.1949302495834618e-13
_361_/Y,_390_/A1,pin,pin,1,7.995899542522292e-14
_360_/Y,_565_/A,pin,pin,1,1.368576747155098e-13
_360_/Y,_546_/B2,pin,pin,1,8.517717916623271e-14
_360_/Y,_411_/A1,pin,pin,1,6.255313243297769e-14
_359_/Y,_564_/B,pin,pin,1,1.3958864446272923e-13
_359_/Y,_547_/B2,pin,pin,1,8.436465772938134e-14
_359_/Y,_415_/A1,pin,pin,1,7.149057685900892e-14
_358_/Y,_563_/A,pin,pin,1,1.22225851401786e-13
_358_/Y,_548_/B2,pin,pin,1,9.371600988728607e-14
_358_/Y,_439_/A1,pin,pin,1,5.025040239058261e-14
_357_/Y,_562_/B,pin,pin,1,1.7305566159774022e-13
_357_/Y,_549_/B2,pin,pin,1,1.374400810175147e-13
_357_/Y,_455_/A1,pin,pin,1,8.693673087195944e-14
_356_/Y,_561_/B,pin,pin,1,8.346100232366899e-14
_356_/Y,_550_/B2,pin,pin,1,5.004275395762911e-14
_356_/Y,_463_/A1,pin,pin,1,4.7523623762386197e-14
_355_/Y,_575_/B,pin,pin,1,7.042672380604825e-14
_355_/Y,_551_/B2,pin,pin,1,8.654311127323858e-14
_355_/Y,_469_/A1,pin,pin,1,7.284353919752642e-14
_354_/Y,_574_/A,pin,pin,1,6.611709470931773e-14
_354_/Y,_552_/B2,pin,pin,1,4.525926413701843e-14
_354_/Y,_476_/A1,pin,pin,1,2.634895373990285e-14
_353_/Y,_573_/A,pin,pin,1,1.355135350721709e-13
_353_/Y,_553_/B2,pin,pin,1,1.7743788480618222e-14
_353_/Y,_485_/A1,pin,pin,1,1.384125781789822e-14
_352_/Y,_572_/A,pin,pin,1,9.213261392953392e-14
_352_/Y,_554_/B2,pin,pin,1,5.575619447476671e-14
_352_/Y,_493_/A1,pin,pin,1,1.3477497824633967e-14
_351_/Y,_571_/A,pin,pin,1,1.313044996082563e-13
_351_/Y,_555_/B2,pin,pin,1,4.775608009629888e-14
_351_/Y,_500_/A1,pin,pin,1,1.1336238344523616e-14
_350_/Y,_570_/A,pin,pin,1,1.424690308218443e-13
_350_/Y,_556_/B2,pin,pin,1,1.1059366990988709e-14
_350_/Y,_508_/A1,pin,pin,1,7.228137359482911e-14
_349_/Y,_569_/A,pin,pin,1,9.379362521030887e-14
_349_/Y,_557_/B2,pin,pin,1,5.466537866902904e-14
_349_/Y,_516_/A1,pin,pin,1,1.6581281500290847e-14
_348_/Y,_568_/B,pin,pin,1,7.07753693434017e-14
_348_/Y,_558_/B2,pin,pin,1,2.7289162005421017e-14
_348_/Y,_532_/A1,pin,pin,1,4.5922433336478136e-14
_347_/Y,_567_/B,pin,pin,1,9.967000098518031e-14
_347_/Y,_559_/B2,pin,pin,1,8.621135896098517e-14
_347_/Y,_538_/A1,pin,pin,1,4.9810111276468033e-14
_301_/Y,_576_/A,pin,pin,1,7.994904787029036e-14
_301_/Y,_544_/C2,pin,pin,1,6.191663121882934e-14
_301_/Y,_373_/A1,pin,pin,1,6.896601210037642e-14
_301_/Y,_369_/A,pin,pin,1,8.138142124167885e-14
_300_/Y,_560_/B,pin,pin,1,4.721823111545134e-14
_300_/Y,_551_/C2,pin,pin,1,1.569285405290423e-14
_300_/Y,_468_/B2,pin,pin,1,1.3832466462938668e-14
input1/Y,_544_/A2,pin,pin,1,5.1006016765905646e-14
input10/Y,_474_/B,pin,pin,1,1.7297784976307365e-14
input11/Y,_483_/B,pin,pin,1,2.6338999408706716e-14
input12/Y,_551_/A2,pin,pin,1,4.256668531110036e-14
input13/Y,_491_/B,pin,pin,1,2.6759634276247307e-14
input14/Y,_498_/B,pin,pin,1,1.4902248746530115e-14
input15/Y,_506_/B,pin,pin,1,9.832530399416211e-15
input16/Y,_514_/A2,pin,pin,1,2.3366667623167178e-14
input17/Y,_530_/B,pin,pin,1,2.008701364963894e-14
input18/Y,_536_/A2,pin,pin,1,5.401615502001293e-14
input19/Y,_388_/B,pin,pin,1,2.051872431999783e-14
input2/Y,_545_/A2,pin,pin,1,1.0457571766007978e-13
input20/Y,_409_/A2,pin,pin,1,6.5965274217917765e-15
input21/Y,_414_/A2,pin,pin,1,9.983610584020277e-15
input22/Y,_437_/A2,pin,pin,1,3.913684223162857e-14
input23/Y,_552_/A2,pin,pin,1,5.4086265631123065e-14
input24/Y,_453_/A2,pin,pin,1,1.794219747818307e-14
input25/Y,_462_/A2,pin,pin,1,1.3694439056051791e-14
input26/Y,_553_/A2,pin,pin,1,3.931738561026993e-14
input27/Y,_554_/A2,pin,pin,1,8.254587470371902e-14
input28/Y,_555_/A2,pin,pin,1,1.0709476654015976e-13
input29/Y,_556_/A2,pin,pin,1,5.511636611520154e-14
input3/Y,_546_/A2,pin,pin,1,3.7566097557976616e-14
input30/Y,_557_/A2,pin,pin,1,6.198292340541325e-14
input31/Y,_558_/A2,pin,pin,1,7.707587823188589e-14
input32/Y,_559_/A2,pin,pin,1,6.806378648627903e-14
input33/Y,_341_/A,pin,pin,1,2.9153671257707917e-14
input33/Y,_302_/A,pin,pin,1,6.645828635673534e-14
input34/Y,_346_/B,pin,pin,1,9.432368487617346e-14
input34/Y,_342_/C,pin,pin,1,4.72332371511449e-14
input34/Y,_336_/A,pin,pin,1,1.0678410196016119e-13
input35/Y,_345_/A1,pin,pin,1,2.959403352259006e-14
input35/Y,_342_/B2,pin,pin,1,3.194098224844691e-14
_299_/Y,output36/A,pin,pin,1,5.614349046431655e-13
_299_/Y,_536_/A1,pin,pin,1,6.01578682701831e-13
_299_/Y,_514_/A1,pin,pin,1,6.241950315996614e-13
_299_/Y,_467_/A1,pin,pin,1,1.2712027882156446e-13
_299_/Y,_453_/A1,pin,pin,1,6.004100753902175e-13
_299_/Y,_437_/A1,pin,pin,1,5.309536989760166e-13
_299_/Y,_414_/A1,pin,pin,1,6.214239734771143e-13
_299_/Y,_409_/A1,pin,pin,1,6.461583113188951e-13
_299_/Y,_342_/A2,pin,pin,1,5.177728363246759e-13
_299_/Y,_302_/B,pin,pin,1,3.611010145412874e-13
_576_/SN,output37/A,pin,pin,1,9.739171275002789e-14
_576_/SN,_377_/A1,pin,pin,1,4.202181950931777e-14
_386_/Y,output38/A,pin,pin,1,1.1042796316034983e-13
_386_/Y,_389_/A2,pin,pin,1,6.34409788157625e-14
_408_/Y,output39/A,pin,pin,1,1.2846803698965403e-13
_408_/Y,_410_/B1,pin,pin,1,1.1576389803355513e-13
input4/Y,_547_/A2,pin,pin,1,3.617341615049646e-14
_413_/Y,output40/A,pin,pin,1,1.1637869487546304e-13
_413_/Y,_416_/B1,pin,pin,1,1.010535378249619e-13
_436_/Y,output41/A,pin,pin,1,2.8778176131179223e-13
_436_/Y,_438_/B1,pin,pin,1,2.3877568759017587e-13
_452_/Y,output42/A,pin,pin,1,1.8550376621080666e-13
_452_/Y,_454_/B1,pin,pin,1,1.505767624303267e-13
_460_/Y,output43/A,pin,pin,1,6.001275187515406e-14
_460_/Y,_465_/A2,pin,pin,1,4.01249705391047e-14
_466_/Y,output44/A,pin,pin,1,1.1293049150982656e-13
_466_/Y,_468_/A1,pin,pin,1,1.9261549549353524e-14
_472_/Y,output45/A,pin,pin,1,7.911271464322578e-14
_472_/Y,_475_/A2,pin,pin,1,5.090241108392929e-14
_481_/Y,output46/A,pin,pin,1,1.1634589775974535e-13
_481_/Y,_484_/A2,pin,pin,1,8.662860739080264e-14
_489_/Y,output47/A,pin,pin,1,1.701411635277733e-13
_489_/Y,_492_/A2,pin,pin,1,1.2542091388893783e-13
_496_/Y,output48/A,pin,pin,1,2.2164163408257276e-13
_496_/Y,_499_/A2,pin,pin,1,1.8479549758910335e-13
_504_/Y,output49/A,pin,pin,1,1.789429742620266e-13
_504_/Y,_507_/A2,pin,pin,1,1.3498166614393098e-13
input5/Y,_548_/A2,pin,pin,1,7.299768564139955e-14
_513_/Y,output50/A,pin,pin,1,1.0411615824048107e-13
_513_/Y,_515_/B1,pin,pin,1,8.038356221970466e-14
_528_/Y,output51/A,pin,pin,1,1.7768714288563664e-13
_528_/Y,_531_/A2,pin,pin,1,1.3871065754345047e-13
_535_/Y,output52/A,pin,pin,1,6.714074419046992e-14
_535_/Y,_537_/B1,pin,pin,1,4.7196499638156586e-14
_340_/Y,output53/A,pin,pin,1,5.5402731014009277e-14
_340_/Y,_342_/B1,pin,pin,1,5.4503331101823926e-14
rebuffer1/Y,rebuffer3/A,pin,pin,1,6.17757865803599e-14
rebuffer1/Y,rebuffer2/A,pin,pin,1,3.746338634279256e-14
rebuffer1/Y,_525_/A,pin,pin,1,5.48923191243892e-14
rebuffer2/Y,_522_/A,pin,pin,1,2.8156223893746092e-14
rebuffer3/Y,rebuffer4/A,pin,pin,1,6.362558456441889e-14
rebuffer3/Y,_395_/A,pin,pin,1,7.058362818919764e-14
rebuffer3/Y,_519_/A,pin,pin,1,2.8257708605222524e-14
rebuffer4/Y,_405_/A1,pin,pin,1,6.049152877826008e-14
rebuffer4/Y,_318_/A,pin,pin,1,5.52577935123387e-14
rebuffer4/Y,_316_/A,pin,pin,1,4.5256807741471394e-14
rebuffer5/Y,rebuffer8/A,pin,pin,1,4.197887493889198e-14
rebuffer5/Y,_398_/B,pin,pin,1,8.789488776562993e-14
rebuffer5/Y,rebuffer7/A,pin,pin,1,1.2737287082269927e-13
rebuffer5/Y,rebuffer6/A,pin,pin,1,1.2876258761486403e-13
rebuffer6/Y,_488_/A1,pin,pin,1,1.800375475059183e-14
input6/Y,_549_/A2,pin,pin,1,4.8645532453551674e-14
rebuffer7/Y,_481_/A,pin,pin,1,1.0252716339494757e-14
rebuffer8/Y,_310_/B,pin,pin,1,6.093959904296224e-15
rebuffer9/Y,_489_/A,pin,pin,1,2.1301526758861836e-14
rebuffer10/Y,rebuffer11/A,pin,pin,1,1.1581205355067244e-14
rebuffer10/Y,_311_/A1,pin,pin,1,1.9452516515443795e-14
rebuffer11/Y,_310_/A,pin,pin,1,3.242851069596396e-14
rebuffer12/Y,_408_/A,pin,pin,1,1.9290289377253862e-14
rebuffer13/Y,rebuffer14/A,pin,pin,1,1.1061279930196788e-13
rebuffer13/Y,_442_/A2,pin,pin,1,1.0205534063233851e-13
rebuffer13/Y,_425_/A1,pin,pin,1,3.558846536151801e-14
rebuffer14/Y,_446_/A,pin,pin,1,3.9269406276005656e-14
rebuffer14/Y,_317_/A,pin,pin,1,5.786502868662322e-14
rebuffer14/Y,_322_/B,pin,pin,1,6.01169504801935e-14
rebuffer15/Y,rebuffer16/A,pin,pin,1,1.2512830127511115e-13
rebuffer15/Y,_394_/A2,pin,pin,1,1.3813855116208418e-13
rebuffer15/Y,_496_/A,pin,pin,1,7.140374581751999e-14
rebuffer16/Y,_419_/A,pin,pin,1,8.30946300807954e-14
rebuffer16/Y,rebuffer17/A,pin,pin,1,8.988651972264075e-14
input7/Y,_550_/A2,pin,pin,1,3.0203663463519714e-14
rebuffer17/Y,_511_/B,pin,pin,1,1.3838011140611395e-14
rebuffer18/Y,rebuffer19/A,pin,pin,1,8.790227389292998e-14
rebuffer18/Y,_395_/B,pin,pin,1,1.0580258050967364e-13
rebuffer18/Y,_510_/A,pin,pin,1,6.410786479579475e-14
rebuffer18/Y,_523_/C,pin,pin,1,7.953928043546304e-14
rebuffer19/Y,_319_/A2,pin,pin,1,4.215834766788801e-14
rebuffer19/Y,_316_/C,pin,pin,1,4.646822071010734e-14
rebuffer20/Y,rebuffer21/A,pin,pin,1,1.1164078559181001e-13
rebuffer20/Y,_521_/A1,pin,pin,1,1.2404382805208253e-13
rebuffer20/Y,_503_/A,pin,pin,1,1.232394042502069e-13
rebuffer21/Y,rebuffer22/A,pin,pin,1,1.1181703620747468e-13
rebuffer21/Y,_316_/B,pin,pin,1,1.475386788652236e-13
rebuffer21/Y,_394_/B,pin,pin,1,1.4389300840265962e-13
rebuffer21/Y,_402_/A1,pin,pin,1,1.2448340427038962e-13
rebuffer22/Y,_511_/A,pin,pin,1,1.647398275466446e-14
rebuffer23/Y,_458_/A1,pin,pin,1,4.26719003556765e-14
rebuffer23/Y,_456_/B,pin,pin,1,4.934871548943967e-14
rebuffer24/Y,_309_/A1,pin,pin,1,4.525514416876299e-14
rebuffer24/Y,_480_/A1,pin,pin,1,5.0431572573604935e-14
rebuffer24/Y,_472_/A,pin,pin,1,5.052064317020641e-14
split25/Y,_448_/A1,pin,pin,1,5.78144709840675e-14
split25/Y,_451_/A2,pin,pin,1,1.71681448896642e-14
split25/Y,_326_/A1,pin,pin,1,8.383889421462523e-14
input8/Y,_376_/B,pin,pin,1,1.5398554149446617e-14
input9/Y,_467_/A2,pin,pin,1,7.977825892306958e-14
