libcell_name,func_id,libcell_area,worst_input_cap,libcell_leakage,fo4_delay,fix_load_delay
sky130_ef_sc_hd__decap_12,0,15014400,NaN,NaN,NaN,NaN
sky130_ef_sc_hd__fakediode_2,1,2502400,NaN,NaN,NaN,NaN
sky130_ef_sc_hd__fill_8,2,10009600,NaN,NaN,NaN,NaN
sky130_ef_sc_hd__fill_12,3,15014400,NaN,NaN,NaN,NaN
sky130_fd_sc_hd__a2bb2o_1,4,10009600,1.5970000480388757e-15,2.349900005485517e-12,2.768509865802571e-10,2.983843450099499e-10
sky130_fd_sc_hd__a2bb2o_2,4,11260800,1.8479999448702033e-15,3.5812997532802537e-12,2.6106769523970286e-10,2.7064414598321207e-10
sky130_fd_sc_hd__a2bb2o_4,4,20019200,5.1409999812736164e-15,7.60220011941648e-12,2.280614030958361e-10,2.031043250250164e-10
sky130_fd_sc_hd__a2bb2oi_1,5,8758400,2.646999983026317e-15,2.9309998438725726e-12,2.432882506564482e-10,2.3790786007893416e-10
sky130_fd_sc_hd__a2bb2oi_2,5,15014400,5.026999934485028e-15,5.157399680932873e-12,2.2963048129653885e-10,1.5480336457152077e-10
sky130_fd_sc_hd__a2bb2oi_4,5,26275200,9.632999930229199e-15,8.31689925262502e-12,2.4979968094029914e-10,1.5065942937653176e-10
sky130_fd_sc_hd__a21bo_1,6,10009600,2.5700000294396914e-15,3.6260998544090928e-12,2.0545194712173753e-10,2.0328204397568328e-10
sky130_fd_sc_hd__a21bo_2,6,10009600,2.480999948331077e-15,4.008599875648944e-12,2.167250406914789e-10,2.1550970730199737e-10
sky130_fd_sc_hd__a21bo_4,6,16265600,5.026999934485028e-15,5.854599791077497e-12,2.2317452053055575e-10,2.0744563011820816e-10
sky130_fd_sc_hd__a21boi_0,7,7507200,1.8479999448702033e-15,1.982999918784256e-12,2.449558056394352e-10,2.904410323356643e-10
sky130_fd_sc_hd__a21boi_1,7,7507200,2.4149999881139693e-15,3.2627000060014844e-12,2.2165272395291424e-10,2.208842275752687e-10
sky130_fd_sc_hd__a21boi_2,7,11260800,5.016999863509744e-15,3.5736999297319993e-12,2.3963700468421223e-10,1.718042097476058e-10
sky130_fd_sc_hd__a21boi_4,7,18768000,9.710999806210058e-15,4.1562001236450374e-12,2.850467084591912e-10,1.6349105402824193e-10
sky130_fd_sc_hd__a21o_1,8,7507200,2.5939998609671947e-15,1.0981699924417221e-11,1.8370485688201654e-10,1.8186131767183866e-10
sky130_fd_sc_hd__a21o_2,8,8758400,2.5639998597995787e-15,8.163499390367868e-12,2.0713107617975623e-10,2.063192533485747e-10
sky130_fd_sc_hd__a21o_4,8,15014400,5.028999779273496e-15,7.87449966344056e-12,2.1170321051755536e-10,1.960658579935881e-10
sky130_fd_sc_hd__a21oi_1,9,5004800,2.4770000469959055e-15,3.4269998947997204e-13,2.1430975050140688e-10,2.1228728497302285e-10
sky130_fd_sc_hd__a21oi_2,9,8758400,5.051999688406765e-15,9.83300029941403e-13,2.2326601678557267e-10,1.5510775996929738e-10
sky130_fd_sc_hd__a21oi_4,9,16265600,9.709999460299351e-15,2.446399853528458e-12,2.5930405045393456e-10,1.3982587310223948e-10
sky130_fd_sc_hd__a22o_1,10,8758400,2.526999978355853e-15,2.959799939861174e-12,2.3871957188781323e-10,2.378793551027769e-10
sky130_fd_sc_hd__a22o_2,10,10009600,2.5170001191388057e-15,3.525099916829033e-12,2.542256960502698e-10,2.5382534962758996e-10
sky130_fd_sc_hd__a22o_4,10,17516800,5.222999970347884e-15,1.0273599679311296e-11,2.546526045588138e-10,2.382755104335388e-10
sky130_fd_sc_hd__a22oi_1,11,7507200,2.496999977188237e-15,5.889939144049228e-14,2.5329041641874994e-10,2.507510032945248e-10
sky130_fd_sc_hd__a22oi_2,11,12512000,4.585000354915842e-15,1.4449998543639847e-13,2.6735583191772605e-10,2.030190598967252e-10
sky130_fd_sc_hd__a22oi_4,11,21270400,9.204000612334472e-15,3.037960161211828e-11,2.9354643715784334e-10,1.7904772109389455e-10
sky130_fd_sc_hd__a31o_1,12,8758400,2.5070000481635215e-15,2.6581000855258052e-12,2.222085154768294e-10,2.212624805597585e-10
sky130_fd_sc_hd__a31o_2,12,8758400,2.5070000481635215e-15,3.4748998383599128e-12,2.4100163531493024e-10,2.4002280718526947e-10
sky130_fd_sc_hd__a31o_4,12,17516800,5.1540002429480754e-15,6.8610997959461795e-12,2.3820162509125e-10,2.2314024239467045e-10
sky130_fd_sc_hd__a31oi_1,13,6256000,2.5130000060453973e-15,3.517999964692403e-13,2.4092439154799195e-10,2.425581957510303e-10
sky130_fd_sc_hd__a31oi_2,13,12512000,4.708000126769007e-15,8.265999646914213e-13,2.8182933764497875e-10,2.0638879494327966e-10
sky130_fd_sc_hd__a31oi_4,13,21270400,9.156000102246518e-15,2.0630999079257473e-12,2.951604793910434e-10,1.7306395205807235e-10
sky130_fd_sc_hd__a32o_1,14,10009600,2.51900017568551e-15,1.663099887840025e-12,2.640203611292691e-10,2.632455364803832e-10
sky130_fd_sc_hd__a32o_2,14,11260800,2.655999919849131e-15,8.015599468891299e-12,2.6026569788228926e-10,2.601807103097542e-10
sky130_fd_sc_hd__a32o_4,14,21270400,4.73899983857262e-15,4.69999993785164e-12,3.1628910601710913e-10,2.983125413358323e-10
sky130_fd_sc_hd__a32oi_1,15,8758400,2.466999976020621e-15,5.6089535820829164e-14,2.645080543484113e-10,2.6572535838376155e-10
sky130_fd_sc_hd__a32oi_2,15,16265600,4.730000113508043e-15,1.673219895970135e-11,2.959436862237652e-10,2.2682521139127942e-10
sky130_fd_sc_hd__a32oi_4,15,27526400,9.164999827311095e-15,2.6560001485480267e-13,3.500818523960447e-10,2.2356329287820387e-10
sky130_fd_sc_hd__a41o_1,16,10009600,2.6030000095482453e-15,1.0987899826120362e-11,2.453985625816557e-10,2.4471369375334007e-10
sky130_fd_sc_hd__a41o_2,16,11260800,2.514000140197868e-15,8.293200327857964e-12,2.644727215006526e-10,2.6437296796189003e-10
sky130_fd_sc_hd__a41o_4,16,21270400,4.895999936445046e-15,8.24810011956778e-12,2.7740035268841723e-10,2.6099239436305766e-10
sky130_fd_sc_hd__a41oi_1,17,8758400,2.5040000692225835e-15,3.613999832903503e-13,2.725005499026878e-10,2.78556094857052e-10
sky130_fd_sc_hd__a41oi_2,17,16265600,4.8210002511633616e-15,5.850999480923325e-13,2.7908095279194356e-10,2.1567157781898771e-10
sky130_fd_sc_hd__a41oi_4,17,27526400,9.174999898286379e-15,1.5893999441227158e-12,3.3826511036672e-10,2.0983265125451567e-10
sky130_fd_sc_hd__a211o_1,18,8758400,2.573999930774863e-15,1.0816399859114867e-11,3.078756971586216e-10,3.0557292807209535e-10
sky130_fd_sc_hd__a211o_2,18,10009600,2.5239997876566785e-15,8.826299066622134e-12,3.3251087994123907e-10,3.320794195182941e-10
sky130_fd_sc_hd__a211o_4,18,17516800,5.207999863884958e-15,9.806100376152926e-12,3.3854979930580953e-10,3.186568509061516e-10
sky130_fd_sc_hd__a211oi_1,19,7507200,2.559999958464407e-15,8.227999444970768e-13,3.571351825382152e-10,3.490718547549676e-10
sky130_fd_sc_hd__a211oi_2,19,12512000,4.664000153290935e-15,1.6037999921170165e-12,3.592302288968341e-10,2.6221974591678077e-10
sky130_fd_sc_hd__a211oi_4,19,20019200,9.735000484770509e-15,4.676000038561501e-12,4.2465583827144826e-10,2.4379234742077927e-10
sky130_fd_sc_hd__a221o_1,20,10009600,2.537999971725371e-15,3.250399949195071e-12,3.624112676625657e-10,3.6178285367505225e-10
sky130_fd_sc_hd__a221o_2,20,11260800,2.5320000138434953e-15,3.653099957950934e-12,3.861845288000154e-10,3.8591591033920736e-10
sky130_fd_sc_hd__a221o_4,20,21270400,4.676999991448921e-15,8.894799827241506e-12,4.356291161133896e-10,4.1234465841810675e-10
sky130_fd_sc_hd__a221oi_1,21,8758400,2.505999914011051e-15,3.7299997075398994e-13,4.0356204489278014e-10,4.034773071204256e-10
sky130_fd_sc_hd__a221oi_2,21,15014400,5.071000331479574e-15,3.376599997870211e-12,4.0461411998649055e-10,3.085265098956569e-10
sky130_fd_sc_hd__a221oi_4,21,26275200,9.62600004995309e-15,2.462199714947655e-12,4.579993606590449e-10,2.872607152148987e-10
sky130_fd_sc_hd__a222oi_1,22,10009600,2.492000153458832e-15,2.0459999525764688e-13,4.3683201500499536e-10,4.470178671667213e-10
sky130_fd_sc_hd__a311o_1,23,10009600,2.5289998231443206e-15,2.800899919983002e-12,3.6439898321027897e-10,3.648506774478477e-10
sky130_fd_sc_hd__a311o_2,23,11260800,2.4870001179711897e-15,3.797199967653375e-12,3.8530317825191673e-10,3.856025498905069e-10
sky130_fd_sc_hd__a311o_4,23,20019200,4.648999623311535e-15,4.170419912186141e-11,4.096148420451584e-10,3.8857980722006857e-10
sky130_fd_sc_hd__a311oi_1,24,8758400,2.4830000048777813e-15,8.306999836268925e-13,3.892900724000725e-10,3.8447778294425916e-10
sky130_fd_sc_hd__a311oi_2,24,15014400,4.655000004709885e-15,1.9062999876556797e-12,4.13492712292296e-10,3.1178012949162337e-10
sky130_fd_sc_hd__a311oi_4,24,26275200,9.217999525853744e-15,4.4586001557433974e-12,4.858969893106746e-10,2.993954806296273e-10
sky130_fd_sc_hd__a2111o_1,25,11260800,2.5639998597995787e-15,1.0554799222128874e-11,4.2898518071154967e-10,4.259559094332843e-10
sky130_fd_sc_hd__a2111o_2,25,12512000,2.6359999896567992e-15,9.348800379671562e-12,4.717027324296907e-10,4.686036003676008e-10
sky130_fd_sc_hd__a2111o_4,25,21270400,4.771999818681174e-15,1.1833999925825456e-11,5.006699499432443e-10,4.763368588456274e-10
sky130_fd_sc_hd__a2111oi_0,26,8758400,2.0270000294816655e-15,1.5216998668077242e-12,5.878063036313108e-10,6.685890174829012e-10
sky130_fd_sc_hd__a2111oi_1,26,10009600,2.660999955336773e-15,1.6063999089266368e-12,5.62585089625145e-10,5.664213542644347e-10
sky130_fd_sc_hd__a2111oi_2,26,15014400,5.098000353706252e-15,3.2826998497964555e-12,6.163976551398775e-10,4.413093224187037e-10
sky130_fd_sc_hd__a2111oi_4,26,27526400,9.227000097951268e-15,6.5743994449862786e-12,6.031566912589881e-10,3.691505157110697e-10
sky130_fd_sc_hd__and2_0,27,6256000,1.6999999955788275e-15,1.818299959384373e-12,1.5205224579428744e-10,1.6784938716707387e-10
sky130_fd_sc_hd__and2_1,27,6256000,1.5599999548369134e-15,2.8439999921053838e-12,1.4608513010383462e-10,1.603526061932925e-10
sky130_fd_sc_hd__and2_2,27,7507200,1.5409999470388154e-15,3.633799858238085e-12,1.7497252258191764e-10,1.8501909726520438e-10
sky130_fd_sc_hd__and2_4,27,8758400,2.5589998243119366e-15,4.218099827757449e-12,1.4098477940649445e-10,1.4077114474098096e-10
sky130_fd_sc_hd__and2b_1,28,7507200,1.7099999606749934e-15,6.423799426419352e-12,1.8876498975028966e-10,2.0882388873655344e-10
sky130_fd_sc_hd__and2b_2,28,8758400,1.6890000022093095e-15,5.935699848302889e-12,1.985134140403133e-10,2.0960919111523424e-10
sky130_fd_sc_hd__and2b_4,28,10009600,2.603999931942479e-15,4.131299902870866e-12,2.2314824987823556e-10,2.3286955697088274e-10
sky130_fd_sc_hd__and3_1,29,6256000,1.6240000702655538e-15,5.96110010311901e-12,1.7080337144648183e-10,1.8583970473606826e-10
sky130_fd_sc_hd__and3_2,29,7507200,1.5930000408245857e-15,5.412600055654249e-12,1.946268146646446e-10,2.056841780229135e-10
sky130_fd_sc_hd__and3_4,29,11260800,2.5400000282720754e-15,3.912199991046306e-12,1.7686287157037128e-10,1.7512732930491381e-10
sky130_fd_sc_hd__and3b_1,30,8758400,1.6169999782312075e-15,6.366799882445706e-12,2.0854923343804899e-10,2.3226696954647963e-10
sky130_fd_sc_hd__and3b_2,30,10009600,1.5839999981226535e-15,5.762699779171543e-12,2.1565123298206146e-10,2.3289387085512203e-10
sky130_fd_sc_hd__and3b_4,30,12512000,2.529999957296791e-15,3.5794997608334933e-12,2.695736966984441e-10,2.7922386625078843e-10
sky130_fd_sc_hd__and4_1,31,8758400,1.6230000419922017e-15,3.372599942375043e-12,1.964194223935678e-10,2.2223183016034653e-10
sky130_fd_sc_hd__and4_2,31,10009600,1.5930000408245857e-15,3.429299812868214e-12,2.1793296334227108e-10,2.3380586355870037e-10
sky130_fd_sc_hd__and4_4,31,11260800,2.4870001179711897e-15,4.0826001433680315e-12,2.1772915415052552e-10,2.176380325957794e-10
sky130_fd_sc_hd__and4b_1,32,10009600,1.6560000221007556e-15,5.906799788873984e-12,2.470813553756557e-10,2.702721102476602e-10
sky130_fd_sc_hd__and4b_2,32,11260800,1.6249999926597875e-15,5.2511996487258905e-12,2.618623096140027e-10,2.786959829581548e-10
sky130_fd_sc_hd__and4b_4,32,13763200,2.4690000325673254e-15,3.539999890445067e-12,2.984880398404499e-10,3.098895862141404e-10
sky130_fd_sc_hd__and4bb_1,33,12512000,1.5719999764797835e-15,6.416099856271229e-12,2.6583799050960977e-10,2.9185101557693827e-10
sky130_fd_sc_hd__and4bb_2,33,12512000,1.5660000185979076e-15,3.5548998640611007e-12,2.808959731481764e-10,2.9960547931473513e-10
sky130_fd_sc_hd__and4bb_4,33,16265600,2.538999894119605e-15,3.827199841766049e-12,3.0690472385686007e-10,3.1900240782256617e-10
sky130_fd_sc_hd__buf_1,34,3753600,2.1910000076302014e-15,1.1809999592854448e-12,1.125294232795504e-10,1.188372872329424e-10
sky130_fd_sc_hd__buf_2,34,5004800,1.8069999503330693e-15,5.602099947127348e-12,1.0611149459105462e-10,1.1188362736280766e-10
sky130_fd_sc_hd__buf_4,34,7507200,2.5239997876566785e-15,5.458699898347463e-12,1.1763905127804009e-10,1.172252711567623e-10
sky130_fd_sc_hd__buf_6,34,11260800,4.858999843243084e-15,6.157100003456595e-12,1.0428433810938387e-10,9.46879033514314e-11
sky130_fd_sc_hd__buf_8,34,15014400,7.337000236149697e-15,7.192999668115263e-12,1.100390681352259e-10,9.614697232818159e-11
sky130_fd_sc_hd__buf_12,34,20019200,9.623000706286862e-15,8.126400594110628e-12,1.148395406547209e-10,9.870304573666999e-11
sky130_fd_sc_hd__buf_16,34,27526400,1.4307999229856705e-14,1.1383100191608708e-11,1.2649740976922175e-10,1.0184537935220561e-10
sky130_fd_sc_hd__bufbuf_8,34,18768000,1.829999859466339e-15,1.2949599725864402e-11,2.1874482780681603e-10,2.2089968743088662e-10
sky130_fd_sc_hd__bufbuf_16,34,32531200,2.4259999814834872e-15,1.498010049338916e-11,2.3497140344552747e-10,2.3493196277257766e-10
sky130_fd_sc_hd__bufinv_8,35,17516800,2.4259999814834872e-15,7.839999482950333e-12,1.5951039100681186e-10,1.5932018204711795e-10
sky130_fd_sc_hd__bufinv_16,35,30028800,7.156000306749767e-15,1.347959938113874e-11,1.770291135905211e-10,1.6019888193774534e-10
sky130_fd_sc_hd__clkbuf_1,34,3753600,2.186000183900796e-15,1.1809999592854448e-12,1.1229344537566632e-10,1.1875597727417642e-10
sky130_fd_sc_hd__clkbuf_2,34,5004800,2.2949999834435053e-15,4.647999866935759e-12,9.993332550362055e-11,1.013956904549751e-10
sky130_fd_sc_hd__clkbuf_4,34,7507200,2.227999889073927e-15,4.876299884715163e-12,1.184602693715675e-10,1.2037566776701425e-10
sky130_fd_sc_hd__clkbuf_8,34,13763200,4.157000112382401e-15,6.865699415242732e-12,1.1957032586273897e-10,1.1232473284827904e-10
sky130_fd_sc_hd__clkbuf_16,34,25024000,7.893999784901705e-15,1.0478800119284593e-11,1.3380702101883912e-10,1.185650605473043e-10
sky130_fd_sc_hd__clkdlybuf4s15_1,34,10009600,2.308999955753961e-15,4.578200232113749e-12,2.0101018072260501e-10,2.0311845261300476e-10
sky130_fd_sc_hd__clkdlybuf4s15_2,34,11260800,2.3190000267292454e-15,3.717399651992359e-12,1.9281437557694403e-10,1.9455298483350703e-10
sky130_fd_sc_hd__clkdlybuf4s18_1,34,10009600,2.3109998005424286e-15,4.251699686763644e-12,2.1524619586710259e-10,2.1729540389259228e-10
sky130_fd_sc_hd__clkdlybuf4s18_2,34,10009600,2.3159998360300707e-15,4.291700241715324e-12,2.0147004897719256e-10,2.0309602610790733e-10
sky130_fd_sc_hd__clkdlybuf4s25_1,34,10009600,2.320999871517713e-15,2.71719994594799e-12,2.734607540411105e-10,2.7535368429809637e-10
sky130_fd_sc_hd__clkdlybuf4s25_2,34,10009600,2.3270000411578255e-15,4.392799925895252e-12,2.644586771793911e-10,2.6632651639602045e-10
sky130_fd_sc_hd__clkdlybuf4s50_1,34,10009600,2.2859998348624547e-15,3.388799874395887e-12,4.980714174429579e-10,5.008934933492526e-10
sky130_fd_sc_hd__clkdlybuf4s50_2,34,11260800,2.2780000321921115e-15,3.764299635888868e-12,4.933280450813982e-10,4.953176202526777e-10
sky130_fd_sc_hd__clkinv_1,35,3753600,3.2510001194720455e-15,2.3639998378982563e-13,8.661943384780102e-11,7.097979842773938e-11
sky130_fd_sc_hd__clkinv_2,35,5004800,5.516000101747935e-15,6.399999887690688e-13,7.072497448801229e-11,4.14727800712722e-11
sky130_fd_sc_hd__clkinv_4,35,8758400,1.0900000283061654e-14,1.894799855212126e-12,7.112886668547702e-11,2.868828091751041e-11
sky130_fd_sc_hd__clkinv_8,35,16265600,2.158100019761071e-14,4.329999900298809e-12,7.938272261753809e-11,2.4012559302066805e-11
sky130_fd_sc_hd__clkinv_16,35,30028800,4.0394997866425794e-14,1.0021299762241753e-11,9.119498906029477e-11,2.741902711822508e-11
sky130_fd_sc_hd__clkinvlp_2,35,5004800,4.8810002534985936e-15,4.439818060723508e-14,1.5304518763414876e-10,9.750334567515395e-11
sky130_fd_sc_hd__clkinvlp_4,35,7507200,9.397999956375913e-15,9.554913826294309e-14,1.4276856086237188e-10,6.485265796607464e-11
sky130_fd_sc_hd__conb_1,36,3753600,None,3.24003692799002e-12,None,None
sky130_fd_sc_hd__decap_3,37,3753600,None,3.24003692799002e-12,None,None
sky130_fd_sc_hd__decap_4,37,5004800,None,3.2400438668839238e-12,None,None
sky130_fd_sc_hd__decap_6,37,7507200,None,3.2400560099482556e-12,None,None
sky130_fd_sc_hd__decap_8,37,10009600,None,3.240068803533891e-12,None,None
sky130_fd_sc_hd__decap_12,37,15014400,None,3.2400939570242926e-12,None,None
sky130_fd_sc_hd__dfbbn_1,38,32531200,3.556000166635848e-15,1.3510609297995302e-11,4.807800824124797e-10,4.921637541954738e-10
sky130_fd_sc_hd__dfbbn_2,38,35033600,3.517000016887181e-15,1.2845619533352615e-11,4.881577364557188e-10,4.954139876112151e-10
sky130_fd_sc_hd__dfbbp_1,39,32531200,3.5270000878624653e-15,1.355575027228717e-11,4.0956130153979586e-10,4.192282077042364e-10
sky130_fd_sc_hd__dfrbp_1,40,28777600,3.618999936153781e-15,1.2362279602773363e-11,4.5050335684138076e-10,4.552481169817213e-10
sky130_fd_sc_hd__dfrbp_2,40,30028800,3.6089998651784964e-15,9.950789324475462e-12,5.216765908144794e-10,5.247809964359362e-10
sky130_fd_sc_hd__dfrtn_1,41,25024000,3.626999738824124e-15,1.3612399402118669e-11,4.0217723595858956e-10,4.095365435663467e-10
sky130_fd_sc_hd__dfrtp_1,42,25024000,3.631999774311766e-15,1.3759399002111206e-11,3.64514085582357e-10,3.702753381684687e-10
sky130_fd_sc_hd__dfrtp_2,42,26275200,3.612000055877671e-15,1.2083199892043428e-11,3.827967942626742e-10,3.8673422797508294e-10
sky130_fd_sc_hd__dfrtp_4,42,28777600,3.6380001557101155e-15,1.174689946009666e-11,4.5151948846466894e-10,4.544865872535553e-10
sky130_fd_sc_hd__dfsbp_1,43,28777600,3.424000034443395e-15,1.6990089890533966e-11,5.088241494810575e-10,5.083844456521547e-10
sky130_fd_sc_hd__dfsbp_2,43,30028800,3.4370000843596173e-15,1.600196017359501e-11,5.788040047249865e-10,5.784940304565112e-10
sky130_fd_sc_hd__dfstp_1,44,26275200,3.4390001409063215e-15,9.956071557459811e-12,5.230382238430309e-10,5.205910147410009e-10
sky130_fd_sc_hd__dfstp_2,44,26275200,3.4199999213499867e-15,1.0516270146365692e-11,5.193822594229403e-10,5.179001671962169e-10
sky130_fd_sc_hd__dfstp_4,44,30028800,3.418999998955753e-15,1.094551966424051e-11,5.970404726163281e-10,5.960931193094154e-10
sky130_fd_sc_hd__dfxbp_1,45,23772800,1.864999896121597e-15,1.2441789785933022e-11,3.4906150192526297e-10,3.5780731155732326e-10
sky130_fd_sc_hd__dfxbp_2,45,26275200,1.864999896121597e-15,1.233838899106221e-11,3.8569461513482395e-10,3.907846546358229e-10
sky130_fd_sc_hd__dfxtp_1,46,20019200,1.8770000236435855e-15,8.051600185188246e-12,3.092074096766595e-10,3.279926885646489e-10
sky130_fd_sc_hd__dfxtp_2,46,21270400,1.8770000236435855e-15,8.570699705501283e-12,3.03324032557839e-10,3.140812332436127e-10
sky130_fd_sc_hd__dfxtp_4,46,23772800,1.8479999448702033e-15,8.846100067738671e-12,3.1774044506605037e-10,3.251766078626872e-10
sky130_fd_sc_hd__diode_2,47,2502400,8.999999291493615e-16,3.2710483305423707e-15,None,None
sky130_fd_sc_hd__dlclkp_1,48,17516800,4.3009999485803686e-15,1.093699956988825e-11,1.3617389160724969e-10,1.5482375104181045e-10
sky130_fd_sc_hd__dlclkp_2,48,18768000,4.273000003959457e-15,1.0609499390135113e-11,1.3990959779608403e-10,1.492865414620681e-10
sky130_fd_sc_hd__dlclkp_4,48,21270400,5.075000021056509e-15,8.986299551705379e-12,1.4796086578172662e-10,1.5239731698812875e-10
sky130_fd_sc_hd__dlrbn_1,49,21270400,2.597999974060603e-15,1.058106900708733e-11,4.5094661338396236e-10,4.5513759427961986e-10
sky130_fd_sc_hd__dlrbn_2,49,22521600,2.595999917513899e-15,1.12620798103924e-11,4.958398691634613e-10,4.985913903965411e-10
sky130_fd_sc_hd__dlrbp_1,50,21270400,2.562999937405345e-15,1.0573370304300944e-11,3.5476210857865453e-10,3.5895220129589234e-10
sky130_fd_sc_hd__dlrbp_2,50,22521600,2.573999930774863e-15,1.1362800457492828e-11,3.9715405963924866e-10,3.9986106092904095e-10
sky130_fd_sc_hd__dlrtn_1,51,17516800,2.6520000185139593e-15,6.137499796582402e-12,4.200623737737885e-10,4.3410899874807285e-10
sky130_fd_sc_hd__dlrtn_2,51,17516800,2.559999958464407e-15,7.137599539186468e-12,4.1553613328026984e-10,4.2452316662000555e-10
sky130_fd_sc_hd__dlrtn_4,51,20019200,2.5090001047102257e-15,8.008199138542782e-12,4.3964645812799574e-10,4.450705082259532e-10
sky130_fd_sc_hd__dlrtp_1,52,16265600,2.5889998254795526e-15,5.689099798894537e-12,3.3804994914454767e-10,3.5249514418467243e-10
sky130_fd_sc_hd__dlrtp_2,52,17516800,2.559999958464407e-15,7.07340002542578e-12,3.209180976515569e-10,3.2985159048593005e-10
sky130_fd_sc_hd__dlrtp_4,52,20019200,2.5049999916168172e-15,7.929099217485192e-12,3.434138251545704e-10,3.4866279308154446e-10
sky130_fd_sc_hd__dlxbn_1,53,18768000,1.8820000591312277e-15,1.235830968809859e-11,4.2923059551114306e-10,4.334013703477524e-10
sky130_fd_sc_hd__dlxbn_2,53,21270400,1.8790000801902898e-15,1.2185999605229814e-11,4.680116849620219e-10,4.707213507870733e-10
sky130_fd_sc_hd__dlxbp_1,54,18768000,1.8969999538359173e-15,1.2355789134887996e-11,3.485359223454054e-10,3.5255470764994357e-10
sky130_fd_sc_hd__dlxtn_1,55,15014400,1.8889999394073372e-15,7.623999521977343e-12,4.0163516956681633e-10,4.147594767633933e-10
sky130_fd_sc_hd__dlxtn_2,55,16265600,1.8800000025845235e-15,8.239099506812675e-12,3.9382333505422196e-10,4.0144765289795714e-10
sky130_fd_sc_hd__dlxtn_4,55,18768000,1.8790000801902898e-15,8.878099644338278e-12,4.1095876701646716e-10,4.15819545462881e-10
sky130_fd_sc_hd__dlxtp_1,56,15014400,1.8500000014169075e-15,7.163700188606015e-12,3.1798996769083487e-10,3.3225086570887186e-10
sky130_fd_sc_hd__dlygate4sd1_1,34,8758400,1.7209999540445113e-15,8.822599768809614e-12,2.2572706204204707e-10,2.373419238921315e-10
sky130_fd_sc_hd__dlygate4sd2_1,34,8758400,1.7539999341530652e-15,8.255799689715904e-12,2.4408658427788055e-10,2.5532403968853146e-10
sky130_fd_sc_hd__dlygate4sd3_1,34,10009600,1.7230000105912155e-15,6.980899799197138e-12,5.551315518381728e-10,5.71744540600605e-10
sky130_fd_sc_hd__dlymetal6s2s_1,34,12512000,1.7449999973302515e-15,2.2148598927129726e-11,1.3209507099265494e-10,1.4281754945333347e-10
sky130_fd_sc_hd__dlymetal6s4s_1,34,12512000,1.7430000466626657e-15,2.2148598927129726e-11,2.4568863610241465e-10,2.564450873876467e-10
sky130_fd_sc_hd__dlymetal6s6s_1,34,12512000,1.7439999690568994e-15,2.2148598927129726e-11,3.5223166050535326e-10,3.634224865489699e-10
sky130_fd_sc_hd__ebufn_1,57,10009600,3.3379999322757188e-15,2.763999966404196e-12,1.9168687470649814e-10,2.2032740909505577e-10
sky130_fd_sc_hd__ebufn_2,57,11260800,4.4099999598813146e-15,4.048699743519624e-12,1.5035425682263792e-10,1.6806350755516064e-10
sky130_fd_sc_hd__ebufn_4,57,16265600,7.476000036860022e-15,4.405499836462878e-12,1.4367779188617646e-10,1.3914124019631657e-10
sky130_fd_sc_hd__ebufn_8,57,26275200,1.1595999632523987e-14,6.181099902746734e-12,1.4685953841908628e-10,1.326222603958982e-10
sky130_fd_sc_hd__edfxbp_1,58,32531200,3.4070000831920013e-15,1.2674339876228569e-11,4.970756029010204e-10,5.039825223818184e-10
sky130_fd_sc_hd__edfxtp_1,59,30028800,3.408000005586235e-15,1.1448699627214509e-11,3.7041072986632173e-10,3.864693842725586e-10
sky130_fd_sc_hd__einvn_0,60,5004800,2.642000159296912e-15,7.047999879029876e-13,2.0419893553835777e-10,2.4399260389884603e-10
sky130_fd_sc_hd__einvn_1,60,6256000,3.2289999209747728e-15,6.893999802450035e-13,1.895441720245472e-10,1.8257657885545342e-10
sky130_fd_sc_hd__einvn_2,60,8758400,4.528999618641071e-15,9.877999026380868e-13,1.8658488643019666e-10,1.1777416542013697e-10
sky130_fd_sc_hd__einvn_4,60,13763200,8.654999595703386e-15,2.127299855367304e-12,1.9318525945610787e-10,9.283786239766556e-11
sky130_fd_sc_hd__einvn_8,60,22521600,1.7495001351482478e-14,4.673900155793831e-12,2.361133233375057e-10,1.2241747893160237e-10
sky130_fd_sc_hd__einvp_1,61,6256000,2.540999950666309e-15,4.0819997664150176e-13,2.1086181412055538e-10,2.0343809969958215e-10
sky130_fd_sc_hd__einvp_2,61,8758400,4.528999618641071e-15,4.1169997098966515e-13,2.2205674798936315e-10,1.5608696279922896e-10
sky130_fd_sc_hd__einvp_4,61,13763200,8.887999724768204e-15,4.927000105646451e-13,2.4542967658192083e-10,1.2954520789421053e-10
sky130_fd_sc_hd__einvp_8,61,22521600,1.738500057075435e-14,7.093999866703005e-13,3.0154778674074123e-10,1.4675682891152064e-10
sky130_fd_sc_hd__fa_1,62,20019200,6.895999731941797e-15,1.2316299022319122e-11,5.896635957292062e-10,5.282551063245933e-10
sky130_fd_sc_hd__fa_2,62,22521600,7.96199958990728e-15,9.704399610288572e-12,5.858110663226057e-10,5.416957993276128e-10
sky130_fd_sc_hd__fa_4,62,27526400,7.951000020054236e-15,1.0514199753897113e-11,8.246386351551394e-10,7.940809121365078e-10
sky130_fd_sc_hd__fah_1,63,33782400,6.955999734277029e-15,2.0341298090365e-11,3.4092106915295517e-10,3.077877952506469e-10
sky130_fd_sc_hd__fahcin_1,64,33782400,6.6890001262258966e-15,1.4274699478011854e-11,3.647510349313876e-10,3.639724632797936e-10
sky130_fd_sc_hd__fahcon_1,65,33782400,8.811999693575812e-15,1.8138599996997407e-11,3.649758550938742e-10,3.6426098248831806e-10
sky130_fd_sc_hd__fill_1,66,1251200,NaN,NaN,NaN,NaN
sky130_fd_sc_hd__fill_2,67,2502400,NaN,NaN,NaN,NaN
sky130_fd_sc_hd__fill_4,68,5004800,NaN,NaN,NaN,NaN
sky130_fd_sc_hd__fill_8,69,10009600,NaN,NaN,NaN,NaN
sky130_fd_sc_hd__ha_1,70,12512000,3.1049998032109003e-15,1.1567799669542911e-11,2.7815341696602047e-10,2.712080560129948e-10
sky130_fd_sc_hd__ha_2,70,15014400,3.603999829690854e-15,8.398499777573232e-12,3.020174943468845e-10,2.923568886981087e-10
sky130_fd_sc_hd__ha_4,70,25024000,9.704999424811709e-15,8.511999265159442e-12,2.6691057697370013e-10,2.365159734729616e-10
sky130_fd_sc_hd__inv_1,35,3753600,2.3900000224339954e-15,1.958000005620325e-13,6.887351799989005e-11,6.887351799989005e-11
sky130_fd_sc_hd__inv_2,35,3753600,4.641999743035426e-15,5.535000084135044e-13,7.24325252554614e-11,4.3959991896658224e-11
sky130_fd_sc_hd__inv_4,35,6256000,9.408000027351197e-15,1.5163999613279633e-12,8.598993739283856e-11,3.3819731737327885e-11
sky130_fd_sc_hd__inv_6,35,8758400,1.3887999637026555e-14,2.7399998502736223e-12,9.135784490021948e-11,2.995913933601102e-11
sky130_fd_sc_hd__inv_8,35,11260800,1.8467000457576994e-14,3.820999940062908e-12,9.352978114218757e-11,2.7230304816550088e-11
sky130_fd_sc_hd__inv_12,35,16265600,2.7226999951487918e-14,6.519699710660909e-12,1.023324966431538e-10,2.663196746466312e-11
sky130_fd_sc_hd__inv_16,35,20019200,3.4999001580996586e-14,8.894899573841375e-12,1.0767664537780774e-10,2.7857263371067198e-11
sky130_fd_sc_hd__lpflow_bleeder_1,71,7507200,2.232999924561569e-15,1.5808250433506366e-14,None,None
sky130_fd_sc_hd__lpflow_clkbufkapwr_1,72,3753600,2.1850000497483256e-15,1.1809999592854448e-12,1.124900034232823e-10,1.189589537986535e-10
sky130_fd_sc_hd__lpflow_clkbufkapwr_2,72,5004800,2.2839999900739873e-15,4.647999866935759e-12,9.983693038950747e-11,1.0146710555103411e-10
sky130_fd_sc_hd__lpflow_clkbufkapwr_4,72,7507200,2.2360001152607438e-15,4.876299884715163e-12,1.1884535022765874e-10,1.206675176446126e-10
sky130_fd_sc_hd__lpflow_clkbufkapwr_8,72,13763200,4.155999766471694e-15,6.865699415242732e-12,1.1939799149374153e-10,1.122087006644179e-10
sky130_fd_sc_hd__lpflow_clkbufkapwr_16,72,25024000,7.905999700665457e-15,1.0478800119284593e-11,1.2877959809642903e-10,1.1393386234459513e-10
sky130_fd_sc_hd__lpflow_clkinvkapwr_1,73,3753600,3.1910001171368135e-15,2.3639998378982563e-13,8.447020860558041e-11,7.019743120117994e-11
sky130_fd_sc_hd__lpflow_clkinvkapwr_2,73,5004800,5.526000172723219e-15,6.399999887690688e-13,7.120293937790123e-11,4.172564030402448e-11
sky130_fd_sc_hd__lpflow_clkinvkapwr_4,73,8758400,1.0924000114589157e-14,1.8946998917718227e-12,7.02346514280805e-11,2.8936696788717242e-11
sky130_fd_sc_hd__lpflow_clkinvkapwr_8,73,16265600,2.164500031303935e-14,4.329999900298809e-12,7.470412483057132e-11,2.404832756541797e-11
sky130_fd_sc_hd__lpflow_clkinvkapwr_16,73,30028800,4.072299951678876e-14,1.0021299762241753e-11,8.953050800730722e-11,2.7099749527748074e-11
sky130_fd_sc_hd__lpflow_decapkapwr_3,74,3753600,None,3.24003692799002e-12,None,None
sky130_fd_sc_hd__lpflow_decapkapwr_4,74,5004800,None,3.2400438668839238e-12,None,None
sky130_fd_sc_hd__lpflow_decapkapwr_6,74,7507200,None,3.2400560099482556e-12,None,None
sky130_fd_sc_hd__lpflow_decapkapwr_8,74,10009600,None,3.240068803533891e-12,None,None
sky130_fd_sc_hd__lpflow_decapkapwr_12,74,15014400,None,3.2400939570242926e-12,None,None
sky130_fd_sc_hd__lpflow_inputiso0n_1,75,6256000,1.5599999548369134e-15,2.8439999921053838e-12,1.4608513010383462e-10,1.603526061932925e-10
sky130_fd_sc_hd__lpflow_inputiso0p_1,76,7507200,1.7099999606749934e-15,6.423799426419352e-12,1.9112533777843055e-10,2.0882388873655344e-10
sky130_fd_sc_hd__lpflow_inputiso1n_1,77,7507200,1.796999879357785e-15,1.5599999590720781e-12,2.265248683075427e-10,2.394857923082583e-10
sky130_fd_sc_hd__lpflow_inputiso1p_1,78,6256000,1.5470000107998096e-15,5.2490997659582206e-12,2.228410928006852e-10,2.424803691170041e-10
sky130_fd_sc_hd__lpflow_inputisolatch_1,79,13763200,1.7310000250197956e-15,1.0169400044279797e-11,3.2684405182337173e-10,3.4823585681742486e-10
sky130_fd_sc_hd__lpflow_isobufsrc_1,80,6256000,2.4610000181387454e-15,3.98699953260695e-12,1.471048421963772e-10,1.9154461350368024e-10
sky130_fd_sc_hd__lpflow_isobufsrc_2,80,8758400,4.5380001907385954e-15,3.9074997577881465e-12,1.353193251896201e-10,1.523529913338706e-10
sky130_fd_sc_hd__lpflow_isobufsrc_4,80,13763200,9.107000093280804e-15,4.104699653090238e-12,1.315107189814313e-10,1.2997201925823987e-10
sky130_fd_sc_hd__lpflow_isobufsrc_8,80,23772800,1.797699867385396e-14,4.185399856554417e-12,1.6659448820455225e-10,1.4104532819469995e-10
sky130_fd_sc_hd__lpflow_isobufsrc_16,80,45043200,3.464699840504022e-14,6.959999850758569e-12,2.115574937455733e-10,1.6104213795831157e-10
sky130_fd_sc_hd__lpflow_isobufsrckapwr_16,81,38787200,9.164999827311095e-15,1.4580199894642654e-11,2.763612394485193e-10,2.7604574182049646e-10
sky130_fd_sc_hd__lpflow_lsbuf_lh_hl_isowell_tap_1,82,35033600,6.035999980814454e-15,4.01089968529722e-12,3.7011771425454754e-10,2.5330088027075703e-10
sky130_fd_sc_hd__lpflow_lsbuf_lh_hl_isowell_tap_2,82,35033600,6.056999621642783e-15,7.253599630663299e-12,2.74484296403088e-10,2.2253072995415124e-10
sky130_fd_sc_hd__lpflow_lsbuf_lh_hl_isowell_tap_4,82,40038400,6.035999980814454e-15,7.984099492652774e-12,2.6630533889182573e-10,2.3515514535610293e-10
sky130_fd_sc_hd__lpflow_lsbuf_lh_isowell_4,83,40038400,6.035999980814454e-15,7.980800048601466e-12,2.660353604078125e-10,2.3483021083237077e-10
sky130_fd_sc_hd__lpflow_lsbuf_lh_isowell_tap_1,84,35033600,6.036999903208688e-15,4.01089968529722e-12,3.7012168330186057e-10,2.532741794070148e-10
sky130_fd_sc_hd__lpflow_lsbuf_lh_isowell_tap_2,84,35033600,6.05799996755349e-15,7.253599630663299e-12,2.744581228952825e-10,2.224932044159189e-10
sky130_fd_sc_hd__lpflow_lsbuf_lh_isowell_tap_4,84,40038400,6.035999980814454e-15,7.984099492652774e-12,2.6627750004948325e-10,2.351247530008038e-10
sky130_fd_sc_hd__macro_sparecell,85,36284800,None,4.487112070794552e-11,None,None
sky130_fd_sc_hd__maj3_1,86,10009600,3.1449998753538006e-15,2.6246999365597823e-12,3.8940556335020915e-10,3.801712555873138e-10
sky130_fd_sc_hd__maj3_2,86,11260800,3.863000058588117e-15,4.137599551173876e-12,3.28797322701746e-10,3.1356278684668837e-10
sky130_fd_sc_hd__maj3_4,86,13763200,5.174999883776404e-15,4.0371998279165044e-12,3.4820588079576e-10,3.264156722693201e-10
sky130_fd_sc_hd__mux2_1,87,11260800,3.519999995828119e-15,6.5025996739964675e-12,3.1354677187955815e-10,3.3222258277731953e-10
sky130_fd_sc_hd__mux2_2,87,11260800,3.3519999045861747e-15,5.196499914400521e-12,3.232609180336965e-10,3.3030175816683993e-10
sky130_fd_sc_hd__mux2_4,87,15014400,5.371999842033494e-15,6.114499965376163e-12,2.888878025686381e-10,2.897657669365117e-10
sky130_fd_sc_hd__mux2_8,87,26275200,8.197000410793513e-15,7.867999654576074e-12,3.4669306314683013e-10,3.3091787643435566e-10
sky130_fd_sc_hd__mux2i_1,88,10009600,4.829000053833705e-15,5.004000143936371e-13,2.4709390089583394e-10,2.5152571692110826e-10
sky130_fd_sc_hd__mux2i_2,88,13763200,6.715999724936101e-15,1.1943999391958449e-12,3.0778077309001617e-10,2.278584126935712e-10
sky130_fd_sc_hd__mux2i_4,88,22521600,1.1598000324345402e-14,2.4341997601623477e-12,3.314855057112709e-10,2.0863154259753713e-10
sky130_fd_sc_hd__mux4_1,89,26275200,4.089000307376826e-15,1.1603699771878251e-11,5.452247542336863e-10,5.717790130255196e-10
sky130_fd_sc_hd__mux4_2,89,22521600,5.766000182064147e-15,5.250399941203465e-12,4.883661808285922e-10,4.996334457274543e-10
sky130_fd_sc_hd__mux4_4,89,25024000,5.77399998473449e-15,5.985899709931575e-12,6.133707430855395e-10,6.219528225770432e-10
sky130_fd_sc_hd__nand2_1,90,3753600,2.4280000380301914e-15,3.005879033635313e-14,8.398991918623366e-11,8.435815240792621e-11
sky130_fd_sc_hd__nand2_2,90,6256000,4.621000102207097e-15,1.074300045623977e-12,9.166171294205938e-11,6.185663092850291e-11
sky130_fd_sc_hd__nand2_4,90,11260800,9.2719995703071e-15,1.6809800079675696e-11,9.978111392694444e-11,4.9823239284263465e-11
sky130_fd_sc_hd__nand2_8,90,20019200,1.809600002667961e-14,4.02200001818967e-13,1.1286889478601125e-10,4.6391841757031926e-11
sky130_fd_sc_hd__nand2b_1,91,6256000,2.5070000481635215e-15,6.300000126614747e-13,1.3305001544949846e-10,1.5345805182143124e-10
sky130_fd_sc_hd__nand2b_2,91,8758400,4.775999931774582e-15,8.42200007650229e-13,1.5673672082439083e-10,1.7067638968804033e-10
sky130_fd_sc_hd__nand2b_4,91,13763200,9.31099950829753e-15,1.7622999413935414e-12,1.2493724110829163e-10,1.2449824504656704e-10
sky130_fd_sc_hd__nand3_1,92,5004800,2.4800000259368434e-15,2.262906963863224e-14,1.0335710759479255e-10,1.044768993541112e-10
sky130_fd_sc_hd__nand3_2,92,10009600,4.726000000414635e-15,4.0589154758595425e-14,1.08010961286098e-10,7.544689178962116e-11
sky130_fd_sc_hd__nand3_4,92,17516800,9.224999406129853e-15,9.947422795414732e-14,1.1673523259148055e-10,6.396198154456911e-11
sky130_fd_sc_hd__nand3b_1,93,7507200,2.437999897247239e-15,4.174999918265393e-13,1.4896620048610032e-10,1.7495198345596208e-10
sky130_fd_sc_hd__nand3b_2,93,11260800,4.6829999493307965e-15,2.806099970442677e-12,1.8630852416379184e-10,2.0257903687870282e-10
sky130_fd_sc_hd__nand3b_4,93,20019200,9.336000532768687e-15,4.068240189170069e-11,1.392123083476804e-10,1.3878063975791832e-10
sky130_fd_sc_hd__nand4_1,94,6256000,2.459000173350278e-15,1.9808312704937964e-14,1.2909823210449645e-10,1.2713126384955586e-10
sky130_fd_sc_hd__nand4_2,94,12512000,4.6589996942868195e-15,9.995699580545025e-12,1.494266793633514e-10,1.0835980723822303e-10
sky130_fd_sc_hd__nand4_4,94,21270400,9.201999920513057e-15,1.67971990483462e-11,1.606586114144548e-10,9.143878709760855e-11
sky130_fd_sc_hd__nand4b_1,95,8758400,2.429000172182662e-15,4.209999861747027e-13,1.6553131088059558e-10,1.9698626063657798e-10
sky130_fd_sc_hd__nand4b_2,95,15014400,4.695000288611022e-15,2.361489996605126e-11,1.842913460725626e-10,2.0211983475793005e-10
sky130_fd_sc_hd__nand4b_4,95,23772800,9.191999849537773e-15,4.067189987577713e-11,1.5547359233369917e-10,1.5479360848669188e-10
sky130_fd_sc_hd__nand4bb_1,96,11260800,2.4230000025425493e-15,7.155999425835502e-13,1.8817464253473304e-10,2.146715583073444e-10
sky130_fd_sc_hd__nand4bb_2,96,16265600,4.695999787488782e-15,8.362999962679973e-13,2.2411172917458089e-10,2.42685815887711e-10
sky130_fd_sc_hd__nand4bb_4,96,27526400,9.201000421635297e-15,8.799999574524153e-13,2.099417584222607e-10,2.0919591059431752e-10
sky130_fd_sc_hd__nor2_1,97,3753600,2.500999878523409e-15,5.535000084135044e-13,1.6754074516622808e-10,1.6364629096266015e-10
sky130_fd_sc_hd__nor2_2,97,6256000,4.739999760966854e-15,1.5349000282577352e-12,1.9060877876064808e-10,1.2520116887682065e-10
sky130_fd_sc_hd__nor2_4,97,11260800,9.28900036859144e-15,3.8425001028241645e-12,2.1225766977384097e-10,9.870967931924213e-11
sky130_fd_sc_hd__nor2_8,97,20019200,1.803199991125097e-14,8.91699995092532e-12,2.383719888143787e-10,8.9202471798e-11
sky130_fd_sc_hd__nor2b_1,98,6256000,2.4610000181387454e-15,3.98699953260695e-12,1.9528095807075374e-10,1.9154461350368024e-10
sky130_fd_sc_hd__nor2b_2,98,8758400,4.5380001907385954e-15,3.9074997577881465e-12,2.1680963968595535e-10,1.523529913338706e-10
sky130_fd_sc_hd__nor2b_4,98,13763200,9.107000093280804e-15,4.104699653090238e-12,2.446924607379941e-10,1.2997201925823987e-10
sky130_fd_sc_hd__nor3_1,99,5004800,2.5510000216415933e-15,1.0076999998331893e-12,3.0499766601188583e-10,2.924737119158749e-10
sky130_fd_sc_hd__nor3_2,99,10009600,4.689999829606906e-15,2.0797998739885415e-12,3.156594985398442e-10,2.1875154465611502e-10
sky130_fd_sc_hd__nor3_4,99,16265600,9.629000240652264e-15,6.348999884858708e-12,3.696625228144512e-10,1.9005511053826751e-10
sky130_fd_sc_hd__nor3b_1,100,7507200,2.5159999849863352e-15,2.5104998375297116e-12,3.204509158027946e-10,3.1143004841638344e-10
sky130_fd_sc_hd__nor3b_2,100,12512000,4.784000157961399e-15,7.26339995094083e-12,3.2044994435764806e-10,2.2230749185947474e-10
sky130_fd_sc_hd__nor3b_4,100,18768000,9.197000732058362e-15,4.508399729930002e-12,3.960541339331769e-10,2.0368021158567728e-10
sky130_fd_sc_hd__nor4_1,101,6256000,2.5859998465386147e-15,1.5416999274431298e-12,4.3687342632381387e-10,4.323836011455029e-10
sky130_fd_sc_hd__nor4_2,101,12512000,4.668000266384344e-15,3.0831999280056532e-12,4.784640461608092e-10,3.425354722086382e-10
sky130_fd_sc_hd__nor4_4,101,21270400,9.29799924662307e-15,8.960000276447833e-12,5.298871896819435e-10,2.9529817480167253e-10
sky130_fd_sc_hd__nor4b_1,102,8758400,2.5200000980797437e-15,1.5073998906739439e-12,4.843042633595473e-10,4.71647831901123e-10
sky130_fd_sc_hd__nor4b_2,102,15014400,4.726000000414635e-15,3.929299594029878e-12,4.863737190774486e-10,3.447469809625403e-10
sky130_fd_sc_hd__nor4b_4,102,23772800,9.069000501201081e-15,4.341000215540847e-12,5.312660866785279e-10,2.9777244558992777e-10
sky130_fd_sc_hd__nor4bb_1,103,10009600,2.494999920641533e-15,7.19899996819845e-13,4.382281759696127e-10,4.344515025511697e-10
sky130_fd_sc_hd__nor4bb_2,103,16265600,4.627000060088973e-15,8.940999524954807e-13,5.066720376589728e-10,3.632977529921533e-10
sky130_fd_sc_hd__nor4bb_4,103,25024000,9.12200019974373e-15,8.563000026932943e-13,5.494553145801717e-10,3.055298236631643e-10
sky130_fd_sc_hd__o2bb2a_1,104,10009600,1.7040000027931175e-15,6.124699705734038e-12,2.847251878712598e-10,3.0671432060813686e-10
sky130_fd_sc_hd__o2bb2a_2,104,11260800,2.0049998309843928e-15,4.387299985114668e-12,2.4870092096840324e-10,2.5828816863082693e-10
sky130_fd_sc_hd__o2bb2a_4,104,20019200,5.10999984595353e-15,5.153399842278139e-12,2.205327448434602e-10,2.0215326634875908e-10
sky130_fd_sc_hd__o2bb2ai_1,105,8758400,2.592999938572961e-15,5.60799995850958e-13,2.1213011902609935e-10,2.0819472534849837e-10
sky130_fd_sc_hd__o2bb2ai_2,105,15014400,5.124999952416456e-15,4.62559981637134e-12,2.4021026834297743e-10,1.566322349599858e-10
sky130_fd_sc_hd__o2bb2ai_4,105,27526400,9.191999849537773e-15,3.484199907755059e-12,2.4771598661210703e-10,1.3235211537843128e-10
sky130_fd_sc_hd__o21a_1,106,7507200,2.5649999939520492e-15,2.2050000714202156e-12,1.9240828375011176e-10,1.9158188924173203e-10
sky130_fd_sc_hd__o21a_2,106,8758400,2.5639998597995787e-15,3.1636000243084883e-12,2.0539195344504435e-10,2.0523144295125917e-10
sky130_fd_sc_hd__o21a_4,106,15014400,5.076999865844976e-15,3.927200144943077e-12,2.1467434774269378e-10,1.9698866149386873e-10
sky130_fd_sc_hd__o21ai_0,107,5004800,1.8179999437025873e-15,6.41394692891227e-14,2.2625183671021176e-10,2.731091741647873e-10
sky130_fd_sc_hd__o21ai_1,107,5004800,2.616999981858701e-15,5.89678994652662e-14,1.957612544289944e-10,1.9334439604890008e-10
sky130_fd_sc_hd__o21ai_2,107,8758400,5.0699999855688665e-15,1.4499999237329447e-13,2.3274024374408953e-10,1.530834625729227e-10
sky130_fd_sc_hd__o21ai_4,107,16265600,9.610999943490163e-15,3.379000096219442e-13,2.7085828024908665e-10,1.3954465361010193e-10
sky130_fd_sc_hd__o21ba_1,108,10009600,2.5759999873215672e-15,6.298100062307466e-12,2.3750698630031764e-10,2.3442936480932985e-10
sky130_fd_sc_hd__o21ba_2,108,10009600,2.5470001203064217e-15,3.087999907863681e-12,2.3485932643119156e-10,2.3285023909025426e-10
sky130_fd_sc_hd__o21ba_4,108,16265600,4.7070002043747734e-15,4.352999731505047e-12,2.2925963905073843e-10,2.0586735094418884e-10
sky130_fd_sc_hd__o21bai_1,109,7507200,2.494999920641533e-15,7.642999731369282e-13,2.071365301503647e-10,2.036368990099291e-10
sky130_fd_sc_hd__o21bai_2,109,11260800,4.714999583528643e-15,1.6158999052023892e-12,2.196290094236275e-10,1.8248672017939782e-10
sky130_fd_sc_hd__o21bai_4,109,18768000,9.318999734484346e-15,3.481899881266348e-12,2.480700644902356e-10,1.5362168481747318e-10
sky130_fd_sc_hd__o22a_1,110,8758400,2.5770001214740377e-15,1.526740019131001e-11,2.1911170100530342e-10,2.1828557017489203e-10
sky130_fd_sc_hd__o22a_2,110,10009600,2.5130000060453973e-15,2.7788999400202297e-12,2.328025411335588e-10,2.324185705004922e-10
sky130_fd_sc_hd__o22a_4,110,17516800,5.0349997371553715e-15,3.7075000187958285e-12,2.4759808092689184e-10,2.289379519293533e-10
sky130_fd_sc_hd__o22ai_1,111,6256000,2.5049999916168172e-15,1.0595047246226424e-14,2.30831978531576e-10,2.286236200355063e-10
sky130_fd_sc_hd__o22ai_2,111,12512000,4.61299987602028e-15,1.681859859714585e-11,2.471666205039469e-10,1.8236939736127056e-10
sky130_fd_sc_hd__o22ai_4,111,20019200,9.582000076475018e-15,4.005999904629215e-13,2.9177760207943493e-10,1.6411103032076824e-10
sky130_fd_sc_hd__o31a_1,112,8758400,2.51900017568551e-15,1.6138998774548052e-12,3.0779870319186386e-10,3.0718566579324147e-10
sky130_fd_sc_hd__o31a_2,112,10009600,2.5100000271044594e-15,2.0626000907242314e-12,3.434464657114944e-10,3.4305319696059655e-10
sky130_fd_sc_hd__o31a_4,112,17516800,5.115999803835406e-15,4.734499684660998e-12,3.538290216376083e-10,3.342365550995652e-10
sky130_fd_sc_hd__o31ai_1,113,7507200,2.672000160464528e-15,6.673600040640881e-12,3.572196982659648e-10,3.5637234829799525e-10
sky130_fd_sc_hd__o31ai_2,113,12512000,4.671000033567045e-15,1.0930682357510046e-14,4.0508774112879564e-10,2.9190441730442274e-10
sky130_fd_sc_hd__o31ai_4,113,21270400,9.39999980116438e-15,4.784999978711679e-13,4.3772510616157945e-10,2.523903031015351e-10
sky130_fd_sc_hd__o32a_1,114,10009600,2.5700000294396914e-15,1.59269993027511e-12,3.5888814142737147e-10,3.592554587150687e-10
sky130_fd_sc_hd__o32a_2,114,11260800,2.475999912843435e-15,3.044299838259046e-12,3.8562003590314475e-10,3.8543032654381193e-10
sky130_fd_sc_hd__o32a_4,114,22521600,4.650999891616476e-15,7.625399443822456e-12,3.8413855429908494e-10,3.634032519350683e-10
sky130_fd_sc_hd__o32ai_1,115,8758400,2.5480000427006554e-15,1.1739999976941723e-13,3.9115929939548266e-10,3.896212241727426e-10
sky130_fd_sc_hd__o32ai_2,115,16265600,4.712999738740176e-15,2.72000006068876e-13,4.067884917802189e-10,3.0573013565238227e-10
sky130_fd_sc_hd__o32ai_4,115,27526400,9.123000545654437e-15,5.870999758399165e-13,4.462433755847428e-10,2.75584638442794e-10
sky130_fd_sc_hd__o41a_1,116,11260800,2.6130000805235296e-15,1.3057999776952545e-12,4.3599091004153934e-10,4.361160321764146e-10
sky130_fd_sc_hd__o41a_2,116,12512000,2.5500000992473596e-15,1.6023899221395688e-11,4.904422978846412e-10,4.895949201610961e-10
sky130_fd_sc_hd__o41a_4,116,21270400,4.7699999738927065e-15,4.84159977734433e-12,4.994776259259481e-10,4.756574023545568e-10
sky130_fd_sc_hd__o41ai_1,117,8758400,2.565999916346283e-15,7.673240975990606e-15,5.299555239091092e-10,5.249583545641201e-10
sky130_fd_sc_hd__o41ai_2,117,16265600,4.691000175517613e-15,1.0063999980602922e-11,5.500015443082873e-10,4.090396354961001e-10
sky130_fd_sc_hd__o41ai_4,117,27526400,9.098999867093987e-15,1.7068199284486774e-11,6.075991376697232e-10,3.686802252378385e-10
sky130_fd_sc_hd__o211a_1,118,10009600,2.5049999916168172e-15,2.030150006437914e-11,2.3131967175071821e-10,2.3079101130196733e-10
sky130_fd_sc_hd__o211a_2,118,10009600,2.5400000282720754e-15,2.964599919719202e-12,2.567997203772876e-10,2.5582999607642876e-10
sky130_fd_sc_hd__o211a_4,118,17516800,5.156000087736543e-15,2.6662099611440837e-11,2.514036201439751e-10,2.3230020684827934e-10
sky130_fd_sc_hd__o211ai_1,119,7507200,2.4859999838187192e-15,8.872418723110051e-14,2.4471474846521346e-10,2.4143032018031363e-10
sky130_fd_sc_hd__o211ai_2,119,12512000,4.687000062424205e-15,9.990200507126179e-12,2.4786078745009377e-10,1.7982858258047685e-10
sky130_fd_sc_hd__o211ai_4,119,21270400,9.524999841322487e-15,1.4279999708752267e-13,3.0662619665555724e-10,1.726959131254091e-10
sky130_fd_sc_hd__o221a_1,120,11260800,2.5700000294396914e-15,1.1839400120006172e-11,2.679272081973494e-10,2.672561061345391e-10
sky130_fd_sc_hd__o221a_2,120,11260800,2.5470001203064217e-15,1.6036399638763577e-11,2.8451807576601595e-10,2.840337132159476e-10
sky130_fd_sc_hd__o221a_4,120,20019200,5.140000058879383e-15,2.67046992158404e-11,2.8636007454174717e-10,2.6668667274520885e-10
sky130_fd_sc_hd__o221ai_1,121,8758400,2.4740000680549675e-15,3.60696884957757e-14,2.596612092009565e-10,2.5722707297504144e-10
sky130_fd_sc_hd__o221ai_2,121,15014400,5.074000098662275e-15,8.318352110641206e-14,2.8357882708718307e-10,2.025056372589873e-10
sky130_fd_sc_hd__o221ai_4,121,26275200,9.583999921263485e-15,1.6884499007274734e-11,3.204641829679389e-10,1.8778843757782937e-10
sky130_fd_sc_hd__o311a_1,122,10009600,2.5289998231443206e-15,1.2026599334469257e-11,3.6269634517971383e-10,3.625877931234811e-10
sky130_fd_sc_hd__o311a_2,122,11260800,2.5229998652624448e-15,1.5441399894844388e-11,3.937369597029061e-10,3.937369597029061e-10
sky130_fd_sc_hd__o311a_4,122,21270400,4.82500036425677e-15,6.3874999040036684e-12,3.80858539150708e-10,3.595727882110822e-10
sky130_fd_sc_hd__o311ai_0,123,8758400,1.9809999994568894e-15,3.7228388910038115e-14,4.5115583491295297e-10,5.233937172555159e-10
sky130_fd_sc_hd__o311ai_1,123,8758400,2.6209998831938728e-15,6.609899693560406e-12,4.018080590473261e-10,3.950518245865453e-10
sky130_fd_sc_hd__o311ai_2,123,16265600,4.772999741075408e-15,6.490848711380309e-14,4.346862314541511e-10,3.2506672353882493e-10
sky130_fd_sc_hd__o311ai_4,123,26275200,9.250999929478771e-15,1.410999951861197e-13,4.68965866140536e-10,2.850949754051868e-10
sky130_fd_sc_hd__o2111a_1,124,11260800,2.499999956129175e-15,1.197329995566987e-11,2.564310153108096e-10,2.555871070342164e-10
sky130_fd_sc_hd__o2111a_2,124,12512000,2.5810000228092093e-15,2.948099880537014e-12,2.620459682578513e-10,2.5994517649508e-10
sky130_fd_sc_hd__o2111a_4,124,20019200,5.0340002382776115e-15,3.034639900478808e-11,3.001041359862455e-10,2.821613498404929e-10
sky130_fd_sc_hd__o2111ai_1,125,8758400,2.544000141365484e-15,2.3462863460920955e-14,2.6638194428052486e-10,2.6369426087136105e-10
sky130_fd_sc_hd__o2111ai_2,125,15014400,4.633000017970849e-15,4.123911363220975e-14,2.7768967680863454e-10,2.0964065206019455e-10
sky130_fd_sc_hd__o2111ai_4,125,26275200,9.108999938069271e-15,8.765174865218647e-14,3.16760867535848e-10,1.937711935351416e-10
sky130_fd_sc_hd__or2_0,126,6256000,1.6149999216845032e-15,2.604899802804983e-12,2.247583508196982e-10,2.4635604667366806e-10
sky130_fd_sc_hd__or2_1,126,6256000,1.5470000107998096e-15,5.2490997659582206e-12,2.2347255990151638e-10,2.424886957896888e-10
sky130_fd_sc_hd__or2_2,126,6256000,1.5699999199330792e-15,6.331299633871579e-12,2.866596959805179e-10,3.0061497735545117e-10
sky130_fd_sc_hd__or2_4,126,8758400,2.5450000637597175e-15,5.101399771362258e-12,2.360884820973297e-10,2.355024508737813e-10
sky130_fd_sc_hd__or2b_1,127,7507200,1.796999879357785e-15,1.5599999590720781e-12,2.265177767579729e-10,2.3947793748035906e-10
sky130_fd_sc_hd__or2b_2,127,8758400,1.7739999702245154e-15,1.93699982269091e-12,2.864519177414593e-10,2.96327934412588e-10
sky130_fd_sc_hd__or2b_4,127,11260800,2.6209998831938728e-15,4.634099961403626e-12,2.5017971028162833e-10,2.4908256013311814e-10
sky130_fd_sc_hd__or3_1,128,6256000,1.7230000105912155e-15,6.608199664553949e-12,3.7844122280361603e-10,4.0119349509204483e-10
sky130_fd_sc_hd__or3_2,128,7507200,1.7049999251873512e-15,5.96739975142202e-12,4.734414527085562e-10,4.905585937464707e-10
sky130_fd_sc_hd__or3_4,128,11260800,2.544000141365484e-15,4.632099825235825e-12,3.758817146426452e-10,3.7529912511047314e-10
sky130_fd_sc_hd__or3b_1,129,8758400,1.820999922643525e-15,1.3081998592040511e-12,3.829605244032308e-10,4.058227087710975e-10
sky130_fd_sc_hd__or3b_2,129,8758400,1.6149999216845032e-15,1.954100076195786e-12,4.613270598863295e-10,4.806782194499704e-10
sky130_fd_sc_hd__or3b_4,129,11260800,2.5620000150111113e-15,4.6116999108392065e-12,3.856632790899539e-10,3.8461506202125406e-10
sky130_fd_sc_hd__or4_1,130,7507200,1.8250000357369336e-15,7.307800198308456e-12,5.319913398693643e-10,5.638941535934805e-10
sky130_fd_sc_hd__or4_2,130,8758400,1.80800008448554e-15,6.604899786821772e-12,6.643732786137946e-10,6.875090496905045e-10
sky130_fd_sc_hd__or4_4,130,11260800,2.6249999962872812e-15,5.900399960290237e-12,5.268498970423252e-10,5.264781388625295e-10
sky130_fd_sc_hd__or4b_1,131,10009600,1.9090000813579058e-15,1.2684999535148012e-12,5.313605666579235e-10,5.628750243680258e-10
sky130_fd_sc_hd__or4b_2,131,10009600,1.5909999842778815e-15,1.9329000205958735e-12,6.706707966763759e-10,6.943626784661205e-10
sky130_fd_sc_hd__or4b_4,131,13763200,2.625999918681515e-15,4.289799852147391e-12,5.293965821273616e-10,5.290373139565929e-10
sky130_fd_sc_hd__or4bb_1,132,11260800,1.6270000492064917e-15,1.0637998728441067e-12,5.114861867383524e-10,5.404850456081078e-10
sky130_fd_sc_hd__or4bb_2,132,12512000,1.6110000203493316e-15,1.4982999649998385e-12,6.32531582667184e-10,6.536711727456179e-10
sky130_fd_sc_hd__or4bb_4,132,15014400,2.5620000150111113e-15,2.6198999567017545e-12,5.307239647756035e-10,5.30363308826054e-10
sky130_fd_sc_hd__probe_p_8,34,15014400,7.234999681608387e-15,7.192999668115263e-12,1.1301979491173952e-10,9.839479925277672e-11
sky130_fd_sc_hd__probec_p_8,34,15014400,7.254999823558955e-15,7.192999668115263e-12,1.14324168187796e-10,9.988455201836999e-11
sky130_fd_sc_hd__sdfbbn_1,133,38787200,3.5209999182223527e-15,1.5394768793086655e-11,4.891427263231662e-10,5.013057746694471e-10
sky130_fd_sc_hd__sdfbbn_2,133,41289600,3.5099999248528347e-15,1.4325879892085336e-11,4.967741218386834e-10,5.045564521743984e-10
sky130_fd_sc_hd__sdfbbp_1,134,38787200,3.517000016887181e-15,1.4560469149826893e-11,4.1614206525153463e-10,4.260204966577419e-10
sky130_fd_sc_hd__sdfrbp_1,135,35033600,3.972999992283297e-15,1.5884158571788376e-11,3.966447725822775e-10,4.0803793677213207e-10
sky130_fd_sc_hd__sdfrbp_2,135,36284800,3.972000069889063e-15,1.1923920184564452e-11,4.826130051149846e-10,4.883525250853893e-10
sky130_fd_sc_hd__sdfrtn_1,136,31280000,4.052999713052624e-15,1.7144400482616007e-11,3.5228367445405695e-10,3.711843055143049e-10
sky130_fd_sc_hd__sdfrtp_1,137,31280000,3.972999992283297e-15,1.7294499166098376e-11,3.218163513452055e-10,3.3606178950762455e-10
sky130_fd_sc_hd__sdfrtp_2,137,32531200,3.972000069889063e-15,1.4539300319249548e-11,3.4325045583649683e-10,3.5291408684301473e-10
sky130_fd_sc_hd__sdfrtp_4,137,35033600,3.972999992283297e-15,1.4224199075540955e-11,4.096773198458692e-10,4.171234191385764e-10
sky130_fd_sc_hd__sdfsbp_1,138,36284800,3.663999832026086e-15,1.992827951269316e-11,3.0420638230665986e-10,3.1106284215098867e-10
sky130_fd_sc_hd__sdfsbp_2,138,38787200,3.667000022725261e-15,1.7288850906460596e-11,3.2476094036226755e-10,3.293334494003375e-10
sky130_fd_sc_hd__sdfstp_1,139,33782400,3.678000016094779e-15,1.2909170260533287e-11,3.483506538781711e-10,3.5915878604519946e-10
sky130_fd_sc_hd__sdfstp_2,139,35033600,3.677000093700545e-15,1.2780279438906472e-11,3.512285184914532e-10,3.575365559171928e-10
sky130_fd_sc_hd__sdfstp_4,139,37536000,3.677000093700545e-15,1.3967259640534913e-11,3.6308905881909936e-10,3.669478332302134e-10
sky130_fd_sc_hd__sdfxbp_1,140,30028800,3.555000244241614e-15,1.3740500057202176e-11,3.4833583240079236e-10,3.558179861862243e-10
sky130_fd_sc_hd__sdfxbp_2,140,32531200,3.56100020212349e-15,1.3534219751865084e-11,3.8556585701954305e-10,3.899102152260525e-10
sky130_fd_sc_hd__sdfxtp_1,141,26275200,3.583000188862526e-15,8.453999653101896e-12,3.131715997639617e-10,3.2930286275600906e-10
sky130_fd_sc_hd__sdfxtp_2,141,27526400,3.563000046911957e-15,8.761299845339021e-12,3.055173891652885e-10,3.1464503225109297e-10
sky130_fd_sc_hd__sdfxtp_4,141,30028800,3.56100020212349e-15,9.31049942004547e-12,3.280777316483352e-10,3.325267283749156e-10
sky130_fd_sc_hd__sdlclkp_1,142,18768000,3.792999985277601e-15,1.3883299891659373e-11,1.4240429668799237e-10,1.5198171887664813e-10
sky130_fd_sc_hd__sdlclkp_2,142,20019200,3.79999986555371e-15,1.3652699630550824e-11,1.4085908828231908e-10,1.463092008657796e-10
sky130_fd_sc_hd__sdlclkp_4,142,22521600,4.485999991073707e-15,1.2850699671052013e-11,1.4725796970704863e-10,1.5051578039493307e-10
sky130_fd_sc_hd__sedfxbp_1,143,38787200,3.4290000699310373e-15,1.4248979600395284e-11,5.114099144165607e-10,5.188413032541916e-10
sky130_fd_sc_hd__sedfxbp_2,143,41289600,3.4290000699310373e-15,1.4284569187228424e-11,6.405385111207806e-10,6.455160850293851e-10
sky130_fd_sc_hd__sedfxtp_1,144,36284800,3.408000005586235e-15,1.1770199398464243e-11,3.725156294542842e-10,3.899228440129576e-10
sky130_fd_sc_hd__sedfxtp_2,144,37536000,3.408000005586235e-15,1.1257299779854346e-11,4.2206549366596846e-10,4.341380310801668e-10
sky130_fd_sc_hd__sedfxtp_4,144,40038400,3.408000005586235e-15,1.1533599596214028e-11,5.581096140794273e-10,5.66989122319228e-10
sky130_fd_sc_hd__tap_1,145,1251200,NaN,NaN,NaN,NaN
sky130_fd_sc_hd__tap_2,146,2502400,NaN,NaN,NaN,NaN
sky130_fd_sc_hd__tapvgnd2_1,147,1251200,NaN,NaN,NaN,NaN
sky130_fd_sc_hd__tapvgnd_1,148,1251200,NaN,NaN,NaN,NaN
sky130_fd_sc_hd__tapvpwrvgnd_1,149,1251200,NaN,NaN,NaN,NaN
sky130_fd_sc_hd__xnor2_1,150,8758400,4.676999991448921e-15,4.803999537582315e-13,3.6253053337098606e-10,2.2669727206547918e-10
sky130_fd_sc_hd__xnor2_2,150,16265600,9.039999787152989e-15,1.2316999633762982e-12,3.931427405845511e-10,1.7322238088368636e-10
sky130_fd_sc_hd__xnor2_4,150,27526400,1.7467000136312145e-14,3.0378000462349952e-12,4.405558695630418e-10,1.533416588150871e-10
sky130_fd_sc_hd__xnor3_1,151,22521600,5.435999957462134e-15,8.238500159851725e-12,4.0211170504456106e-10,4.0025405212418264e-10
sky130_fd_sc_hd__xnor3_2,151,23772800,5.435999957462134e-15,8.714799715203725e-12,4.074054149594275e-10,4.0563866154919026e-10
sky130_fd_sc_hd__xnor3_4,151,26275200,5.437999802250602e-15,9.742699702552926e-12,4.661943053818618e-10,4.649719775873251e-10
sky130_fd_sc_hd__xor2_1,152,8758400,4.544000148620471e-15,9.526299887818723e-12,3.296007911046672e-10,2.1388937843092037e-10
sky130_fd_sc_hd__xor2_2,152,16265600,9.375999969636877e-15,9.009899597234305e-12,3.937761505756754e-10,1.7198584223443447e-10
sky130_fd_sc_hd__xor2_4,152,27526400,1.810999978723183e-14,1.0758499126295451e-11,4.4491185735573424e-10,1.6475761033252212e-10
sky130_fd_sc_hd__xor3_1,153,23772800,5.4350000350679006e-15,1.1665599909671531e-11,4.187021562795934e-10,4.1682654550179166e-10
sky130_fd_sc_hd__xor3_2,153,25024000,5.4350000350679006e-15,1.2635799524762792e-11,4.2387704457524933e-10,4.2208253558939646e-10
sky130_fd_sc_hd__xor3_4,153,27526400,5.431999844368726e-15,1.358319966920929e-11,4.779358020456925e-10,4.768830330625917e-10
s8iom0s8_com_bus_slice_1um,154,197965000,NaN,NaN,NaN,NaN
s8iom0s8_com_bus_slice_tied_1um,155,197965000,NaN,NaN,NaN,NaN
