cell_name,is_seq,is_macro,is_in_clk,x0,y0,x1,y1,is_filler,is_buf,is_inv,libcell_name,cell_static_power,cell_dynamic_power
FILLER_0_0_1,0,0,0,2660,2800,8740,5600,1,0,0,FILLCELL_X16,0.0,0.0
FILLER_0_0_108,0,0,0,43320,2800,44080,5600,1,0,0,FILLCELL_X2,0.0,0.0
FILLER_0_0_120,0,0,0,47880,2800,50920,5600,1,0,0,FILLCELL_X8,0.0,0.0
FILLER_0_0_128,0,0,0,50920,2800,51680,5600,1,0,0,FILLCELL_X2,0.0,0.0
FILLER_0_0_133,0,0,0,52820,2800,58900,5600,1,0,0,FILLCELL_X16,0.0,0.0
FILLER_0_0_149,0,0,0,58900,2800,61940,5600,1,0,0,FILLCELL_X8,0.0,0.0
FILLER_0_0_157,0,0,0,61940,2800,62700,5600,1,0,0,FILLCELL_X2,0.0,0.0
FILLER_0_0_159,0,0,0,62700,2800,63080,5600,1,0,0,FILLCELL_X1,0.0,0.0
FILLER_0_0_17,0,0,0,8740,2800,10260,5600,1,0,0,FILLCELL_X4,0.0,0.0
FILLER_0_0_21,0,0,0,10260,2800,11020,5600,1,0,0,FILLCELL_X2,0.0,0.0
FILLER_0_10_104,0,0,0,41800,30800,44840,33600,1,0,0,FILLCELL_X8,0.0,0.0
FILLER_0_10_112,0,0,0,44840,30800,46360,33600,1,0,0,FILLCELL_X4,0.0,0.0
FILLER_0_10_123,0,0,0,49020,30800,49780,33600,1,0,0,FILLCELL_X2,0.0,0.0
FILLER_0_10_4,0,0,0,3800,30800,5320,33600,1,0,0,FILLCELL_X4,0.0,0.0
FILLER_0_10_61,0,0,0,25460,30800,26220,33600,1,0,0,FILLCELL_X2,0.0,0.0
FILLER_0_10_70,0,0,0,28880,30800,31920,33600,1,0,0,FILLCELL_X8,0.0,0.0
FILLER_0_10_78,0,0,0,31920,30800,32680,33600,1,0,0,FILLCELL_X2,0.0,0.0
FILLER_0_10_87,0,0,0,35340,30800,38380,33600,1,0,0,FILLCELL_X8,0.0,0.0
FILLER_0_10_95,0,0,0,38380,30800,38760,33600,1,0,0,FILLCELL_X1,0.0,0.0
FILLER_0_11_103,0,0,0,41420,33600,42940,36400,1,0,0,FILLCELL_X4,0.0,0.0
FILLER_0_11_107,0,0,0,42940,33600,43700,36400,1,0,0,FILLCELL_X2,0.0,0.0
FILLER_0_11_109,0,0,0,43700,33600,44080,36400,1,0,0,FILLCELL_X1,0.0,0.0
FILLER_0_11_123,0,0,0,49020,33600,49780,36400,1,0,0,FILLCELL_X2,0.0,0.0
FILLER_0_11_145,0,0,0,57380,33600,57760,36400,1,0,0,FILLCELL_X1,0.0,0.0
FILLER_0_11_150,0,0,0,59280,33600,60040,36400,1,0,0,FILLCELL_X2,0.0,0.0
FILLER_0_11_152,0,0,0,60040,33600,60420,36400,1,0,0,FILLCELL_X1,0.0,0.0
FILLER_0_11_156,0,0,0,61560,33600,61940,36400,1,0,0,FILLCELL_X1,0.0,0.0
FILLER_0_11_21,0,0,0,10260,33600,10640,36400,1,0,0,FILLCELL_X1,0.0,0.0
FILLER_0_11_29,0,0,0,13300,33600,13680,36400,1,0,0,FILLCELL_X1,0.0,0.0
FILLER_0_11_35,0,0,0,15580,33600,15960,36400,1,0,0,FILLCELL_X1,0.0,0.0
FILLER_0_11_55,0,0,0,23180,33600,24700,36400,1,0,0,FILLCELL_X4,0.0,0.0
FILLER_0_11_59,0,0,0,24700,33600,25460,36400,1,0,0,FILLCELL_X2,0.0,0.0
FILLER_0_11_61,0,0,0,25460,33600,25840,36400,1,0,0,FILLCELL_X1,0.0,0.0
FILLER_0_12_1,0,0,0,2660,36400,5700,39200,1,0,0,FILLCELL_X8,0.0,0.0
FILLER_0_12_107,0,0,0,42940,36400,43320,39200,1,0,0,FILLCELL_X1,0.0,0.0
FILLER_0_12_11,0,0,0,6460,36400,6840,39200,1,0,0,FILLCELL_X1,0.0,0.0
FILLER_0_12_122,0,0,0,48640,36400,51680,39200,1,0,0,FILLCELL_X8,0.0,0.0
FILLER_0_12_149,0,0,0,58900,36400,61940,39200,1,0,0,FILLCELL_X8,0.0,0.0
FILLER_0_12_15,0,0,0,7980,36400,9500,39200,1,0,0,FILLCELL_X4,0.0,0.0
FILLER_0_12_157,0,0,0,61940,36400,62700,39200,1,0,0,FILLCELL_X2,0.0,0.0
FILLER_0_12_159,0,0,0,62700,36400,63080,39200,1,0,0,FILLCELL_X1,0.0,0.0
FILLER_0_12_19,0,0,0,9500,36400,10260,39200,1,0,0,FILLCELL_X2,0.0,0.0
FILLER_0_12_23,0,0,0,11020,36400,12540,39200,1,0,0,FILLCELL_X4,0.0,0.0
FILLER_0_12_27,0,0,0,12540,36400,13300,39200,1,0,0,FILLCELL_X2,0.0,0.0
FILLER_0_12_63,0,0,0,26220,36400,29260,39200,1,0,0,FILLCELL_X8,0.0,0.0
FILLER_0_12_71,0,0,0,29260,36400,30780,39200,1,0,0,FILLCELL_X4,0.0,0.0
FILLER_0_12_75,0,0,0,30780,36400,31540,39200,1,0,0,FILLCELL_X2,0.0,0.0
FILLER_0_12_77,0,0,0,31540,36400,31920,39200,1,0,0,FILLCELL_X1,0.0,0.0
FILLER_0_12_9,0,0,0,5700,36400,6460,39200,1,0,0,FILLCELL_X2,0.0,0.0
FILLER_0_13_1,0,0,0,2660,39200,3420,42000,1,0,0,FILLCELL_X2,0.0,0.0
FILLER_0_13_104,0,0,0,41800,39200,42560,42000,1,0,0,FILLCELL_X2,0.0,0.0
FILLER_0_13_106,0,0,0,42560,39200,42940,42000,1,0,0,FILLCELL_X1,0.0,0.0
FILLER_0_13_114,0,0,0,45600,39200,46360,42000,1,0,0,FILLCELL_X2,0.0,0.0
FILLER_0_13_116,0,0,0,46360,39200,46740,42000,1,0,0,FILLCELL_X1,0.0,0.0
FILLER_0_13_13,0,0,0,7220,39200,7980,42000,1,0,0,FILLCELL_X2,0.0,0.0
FILLER_0_13_135,0,0,0,53580,39200,59660,42000,1,0,0,FILLCELL_X16,0.0,0.0
FILLER_0_13_151,0,0,0,59660,39200,62700,42000,1,0,0,FILLCELL_X8,0.0,0.0
FILLER_0_13_159,0,0,0,62700,39200,63080,42000,1,0,0,FILLCELL_X1,0.0,0.0
FILLER_0_13_17,0,0,0,8740,39200,9500,42000,1,0,0,FILLCELL_X2,0.0,0.0
FILLER_0_13_22,0,0,0,10640,39200,11020,42000,1,0,0,FILLCELL_X1,0.0,0.0
FILLER_0_13_28,0,0,0,12920,39200,13300,42000,1,0,0,FILLCELL_X1,0.0,0.0
FILLER_0_13_35,0,0,0,15580,39200,15960,42000,1,0,0,FILLCELL_X1,0.0,0.0
FILLER_0_13_65,0,0,0,26980,39200,30020,42000,1,0,0,FILLCELL_X8,0.0,0.0
FILLER_0_13_73,0,0,0,30020,39200,31540,42000,1,0,0,FILLCELL_X4,0.0,0.0
FILLER_0_13_77,0,0,0,31540,39200,32300,42000,1,0,0,FILLCELL_X2,0.0,0.0
FILLER_0_14_122,0,0,0,48640,42000,49020,44800,1,0,0,FILLCELL_X1,0.0,0.0
FILLER_0_14_136,0,0,0,53960,42000,60040,44800,1,0,0,FILLCELL_X16,0.0,0.0
FILLER_0_14_152,0,0,0,60040,42000,63080,44800,1,0,0,FILLCELL_X8,0.0,0.0
FILLER_0_14_20,0,0,0,9880,42000,10640,44800,1,0,0,FILLCELL_X2,0.0,0.0
FILLER_0_14_55,0,0,0,23180,42000,23560,44800,1,0,0,FILLCELL_X1,0.0,0.0
FILLER_0_14_73,0,0,0,30020,42000,30400,44800,1,0,0,FILLCELL_X1,0.0,0.0
FILLER_0_14_88,0,0,0,35720,42000,36480,44800,1,0,0,FILLCELL_X2,0.0,0.0
FILLER_0_15_134,0,0,0,53200,44800,59280,47600,1,0,0,FILLCELL_X16,0.0,0.0
FILLER_0_15_150,0,0,0,59280,44800,62320,47600,1,0,0,FILLCELL_X8,0.0,0.0
FILLER_0_15_158,0,0,0,62320,44800,63080,47600,1,0,0,FILLCELL_X2,0.0,0.0
FILLER_0_15_26,0,0,0,12160,44800,12540,47600,1,0,0,FILLCELL_X1,0.0,0.0
FILLER_0_15_49,0,0,0,20900,44800,26980,47600,1,0,0,FILLCELL_X16,0.0,0.0
FILLER_0_15_91,0,0,0,36860,44800,37240,47600,1,0,0,FILLCELL_X1,0.0,0.0
FILLER_0_16_102,0,0,0,41040,47600,44080,50400,1,0,0,FILLCELL_X8,0.0,0.0
FILLER_0_16_110,0,0,0,44080,47600,44460,50400,1,0,0,FILLCELL_X1,0.0,0.0
FILLER_0_16_129,0,0,0,51300,47600,57380,50400,1,0,0,FILLCELL_X16,0.0,0.0
FILLER_0_16_145,0,0,0,57380,47600,60420,50400,1,0,0,FILLCELL_X8,0.0,0.0
FILLER_0_16_153,0,0,0,60420,47600,61940,50400,1,0,0,FILLCELL_X4,0.0,0.0
FILLER_0_16_157,0,0,0,61940,47600,62700,50400,1,0,0,FILLCELL_X2,0.0,0.0
FILLER_0_16_159,0,0,0,62700,47600,63080,50400,1,0,0,FILLCELL_X1,0.0,0.0
FILLER_0_16_30,0,0,0,13680,47600,14440,50400,1,0,0,FILLCELL_X2,0.0,0.0
FILLER_0_16_51,0,0,0,21660,47600,22040,50400,1,0,0,FILLCELL_X1,0.0,0.0
FILLER_0_16_57,0,0,0,23940,47600,24700,50400,1,0,0,FILLCELL_X2,0.0,0.0
FILLER_0_16_63,0,0,0,26220,47600,26600,50400,1,0,0,FILLCELL_X1,0.0,0.0
FILLER_0_16_83,0,0,0,33820,47600,35340,50400,1,0,0,FILLCELL_X4,0.0,0.0
FILLER_0_16_87,0,0,0,35340,47600,36100,50400,1,0,0,FILLCELL_X2,0.0,0.0
FILLER_0_16_89,0,0,0,36100,47600,36480,50400,1,0,0,FILLCELL_X1,0.0,0.0
FILLER_0_16_94,0,0,0,38000,47600,39520,50400,1,0,0,FILLCELL_X4,0.0,0.0
FILLER_0_17_1,0,0,0,2660,50400,3040,53200,1,0,0,FILLCELL_X1,0.0,0.0
FILLER_0_17_104,0,0,0,41800,50400,44840,53200,1,0,0,FILLCELL_X8,0.0,0.0
FILLER_0_17_112,0,0,0,44840,50400,45220,53200,1,0,0,FILLCELL_X1,0.0,0.0
FILLER_0_17_13,0,0,0,7220,50400,7980,53200,1,0,0,FILLCELL_X2,0.0,0.0
FILLER_0_17_132,0,0,0,52440,50400,52820,53200,1,0,0,FILLCELL_X1,0.0,0.0
FILLER_0_17_135,0,0,0,53580,50400,59660,53200,1,0,0,FILLCELL_X16,0.0,0.0
FILLER_0_17_151,0,0,0,59660,50400,62700,53200,1,0,0,FILLCELL_X8,0.0,0.0
FILLER_0_17_159,0,0,0,62700,50400,63080,53200,1,0,0,FILLCELL_X1,0.0,0.0
FILLER_0_17_19,0,0,0,9500,50400,9880,53200,1,0,0,FILLCELL_X1,0.0,0.0
FILLER_0_17_47,0,0,0,20140,50400,21660,53200,1,0,0,FILLCELL_X4,0.0,0.0
FILLER_0_17_5,0,0,0,4180,50400,5700,53200,1,0,0,FILLCELL_X4,0.0,0.0
FILLER_0_17_55,0,0,0,23180,50400,23560,53200,1,0,0,FILLCELL_X1,0.0,0.0
FILLER_0_17_59,0,0,0,24700,50400,25080,53200,1,0,0,FILLCELL_X1,0.0,0.0
FILLER_0_17_79,0,0,0,32300,50400,32680,53200,1,0,0,FILLCELL_X1,0.0,0.0
FILLER_0_17_83,0,0,0,33820,50400,36860,53200,1,0,0,FILLCELL_X8,0.0,0.0
FILLER_0_17_9,0,0,0,5700,50400,6080,53200,1,0,0,FILLCELL_X1,0.0,0.0
FILLER_0_17_91,0,0,0,36860,50400,37240,53200,1,0,0,FILLCELL_X1,0.0,0.0
FILLER_0_17_95,0,0,0,38380,50400,39900,53200,1,0,0,FILLCELL_X4,0.0,0.0
FILLER_0_17_99,0,0,0,39900,50400,40660,53200,1,0,0,FILLCELL_X2,0.0,0.0
FILLER_0_18_1,0,0,0,2660,53200,5700,56000,1,0,0,FILLCELL_X8,0.0,0.0
FILLER_0_18_106,0,0,0,42560,53200,44080,56000,1,0,0,FILLCELL_X4,0.0,0.0
FILLER_0_18_110,0,0,0,44080,53200,44840,56000,1,0,0,FILLCELL_X2,0.0,0.0
FILLER_0_18_116,0,0,0,46360,53200,47120,56000,1,0,0,FILLCELL_X2,0.0,0.0
FILLER_0_18_118,0,0,0,47120,53200,47500,56000,1,0,0,FILLCELL_X1,0.0,0.0
FILLER_0_18_127,0,0,0,50540,53200,52060,56000,1,0,0,FILLCELL_X4,0.0,0.0
FILLER_0_18_131,0,0,0,52060,53200,52820,56000,1,0,0,FILLCELL_X2,0.0,0.0
FILLER_0_18_137,0,0,0,54340,53200,60420,56000,1,0,0,FILLCELL_X16,0.0,0.0
FILLER_0_18_153,0,0,0,60420,53200,61940,56000,1,0,0,FILLCELL_X4,0.0,0.0
FILLER_0_18_157,0,0,0,61940,53200,62700,56000,1,0,0,FILLCELL_X2,0.0,0.0
FILLER_0_18_159,0,0,0,62700,53200,63080,56000,1,0,0,FILLCELL_X1,0.0,0.0
FILLER_0_18_27,0,0,0,12540,53200,14060,56000,1,0,0,FILLCELL_X4,0.0,0.0
FILLER_0_18_31,0,0,0,14060,53200,14820,56000,1,0,0,FILLCELL_X2,0.0,0.0
FILLER_0_18_43,0,0,0,18620,53200,21660,56000,1,0,0,FILLCELL_X8,0.0,0.0
FILLER_0_18_51,0,0,0,21660,53200,22420,56000,1,0,0,FILLCELL_X2,0.0,0.0
FILLER_0_18_56,0,0,0,23560,53200,24320,56000,1,0,0,FILLCELL_X2,0.0,0.0
FILLER_0_18_58,0,0,0,24320,53200,24700,56000,1,0,0,FILLCELL_X1,0.0,0.0
FILLER_0_18_66,0,0,0,27360,53200,30400,56000,1,0,0,FILLCELL_X8,0.0,0.0
FILLER_0_18_74,0,0,0,30400,53200,31920,56000,1,0,0,FILLCELL_X4,0.0,0.0
FILLER_0_18_78,0,0,0,31920,53200,32680,56000,1,0,0,FILLCELL_X2,0.0,0.0
FILLER_0_18_80,0,0,0,32680,53200,33060,56000,1,0,0,FILLCELL_X1,0.0,0.0
FILLER_0_18_85,0,0,0,34580,53200,36100,56000,1,0,0,FILLCELL_X4,0.0,0.0
FILLER_0_18_89,0,0,0,36100,53200,36860,56000,1,0,0,FILLCELL_X2,0.0,0.0
FILLER_0_18_9,0,0,0,5700,53200,6080,56000,1,0,0,FILLCELL_X1,0.0,0.0
FILLER_0_18_94,0,0,0,38000,53200,38380,56000,1,0,0,FILLCELL_X1,0.0,0.0
FILLER_0_19_1,0,0,0,2660,56000,14820,58800,1,0,0,FILLCELL_X32,0.0,0.0
FILLER_0_19_125,0,0,0,49780,56000,50540,58800,1,0,0,FILLCELL_X2,0.0,0.0
FILLER_0_19_146,0,0,0,57760,56000,60800,58800,1,0,0,FILLCELL_X8,0.0,0.0
FILLER_0_19_154,0,0,0,60800,56000,62320,58800,1,0,0,FILLCELL_X4,0.0,0.0
FILLER_0_19_158,0,0,0,62320,56000,63080,58800,1,0,0,FILLCELL_X2,0.0,0.0
FILLER_0_19_33,0,0,0,14820,56000,17860,58800,1,0,0,FILLCELL_X8,0.0,0.0
FILLER_0_19_41,0,0,0,17860,56000,19380,58800,1,0,0,FILLCELL_X4,0.0,0.0
FILLER_0_19_45,0,0,0,19380,56000,20140,58800,1,0,0,FILLCELL_X2,0.0,0.0
FILLER_0_1_1,0,0,0,2660,5600,8740,8400,1,0,0,FILLCELL_X16,0.0,0.0
FILLER_0_1_134,0,0,0,53200,5600,59280,8400,1,0,0,FILLCELL_X16,0.0,0.0
FILLER_0_1_150,0,0,0,59280,5600,62320,8400,1,0,0,FILLCELL_X8,0.0,0.0
FILLER_0_1_158,0,0,0,62320,5600,63080,8400,1,0,0,FILLCELL_X2,0.0,0.0
FILLER_0_1_17,0,0,0,8740,5600,10260,8400,1,0,0,FILLCELL_X4,0.0,0.0
FILLER_0_1_32,0,0,0,14440,5600,15960,8400,1,0,0,FILLCELL_X4,0.0,0.0
FILLER_0_1_36,0,0,0,15960,5600,16720,8400,1,0,0,FILLCELL_X2,0.0,0.0
FILLER_0_1_38,0,0,0,16720,5600,17100,8400,1,0,0,FILLCELL_X1,0.0,0.0
FILLER_0_20_1,0,0,0,2660,58800,14820,61600,1,0,0,FILLCELL_X32,0.0,0.0
FILLER_0_20_103,0,0,0,41420,58800,41800,61600,1,0,0,FILLCELL_X1,0.0,0.0
FILLER_0_20_107,0,0,0,42940,58800,44460,61600,1,0,0,FILLCELL_X4,0.0,0.0
FILLER_0_20_134,0,0,0,53200,58800,53960,61600,1,0,0,FILLCELL_X2,0.0,0.0
FILLER_0_20_139,0,0,0,55100,58800,61180,61600,1,0,0,FILLCELL_X16,0.0,0.0
FILLER_0_20_155,0,0,0,61180,58800,62700,61600,1,0,0,FILLCELL_X4,0.0,0.0
FILLER_0_20_159,0,0,0,62700,58800,63080,61600,1,0,0,FILLCELL_X1,0.0,0.0
FILLER_0_20_33,0,0,0,14820,58800,16340,61600,1,0,0,FILLCELL_X4,0.0,0.0
FILLER_0_20_40,0,0,0,17480,58800,20520,61600,1,0,0,FILLCELL_X8,0.0,0.0
FILLER_0_20_48,0,0,0,20520,58800,22040,61600,1,0,0,FILLCELL_X4,0.0,0.0
FILLER_0_20_52,0,0,0,22040,58800,22420,61600,1,0,0,FILLCELL_X1,0.0,0.0
FILLER_0_20_91,0,0,0,36860,58800,37240,61600,1,0,0,FILLCELL_X1,0.0,0.0
FILLER_0_20_96,0,0,0,38760,58800,39140,61600,1,0,0,FILLCELL_X1,0.0,0.0
FILLER_0_2_1,0,0,0,2660,8400,5700,11200,1,0,0,FILLCELL_X8,0.0,0.0
FILLER_0_2_100,0,0,0,40280,8400,41800,11200,1,0,0,FILLCELL_X4,0.0,0.0
FILLER_0_2_104,0,0,0,41800,8400,42560,11200,1,0,0,FILLCELL_X2,0.0,0.0
FILLER_0_2_109,0,0,0,43700,8400,45220,11200,1,0,0,FILLCELL_X4,0.0,0.0
FILLER_0_2_11,0,0,0,6460,8400,6840,11200,1,0,0,FILLCELL_X1,0.0,0.0
FILLER_0_2_120,0,0,0,47880,8400,49400,11200,1,0,0,FILLCELL_X4,0.0,0.0
FILLER_0_2_124,0,0,0,49400,8400,50160,11200,1,0,0,FILLCELL_X2,0.0,0.0
FILLER_0_2_126,0,0,0,50160,8400,50540,11200,1,0,0,FILLCELL_X1,0.0,0.0
FILLER_0_2_134,0,0,0,53200,8400,59280,11200,1,0,0,FILLCELL_X16,0.0,0.0
FILLER_0_2_150,0,0,0,59280,8400,62320,11200,1,0,0,FILLCELL_X8,0.0,0.0
FILLER_0_2_158,0,0,0,62320,8400,63080,11200,1,0,0,FILLCELL_X2,0.0,0.0
FILLER_0_2_29,0,0,0,13300,8400,14060,11200,1,0,0,FILLCELL_X2,0.0,0.0
FILLER_0_2_31,0,0,0,14060,8400,14440,11200,1,0,0,FILLCELL_X1,0.0,0.0
FILLER_0_2_61,0,0,0,25460,8400,26980,11200,1,0,0,FILLCELL_X4,0.0,0.0
FILLER_0_2_65,0,0,0,26980,8400,27360,11200,1,0,0,FILLCELL_X1,0.0,0.0
FILLER_0_2_69,0,0,0,28500,8400,31540,11200,1,0,0,FILLCELL_X8,0.0,0.0
FILLER_0_2_77,0,0,0,31540,8400,33060,11200,1,0,0,FILLCELL_X4,0.0,0.0
FILLER_0_2_81,0,0,0,33060,8400,33440,11200,1,0,0,FILLCELL_X1,0.0,0.0
FILLER_0_2_85,0,0,0,34580,8400,35340,11200,1,0,0,FILLCELL_X2,0.0,0.0
FILLER_0_2_9,0,0,0,5700,8400,6460,11200,1,0,0,FILLCELL_X2,0.0,0.0
FILLER_0_3_1,0,0,0,2660,11200,8740,14000,1,0,0,FILLCELL_X16,0.0,0.0
FILLER_0_3_144,0,0,0,57000,11200,63080,14000,1,0,0,FILLCELL_X16,0.0,0.0
FILLER_0_3_17,0,0,0,8740,11200,11780,14000,1,0,0,FILLCELL_X8,0.0,0.0
FILLER_0_3_31,0,0,0,14060,11200,14820,14000,1,0,0,FILLCELL_X2,0.0,0.0
FILLER_0_3_33,0,0,0,14820,11200,15200,14000,1,0,0,FILLCELL_X1,0.0,0.0
FILLER_0_3_36,0,0,0,15960,11200,17480,14000,1,0,0,FILLCELL_X4,0.0,0.0
FILLER_0_3_40,0,0,0,17480,11200,17860,14000,1,0,0,FILLCELL_X1,0.0,0.0
FILLER_0_3_49,0,0,0,20900,11200,21280,14000,1,0,0,FILLCELL_X1,0.0,0.0
FILLER_0_3_58,0,0,0,24320,11200,27360,14000,1,0,0,FILLCELL_X8,0.0,0.0
FILLER_0_3_97,0,0,0,39140,11200,39900,14000,1,0,0,FILLCELL_X2,0.0,0.0
FILLER_0_4_1,0,0,0,2660,14000,3420,16800,1,0,0,FILLCELL_X2,0.0,0.0
FILLER_0_4_141,0,0,0,55860,14000,56620,16800,1,0,0,FILLCELL_X2,0.0,0.0
FILLER_0_4_143,0,0,0,56620,14000,57000,16800,1,0,0,FILLCELL_X1,0.0,0.0
FILLER_0_4_154,0,0,0,60800,14000,62320,16800,1,0,0,FILLCELL_X4,0.0,0.0
FILLER_0_4_158,0,0,0,62320,14000,63080,16800,1,0,0,FILLCELL_X2,0.0,0.0
FILLER_0_4_23,0,0,0,11020,14000,11780,16800,1,0,0,FILLCELL_X2,0.0,0.0
FILLER_0_4_30,0,0,0,13680,14000,14060,16800,1,0,0,FILLCELL_X1,0.0,0.0
FILLER_0_4_38,0,0,0,16720,14000,17100,16800,1,0,0,FILLCELL_X1,0.0,0.0
FILLER_0_4_53,0,0,0,22420,14000,22800,16800,1,0,0,FILLCELL_X1,0.0,0.0
FILLER_0_4_60,0,0,0,25080,14000,26600,16800,1,0,0,FILLCELL_X4,0.0,0.0
FILLER_0_4_64,0,0,0,26600,14000,26980,16800,1,0,0,FILLCELL_X1,0.0,0.0
FILLER_0_4_81,0,0,0,33060,14000,33820,16800,1,0,0,FILLCELL_X2,0.0,0.0
FILLER_0_4_83,0,0,0,33820,14000,34200,16800,1,0,0,FILLCELL_X1,0.0,0.0
FILLER_0_5_103,0,0,0,41420,16800,42940,19600,1,0,0,FILLCELL_X4,0.0,0.0
FILLER_0_5_107,0,0,0,42940,16800,43700,19600,1,0,0,FILLCELL_X2,0.0,0.0
FILLER_0_5_109,0,0,0,43700,16800,44080,19600,1,0,0,FILLCELL_X1,0.0,0.0
FILLER_0_5_11,0,0,0,6460,16800,6840,19600,1,0,0,FILLCELL_X1,0.0,0.0
FILLER_0_5_135,0,0,0,53580,16800,53960,19600,1,0,0,FILLCELL_X1,0.0,0.0
FILLER_0_5_15,0,0,0,7980,16800,8740,19600,1,0,0,FILLCELL_X2,0.0,0.0
FILLER_0_5_155,0,0,0,61180,16800,62700,19600,1,0,0,FILLCELL_X4,0.0,0.0
FILLER_0_5_159,0,0,0,62700,16800,63080,19600,1,0,0,FILLCELL_X1,0.0,0.0
FILLER_0_5_17,0,0,0,8740,16800,9120,19600,1,0,0,FILLCELL_X1,0.0,0.0
FILLER_0_5_28,0,0,0,12920,16800,14440,19600,1,0,0,FILLCELL_X4,0.0,0.0
FILLER_0_5_32,0,0,0,14440,16800,14820,19600,1,0,0,FILLCELL_X1,0.0,0.0
FILLER_0_5_39,0,0,0,17100,16800,18620,19600,1,0,0,FILLCELL_X4,0.0,0.0
FILLER_0_5_43,0,0,0,18620,16800,19000,19600,1,0,0,FILLCELL_X1,0.0,0.0
FILLER_0_5_54,0,0,0,22800,16800,23560,19600,1,0,0,FILLCELL_X2,0.0,0.0
FILLER_0_5_65,0,0,0,26980,16800,28500,19600,1,0,0,FILLCELL_X4,0.0,0.0
FILLER_0_5_69,0,0,0,28500,16800,28880,19600,1,0,0,FILLCELL_X1,0.0,0.0
FILLER_0_5_74,0,0,0,30400,16800,31920,19600,1,0,0,FILLCELL_X4,0.0,0.0
FILLER_0_5_78,0,0,0,31920,16800,32680,19600,1,0,0,FILLCELL_X2,0.0,0.0
FILLER_0_5_82,0,0,0,33440,16800,34960,19600,1,0,0,FILLCELL_X4,0.0,0.0
FILLER_0_5_86,0,0,0,34960,16800,35720,19600,1,0,0,FILLCELL_X2,0.0,0.0
FILLER_0_5_95,0,0,0,38380,16800,41420,19600,1,0,0,FILLCELL_X8,0.0,0.0
FILLER_0_6_109,0,0,0,43700,19600,44460,22400,1,0,0,FILLCELL_X2,0.0,0.0
FILLER_0_6_11,0,0,0,6460,19600,6840,22400,1,0,0,FILLCELL_X1,0.0,0.0
FILLER_0_6_111,0,0,0,44460,19600,44840,22400,1,0,0,FILLCELL_X1,0.0,0.0
FILLER_0_6_117,0,0,0,46740,19600,47120,22400,1,0,0,FILLCELL_X1,0.0,0.0
FILLER_0_6_134,0,0,0,53200,19600,53580,22400,1,0,0,FILLCELL_X1,0.0,0.0
FILLER_0_6_139,0,0,0,55100,19600,55480,22400,1,0,0,FILLCELL_X1,0.0,0.0
FILLER_0_6_150,0,0,0,59280,19600,60800,22400,1,0,0,FILLCELL_X4,0.0,0.0
FILLER_0_6_157,0,0,0,61940,19600,62700,22400,1,0,0,FILLCELL_X2,0.0,0.0
FILLER_0_6_159,0,0,0,62700,19600,63080,22400,1,0,0,FILLCELL_X1,0.0,0.0
FILLER_0_6_16,0,0,0,8360,19600,8740,22400,1,0,0,FILLCELL_X1,0.0,0.0
FILLER_0_6_20,0,0,0,9880,19600,10260,22400,1,0,0,FILLCELL_X1,0.0,0.0
FILLER_0_6_24,0,0,0,11400,19600,12160,22400,1,0,0,FILLCELL_X2,0.0,0.0
FILLER_0_6_31,0,0,0,14060,19600,14820,22400,1,0,0,FILLCELL_X2,0.0,0.0
FILLER_0_6_33,0,0,0,14820,19600,15200,22400,1,0,0,FILLCELL_X1,0.0,0.0
FILLER_0_6_4,0,0,0,3800,19600,4180,22400,1,0,0,FILLCELL_X1,0.0,0.0
FILLER_0_6_43,0,0,0,18620,19600,19380,22400,1,0,0,FILLCELL_X2,0.0,0.0
FILLER_0_6_45,0,0,0,19380,19600,19760,22400,1,0,0,FILLCELL_X1,0.0,0.0
FILLER_0_6_51,0,0,0,21660,19600,23180,22400,1,0,0,FILLCELL_X4,0.0,0.0
FILLER_0_6_55,0,0,0,23180,19600,23940,22400,1,0,0,FILLCELL_X2,0.0,0.0
FILLER_0_6_60,0,0,0,25080,19600,26600,22400,1,0,0,FILLCELL_X4,0.0,0.0
FILLER_0_6_64,0,0,0,26600,19600,26980,22400,1,0,0,FILLCELL_X1,0.0,0.0
FILLER_0_6_82,0,0,0,33440,19600,34200,22400,1,0,0,FILLCELL_X2,0.0,0.0
FILLER_0_7_1,0,0,0,2660,22400,3040,25200,1,0,0,FILLCELL_X1,0.0,0.0
FILLER_0_7_102,0,0,0,41040,22400,41800,25200,1,0,0,FILLCELL_X2,0.0,0.0
FILLER_0_7_104,0,0,0,41800,22400,42180,25200,1,0,0,FILLCELL_X1,0.0,0.0
FILLER_0_7_108,0,0,0,43320,22400,46360,25200,1,0,0,FILLCELL_X8,0.0,0.0
FILLER_0_7_116,0,0,0,46360,22400,47120,25200,1,0,0,FILLCELL_X2,0.0,0.0
FILLER_0_7_135,0,0,0,53580,22400,59660,25200,1,0,0,FILLCELL_X16,0.0,0.0
FILLER_0_7_151,0,0,0,59660,22400,62700,25200,1,0,0,FILLCELL_X8,0.0,0.0
FILLER_0_7_159,0,0,0,62700,22400,63080,25200,1,0,0,FILLCELL_X1,0.0,0.0
FILLER_0_7_31,0,0,0,14060,22400,14440,25200,1,0,0,FILLCELL_X1,0.0,0.0
FILLER_0_7_51,0,0,0,21660,22400,22040,25200,1,0,0,FILLCELL_X1,0.0,0.0
FILLER_0_7_61,0,0,0,25460,22400,31540,25200,1,0,0,FILLCELL_X16,0.0,0.0
FILLER_0_7_77,0,0,0,31540,22400,34580,25200,1,0,0,FILLCELL_X8,0.0,0.0
FILLER_0_7_85,0,0,0,34580,22400,36100,25200,1,0,0,FILLCELL_X4,0.0,0.0
FILLER_0_7_89,0,0,0,36100,22400,36860,25200,1,0,0,FILLCELL_X2,0.0,0.0
FILLER_0_7_98,0,0,0,39520,22400,41040,25200,1,0,0,FILLCELL_X4,0.0,0.0
FILLER_0_8_113,0,0,0,45220,25200,45980,28000,1,0,0,FILLCELL_X2,0.0,0.0
FILLER_0_8_147,0,0,0,58140,25200,61180,28000,1,0,0,FILLCELL_X8,0.0,0.0
FILLER_0_8_155,0,0,0,61180,25200,62700,28000,1,0,0,FILLCELL_X4,0.0,0.0
FILLER_0_8_159,0,0,0,62700,25200,63080,28000,1,0,0,FILLCELL_X1,0.0,0.0
FILLER_0_8_17,0,0,0,8740,25200,9500,28000,1,0,0,FILLCELL_X2,0.0,0.0
FILLER_0_8_19,0,0,0,9500,25200,9880,28000,1,0,0,FILLCELL_X1,0.0,0.0
FILLER_0_8_28,0,0,0,12920,25200,13300,28000,1,0,0,FILLCELL_X1,0.0,0.0
FILLER_0_8_34,0,0,0,15200,25200,15960,28000,1,0,0,FILLCELL_X2,0.0,0.0
FILLER_0_8_55,0,0,0,23180,25200,26220,28000,1,0,0,FILLCELL_X8,0.0,0.0
FILLER_0_8_83,0,0,0,33820,25200,35340,28000,1,0,0,FILLCELL_X4,0.0,0.0
FILLER_0_8_87,0,0,0,35340,25200,36100,28000,1,0,0,FILLCELL_X2,0.0,0.0
FILLER_0_8_89,0,0,0,36100,25200,36480,28000,1,0,0,FILLCELL_X1,0.0,0.0
FILLER_0_8_98,0,0,0,39520,25200,40280,28000,1,0,0,FILLCELL_X2,0.0,0.0
FILLER_0_9_116,0,0,0,46360,28000,47120,30800,1,0,0,FILLCELL_X2,0.0,0.0
FILLER_0_9_144,0,0,0,57000,28000,57380,30800,1,0,0,FILLCELL_X1,0.0,0.0
FILLER_0_9_155,0,0,0,61180,28000,61940,30800,1,0,0,FILLCELL_X2,0.0,0.0
FILLER_0_9_34,0,0,0,15200,28000,15580,30800,1,0,0,FILLCELL_X1,0.0,0.0
FILLER_0_9_5,0,0,0,4180,28000,4940,30800,1,0,0,FILLCELL_X2,0.0,0.0
FILLER_0_9_53,0,0,0,22420,28000,22800,30800,1,0,0,FILLCELL_X1,0.0,0.0
FILLER_0_9_57,0,0,0,23940,28000,24320,30800,1,0,0,FILLCELL_X1,0.0,0.0
FILLER_0_9_65,0,0,0,26980,28000,27740,30800,1,0,0,FILLCELL_X2,0.0,0.0
FILLER_0_9_7,0,0,0,4940,28000,5320,30800,1,0,0,FILLCELL_X1,0.0,0.0
FILLER_0_9_74,0,0,0,30400,28000,33440,30800,1,0,0,FILLCELL_X8,0.0,0.0
PHY_0,0,0,0,2280,2800,2660,5600,0,0,0,TAPCELL_X1,0.0,0.0
PHY_1,0,0,0,63080,2800,63460,5600,0,0,0,TAPCELL_X1,0.0,0.0
PHY_10,0,0,0,2280,16800,2660,19600,0,0,0,TAPCELL_X1,0.0,0.0
PHY_11,0,0,0,63080,16800,63460,19600,0,0,0,TAPCELL_X1,0.0,0.0
PHY_12,0,0,0,2280,19600,2660,22400,0,0,0,TAPCELL_X1,0.0,0.0
PHY_13,0,0,0,63080,19600,63460,22400,0,0,0,TAPCELL_X1,0.0,0.0
PHY_14,0,0,0,2280,22400,2660,25200,0,0,0,TAPCELL_X1,0.0,0.0
PHY_15,0,0,0,63080,22400,63460,25200,0,0,0,TAPCELL_X1,0.0,0.0
PHY_16,0,0,0,2280,25200,2660,28000,0,0,0,TAPCELL_X1,0.0,0.0
PHY_17,0,0,0,63080,25200,63460,28000,0,0,0,TAPCELL_X1,0.0,0.0
PHY_18,0,0,0,2280,28000,2660,30800,0,0,0,TAPCELL_X1,0.0,0.0
PHY_19,0,0,0,63080,28000,63460,30800,0,0,0,TAPCELL_X1,0.0,0.0
PHY_2,0,0,0,2280,5600,2660,8400,0,0,0,TAPCELL_X1,0.0,0.0
PHY_20,0,0,0,2280,30800,2660,33600,0,0,0,TAPCELL_X1,0.0,0.0
PHY_21,0,0,0,63080,30800,63460,33600,0,0,0,TAPCELL_X1,0.0,0.0
PHY_22,0,0,0,2280,33600,2660,36400,0,0,0,TAPCELL_X1,0.0,0.0
PHY_23,0,0,0,63080,33600,63460,36400,0,0,0,TAPCELL_X1,0.0,0.0
PHY_24,0,0,0,2280,36400,2660,39200,0,0,0,TAPCELL_X1,0.0,0.0
PHY_25,0,0,0,63080,36400,63460,39200,0,0,0,TAPCELL_X1,0.0,0.0
PHY_26,0,0,0,2280,39200,2660,42000,0,0,0,TAPCELL_X1,0.0,0.0
PHY_27,0,0,0,63080,39200,63460,42000,0,0,0,TAPCELL_X1,0.0,0.0
PHY_28,0,0,0,2280,42000,2660,44800,0,0,0,TAPCELL_X1,0.0,0.0
PHY_29,0,0,0,63080,42000,63460,44800,0,0,0,TAPCELL_X1,0.0,0.0
PHY_3,0,0,0,63080,5600,63460,8400,0,0,0,TAPCELL_X1,0.0,0.0
PHY_30,0,0,0,2280,44800,2660,47600,0,0,0,TAPCELL_X1,0.0,0.0
PHY_31,0,0,0,63080,44800,63460,47600,0,0,0,TAPCELL_X1,0.0,0.0
PHY_32,0,0,0,2280,47600,2660,50400,0,0,0,TAPCELL_X1,0.0,0.0
PHY_33,0,0,0,63080,47600,63460,50400,0,0,0,TAPCELL_X1,0.0,0.0
PHY_34,0,0,0,2280,50400,2660,53200,0,0,0,TAPCELL_X1,0.0,0.0
PHY_35,0,0,0,63080,50400,63460,53200,0,0,0,TAPCELL_X1,0.0,0.0
PHY_36,0,0,0,2280,53200,2660,56000,0,0,0,TAPCELL_X1,0.0,0.0
PHY_37,0,0,0,63080,53200,63460,56000,0,0,0,TAPCELL_X1,0.0,0.0
PHY_38,0,0,0,2280,56000,2660,58800,0,0,0,TAPCELL_X1,0.0,0.0
PHY_39,0,0,0,63080,56000,63460,58800,0,0,0,TAPCELL_X1,0.0,0.0
PHY_4,0,0,0,2280,8400,2660,11200,0,0,0,TAPCELL_X1,0.0,0.0
PHY_40,0,0,0,2280,58800,2660,61600,0,0,0,TAPCELL_X1,0.0,0.0
PHY_41,0,0,0,63080,58800,63460,61600,0,0,0,TAPCELL_X1,0.0,0.0
PHY_5,0,0,0,63080,8400,63460,11200,0,0,0,TAPCELL_X1,0.0,0.0
PHY_6,0,0,0,2280,11200,2660,14000,0,0,0,TAPCELL_X1,0.0,0.0
PHY_7,0,0,0,63080,11200,63460,14000,0,0,0,TAPCELL_X1,0.0,0.0
PHY_8,0,0,0,2280,14000,2660,16800,0,0,0,TAPCELL_X1,0.0,0.0
PHY_9,0,0,0,63080,14000,63460,16800,0,0,0,TAPCELL_X1,0.0,0.0
_345_,0,0,0,37620,8400,38760,11200,0,0,1,INV_X2,2.727316328332563e-08,6.173494512040634e-06
_347_,0,0,0,36860,14000,38000,16800,0,0,0,NAND2_X1,1.512563052585847e-08,1.9090284695266746e-06
_348_,0,0,0,32680,16800,33440,19600,0,0,1,INV_X1,1.3621795247331647e-08,5.925395726080751e-06
_349_,0,0,0,33060,11200,34960,14000,0,0,0,NOR2_X2,4.244815698939419e-08,3.6690389606519602e-06
_350_,0,0,0,31160,11200,33060,14000,0,0,0,NOR2_X2,4.243768358946909e-08,2.984939783345908e-06
_351_,0,0,0,34200,14000,36860,16800,0,0,0,OAI21_X2,5.855003593069341e-08,6.0382035371731035e-06
_352_,0,0,0,12920,11200,14060,14000,0,0,1,INV_X2,2.6651161277868596e-08,4.608059043675894e-06
_353_,0,0,0,12540,14000,13680,16800,0,0,0,NAND2_X1,1.5314901347096566e-08,2.5317885956610553e-06
_354_,0,0,0,11780,14000,12540,16800,0,0,1,INV_X1,1.3502969409273646e-08,1.4032000308361603e-06
_355_,0,0,0,11780,11200,12920,14000,0,0,0,NAND2_X1,1.4611252652230178e-08,2.945047071989393e-06
_356_,0,0,0,18620,14000,20520,16800,0,0,0,NAND2_X2,5.4526555715028735e-08,5.8925061239278875e-06
_357_,0,0,0,21280,11200,22420,14000,0,0,1,INV_X2,2.6651008511180407e-08,5.096094355394598e-06
_358_,0,0,0,17860,11200,19760,14000,0,0,0,NAND2_X2,3.0626857494553406e-08,3.3863609587569954e-06
_359_,0,0,0,17100,5600,17860,8400,0,0,1,INV_X1,1.3502530649134314e-08,1.4353170172398677e-06
_360_,0,0,0,19760,11200,20900,14000,0,0,0,NAND2_X1,1.4611257981300696e-08,1.4822007869952358e-06
_361_,0,0,0,20520,14000,21660,16800,0,0,0,NAND2_X1,2.7263226343166025e-08,4.054360033478588e-06
_362_,0,0,0,20900,16800,22800,19600,0,0,0,NOR2_X2,4.108062157115455e-08,4.008923497167416e-06
_363_,0,0,0,25840,16800,26980,19600,0,0,0,NAND2_X1,1.3712555535505544e-08,3.5434982237347867e-06
_364_,0,0,0,15200,11200,15960,14000,0,0,1,INV_X1,1.6670123059725483e-08,1.2643664604183869e-06
_365_,0,0,0,17100,14000,18620,16800,0,0,0,OAI21_X1,2.9744983365276312e-08,2.9471204925357597e-06
_366_,0,0,0,19000,16800,19760,19600,0,0,1,INV_X1,1.343110689333571e-08,2.8012768780172337e-06
_367_,0,0,0,19760,19600,21660,22400,0,0,0,NAND2_X2,4.498473771263889e-08,1.2370510376058519e-05
_369_,0,0,0,12920,28000,15200,30800,0,0,0,XNOR2_X1,3.773438805865226e-08,7.6054407145420555e-06
_370_,0,0,0,19380,25200,23180,28000,0,0,0,XNOR2_X2,7.504868193564107e-08,1.1073027962993365e-05
_371_,0,0,0,18620,28000,20520,30800,0,0,0,NAND2_X2,3.602650622269721e-08,8.662635991640855e-06
_372_,0,0,0,16720,47600,20520,50400,0,0,0,XNOR2_X2,7.504867483021371e-08,1.3942730220151134e-05
_373_,0,0,0,11780,42000,15580,44800,0,0,0,XNOR2_X2,7.504866772478636e-08,1.3474725164996926e-05
_374_,0,0,0,17100,39200,20520,42000,0,0,0,NAND2_X4,7.185588657421249e-08,1.71243809745647e-05
_375_,0,0,0,17480,30800,20900,33600,0,0,0,NOR2_X4,9.660672617428645e-08,5.991244961478515e-06
_376_,0,0,0,20900,30800,24320,33600,0,0,0,NAND2_X4,6.092547977232243e-08,3.7892168620601296e-06
_377_,0,0,0,20900,22400,21660,25200,0,0,1,INV_X1,1.3636588747090173e-08,4.7111093408602756e-06
_378_,0,0,0,13300,25200,15200,28000,0,0,0,NAND2_X2,3.025166961379e-08,3.3355415780533804e-06
_379_,0,0,0,10260,36400,11020,39200,0,0,1,INV_X1,1.3503070661613492e-08,2.0706781924673123e-06
_380_,0,0,0,11400,30800,14060,33600,0,0,0,OAI21_X2,6.171413247102464e-08,6.227604899322614e-06
_381_,0,0,0,16720,28000,17480,30800,0,0,1,INV_X1,1.3325593073432174e-08,5.065392542746849e-06
_382_,0,0,0,13680,33600,15580,36400,0,0,0,NOR2_X2,4.275704412748382e-08,3.3802971302066e-06
_383_,0,0,0,14440,36400,15200,39200,0,0,1,INV_X1,1.2036215579769305e-08,1.915484062919859e-06
_384_,0,0,0,16720,33600,18620,36400,0,0,0,NAND2_X2,4.813790610569413e-08,6.1859436755185015e-06
_385_,0,0,0,18620,33600,22040,36400,0,0,0,NOR2_X4,9.507860454505135e-08,5.989666533423588e-06
_386_,0,0,0,15960,47600,16720,50400,0,0,1,INV_X1,1.363659585251753e-08,3.898624527209904e-06
_387_,0,0,0,20520,47600,21660,50400,0,0,0,NAND2_X1,1.512600888986526e-08,1.9462258933344856e-06
_388_,0,0,0,18240,42000,19380,44800,0,0,1,INV_X2,2.89924209084802e-08,6.727243089699186e-06
_389_,0,0,0,9120,44800,9880,47600,0,0,1,INV_X1,1.363659407616069e-08,4.188119419268332e-06
_390_,0,0,0,12540,44800,13680,47600,0,0,0,NAND2_X1,1.5125973362728473e-08,2.7400062663218705e-06
_391_,0,0,0,18240,44800,20900,47600,0,0,0,OAI21_X2,6.433153032503469e-08,7.841183105483651e-06
_392_,0,0,0,17860,36400,21280,39200,0,0,0,NOR2_X4,7.690618275546512e-08,1.2320277164690197e-05
_393_,0,0,0,21280,36400,24700,39200,0,0,0,NAND2_X4,9.658609201323998e-08,2.2888925741426647e-05
_394_,0,0,0,44460,47600,45600,50400,0,0,1,INV_X2,2.7273204139532936e-08,6.761862096027471e-06
_395_,0,0,0,40280,42000,44080,44800,0,0,0,XNOR2_X2,7.229815679465901e-08,1.2753048395097721e-05
_396_,0,0,0,32680,25200,33820,28000,0,0,1,INV_X2,2.7273202363176097e-08,5.788112048321636e-06
_397_,0,0,0,34200,33600,36480,36400,0,0,0,XNOR2_X1,3.605292064889909e-08,6.212520020199008e-06
_398_,0,0,0,37620,33600,38760,36400,0,0,0,NOR2_X1,2.1045902798277893e-08,5.887208772037411e-06
_399_,0,0,0,26220,42000,30020,44800,0,0,0,XNOR2_X2,7.564536019799561e-08,1.2302610230108257e-05
_400_,0,0,0,26600,47600,30400,50400,0,0,0,XNOR2_X2,7.504866772478636e-08,1.2518208677647635e-05
_401_,0,0,0,35720,44800,36860,47600,0,0,0,NAND2_X1,1.801326732220332e-08,3.17147441819543e-06
_402_,0,0,0,37240,39200,38000,42000,0,0,1,INV_X1,1.6302253769140407e-08,3.89966362490668e-06
_403_,0,0,0,38000,39200,39900,42000,0,0,0,AND2_X2,4.624816796194864e-08,7.431646281474968e-06
_404_,0,0,0,43320,36400,46740,39200,0,0,0,NAND2_X4,2.2477234296047754e-08,3.4947033782373182e-06
_405_,0,0,0,39900,39200,41040,42000,0,0,0,NAND2_X1,1.5126023100719976e-08,1.401506551701459e-06
_406_,0,0,0,36480,33600,37620,36400,0,0,0,NAND2_X1,1.5126003560794743e-08,2.4334062800335232e-06
_407_,0,0,0,38760,33600,40280,36400,0,0,0,OAI21_X1,3.2165822005936207e-08,3.8391435737139545e-06
_408_,0,0,0,23560,42000,24320,44800,0,0,1,INV_X1,1.350310441239344e-08,1.4347302794703864e-06
_409_,0,0,0,25080,42000,26220,44800,0,0,0,NOR2_X1,2.1182682274911713e-08,1.9600524865381885e-06
_410_,0,0,0,31540,50400,32300,53200,0,0,1,INV_X1,1.363659762887437e-08,3.7805616557307076e-06
_411_,0,0,0,30400,47600,31920,50400,0,0,0,AND2_X1,2.4084137351110257e-08,3.311882210255135e-06
_412_,0,0,0,30400,42000,33060,44800,0,0,0,AOI21_X2,4.2296942837083407e-08,7.388947778963484e-06
_413_,0,0,0,41040,39200,41800,42000,0,0,1,INV_X1,1.5714254786303172e-08,2.7127746307087364e-06
_414_,0,0,0,40280,36400,42940,39200,0,0,0,AOI21_X2,4.291091215691267e-08,1.2451067959773354e-05
_415_,0,0,0,44080,33600,47500,36400,0,0,0,NAND2_X4,9.655051513846047e-08,1.818073542381171e-05
_416_,0,0,0,52060,30800,55860,33600,0,0,0,XNOR2_X2,7.504866772478636e-08,1.1763006114051677e-05
_417_,0,0,0,57380,25200,58140,28000,0,0,1,INV_X1,1.4496205125169581e-08,6.23656978859799e-06
_418_,0,0,0,39900,28000,41040,30800,0,0,1,INV_X2,2.7273204139532936e-08,5.66051767236786e-06
_419_,0,0,0,41420,25200,45220,28000,0,0,0,XNOR2_X2,7.229815679465901e-08,1.6501149730174802e-05
_420_,0,0,0,53580,28000,57000,30800,0,0,0,NOR2_X4,8.418358277140214e-08,1.3116128684487194e-05
_421_,0,0,0,49020,28000,52440,30800,0,0,0,NAND2_X4,4.2799719324193575e-08,8.052112207224127e-06
_422_,0,0,0,43700,28000,44840,30800,0,0,0,NAND2_X1,1.5126024877076816e-08,1.3461817616189364e-06
_423_,0,0,0,55860,30800,56620,33600,0,0,1,INV_X1,1.363659762887437e-08,4.364938376966165e-06
_424_,0,0,0,53960,25200,55100,28000,0,0,0,NAND2_X1,1.512601244257894e-08,2.6873613023781218e-06
_425_,0,0,0,44840,28000,46360,30800,0,0,0,OAI21_X1,3.2165825558649885e-08,4.078911842952948e-06
_426_,0,0,0,45980,25200,46740,28000,0,0,1,INV_X1,1.2877475086270351e-08,4.457273007574258e-06
_427_,0,0,0,46740,25200,50160,28000,0,0,0,NAND2_X4,1.0187106624925946e-07,1.5234310922096483e-05
_428_,0,0,0,60420,16800,61180,19600,0,0,1,INV_X1,1.363659762887437e-08,5.3290623327484354e-06
_429_,0,0,0,41420,19600,43700,22400,0,0,0,XNOR2_X1,3.605292064889909e-08,6.153783942863811e-06
_430_,0,0,0,44840,19600,45600,22400,0,0,1,INV_X1,1.4210161936034638e-08,7.782868124195375e-06
_431_,0,0,0,48260,16800,51680,19600,0,0,0,NAND2_X4,6.870778435086322e-08,1.2011034414172173e-05
_432_,0,0,0,42560,11200,43700,14000,0,0,0,NAND2_X1,1.5126019548006298e-08,4.245714080752805e-06
_433_,0,0,0,48640,14000,52060,16800,0,0,0,NAND2_X4,1.098803039667473e-07,1.2136573786847293e-05
_434_,0,0,0,55860,11200,57000,14000,0,0,1,INV_X2,2.7273912905911857e-08,6.336572823784081e-06
_435_,0,0,0,45600,11200,49400,14000,0,0,0,XNOR2_X2,7.229707676970065e-08,1.2609190889634192e-05
_436_,0,0,0,44080,16800,44840,19600,0,0,1,INV_X1,1.4210478127552051e-08,5.68737823414267e-06
_437_,0,0,0,44840,16800,48260,19600,0,0,0,NAND2_X4,6.850487466181221e-08,8.621238521300256e-06
_438_,0,0,0,52060,14000,53580,16800,0,0,0,NAND3_X1,2.3253587499993955e-08,6.132836006145226e-06
_439_,0,0,0,43700,11200,45600,14000,0,0,0,AND2_X2,5.5192082015764754e-08,1.0536977242736612e-05
_440_,0,0,0,35340,8400,37620,11200,0,0,0,XNOR2_X1,3.743463494743082e-08,5.215445071371505e-06
_441_,0,0,0,38000,14000,38760,16800,0,0,1,INV_X1,1.2215056521824863e-08,1.6404494544985937e-06
_442_,0,0,0,36860,11200,39140,14000,0,0,0,XNOR2_X1,3.5379351004394266e-08,9.902977581077721e-06
_443_,0,0,0,41420,2800,42180,5600,0,0,1,INV_X1,1.4425133088025177e-08,2.948826931969961e-06
_444_,0,0,0,21660,14000,22420,16800,0,0,1,INV_X1,1.3669053444687052e-08,3.2585378448857227e-06
_445_,0,0,0,22800,14000,25080,16800,0,0,0,XNOR2_X1,3.402969994681371e-08,9.70931796473451e-06
_446_,0,0,0,24700,8400,25460,11200,0,0,1,INV_X1,1.4579535800862686e-08,3.2809446111059515e-06
_447_,0,0,0,23560,16800,24700,19600,0,0,0,NAND2_X1,2.0816838031123552e-08,2.7822832180390833e-06
_448_,0,0,0,19760,16800,20900,19600,0,0,0,NAND2_X1,2.5338660947227254e-08,3.4086822324752575e-06
_449_,0,0,0,14820,16800,17100,19600,0,0,0,XNOR2_X1,3.6351039511828276e-08,1.0368034054408781e-05
_450_,0,0,0,17100,25200,19380,28000,0,0,0,XNOR2_X1,3.6072037801204715e-08,1.3656434930453543e-05
_451_,0,0,0,11020,25200,11780,28000,0,0,1,INV_X1,1.4361184241806768e-08,4.357168108981568e-06
_452_,0,0,0,20520,28000,22420,30800,0,0,0,NAND2_X2,3.607737397715027e-08,7.937408554425929e-06
_453_,0,0,0,14060,30800,15200,33600,0,0,0,NAND2_X1,2.6829322763433083e-08,4.021597305836622e-06
_454_,0,0,0,15200,30800,17480,33600,0,0,0,XOR2_X1,3.49325972592851e-08,1.329863334831316e-05
_455_,0,0,0,15960,33600,16720,36400,0,0,1,INV_X1,1.3704120505053652e-08,2.6789091407408705e-06
_456_,0,0,0,15200,36400,17860,39200,0,0,0,AOI21_X2,5.769336297589689e-08,9.139198482444044e-06
_457_,0,0,0,13300,39200,15580,42000,0,0,0,XNOR2_X1,3.697822492654268e-08,1.3621785001305398e-05
_458_,0,0,0,7980,39200,8740,42000,0,0,1,INV_X1,1.4338382925416226e-08,5.216579666011967e-06
_459_,0,0,0,15960,39200,17100,42000,0,0,0,NAND2_X1,1.7504413918345563e-08,3.340579496580176e-06
_460_,0,0,0,22040,42000,23180,44800,0,0,0,NAND2_X1,2.722666536669749e-08,4.310586518840864e-06
_461_,0,0,0,15960,44800,18240,47600,0,0,0,XNOR2_X1,3.74189532692526e-08,1.305797923123464e-05
_462_,0,0,0,31920,44800,35720,47600,0,0,0,XNOR2_X2,7.334253382396128e-08,2.275635051773861e-05
_463_,0,0,0,29640,58800,30400,61600,0,0,1,INV_X1,1.4327072861419765e-08,4.209408416500082e-06
_464_,0,0,0,30400,44800,31920,47600,0,0,0,AOI21_X1,2.626750728040861e-08,5.18672004545806e-06
_465_,0,0,0,28120,44800,30400,47600,0,0,0,XNOR2_X1,3.579218343929824e-08,1.3113902241457254e-05
_466_,0,0,0,35340,39200,36480,42000,0,0,0,NAND2_X1,1.0806608941038576e-08,3.120338988082949e-06
_467_,0,0,0,32300,39200,34200,42000,0,0,0,NAND2_X2,5.0038170940069904e-08,9.81286029855255e-06
_468_,0,0,0,36480,39200,37240,42000,0,0,1,INV_X1,1.4210161936034638e-08,5.566228082898306e-06
_469_,0,0,0,31920,36400,35720,39200,0,0,0,XNOR2_X2,7.331441764790725e-08,2.248722557851579e-05
_470_,0,0,0,34960,58800,35720,61600,0,0,1,INV_X1,1.4328285224962656e-08,4.073855052411091e-06
_471_,0,0,0,34200,39200,35340,42000,0,0,0,NAND2_X1,1.7267765883843822e-08,4.445239483175101e-06
_472_,0,0,0,38380,36400,40280,39200,0,0,0,NAND2_X2,5.5650662744710644e-08,8.214567060349509e-06
_473_,0,0,0,36480,42000,40280,44800,0,0,0,XNOR2_X2,7.396160128791962e-08,2.033090277109295e-05
_474_,0,0,0,49780,30800,52060,33600,0,0,0,XNOR2_X1,3.746225019085614e-08,1.4362681213242467e-05
_475_,0,0,0,56620,33600,57380,36400,0,0,1,INV_X1,1.4326205111103718e-08,4.626686859410256e-06
_476_,0,0,0,52440,28000,53580,30800,0,0,0,NAND2_X1,1.721901554674332e-08,4.591953256749548e-06
_477_,0,0,0,47120,28000,49020,30800,0,0,0,NAND2_X2,5.587888551872311e-08,8.384641660086345e-06
_478_,0,0,0,50160,25200,53960,28000,0,0,0,XNOR2_X2,7.397543555498487e-08,2.0221294107614085e-05
_479_,0,0,0,47120,19600,49400,22400,0,0,0,XNOR2_X1,3.75335140745392e-08,1.4250222193368245e-05
_480_,0,0,0,55100,14000,55860,16800,0,0,1,INV_X1,1.4324411878874344e-08,4.617876584234182e-06
_481_,0,0,0,30780,14000,33060,16800,0,0,0,XNOR2_X1,3.604142051472081e-08,6.0752649915229995e-06
_482_,0,0,0,38760,14000,40660,16800,0,0,0,NAND4_X1,2.3496525614064012e-08,2.3259078716364456e-06
_483_,0,0,0,38760,30800,40280,33600,0,0,0,NAND3_X1,2.2564865531649048e-08,2.1155501599423587e-06
_484_,0,0,0,40280,30800,41800,33600,0,0,0,NOR3_X1,3.192699082887884e-08,3.7578470823973475e-07
_485_,0,0,0,24320,42000,25080,44800,0,0,1,INV_X1,1.3325598402502692e-08,3.099740297329845e-06
_486_,0,0,0,22040,47600,23940,50400,0,0,0,NAND4_X1,2.4743540549820864e-08,2.423534169793129e-06
_487_,0,0,0,16720,19600,18620,22400,0,0,0,NAND4_X1,2.5339376819033532e-08,2.5078270482481457e-06
_488_,0,0,0,22800,28000,23940,30800,0,0,0,NOR2_X1,2.6685764709100113e-08,5.181116193853086e-07
_489_,0,0,0,40280,33600,41420,36400,0,0,0,NAND2_X1,3.859141894935192e-09,1.3669049891973373e-08
_490_,0,0,0,45600,58800,46360,61600,0,0,1,INV_X1,1.8602690943225753e-08,6.707232991232104e-09
_492_,0,0,0,50540,47600,51300,50400,0,0,1,INV_X1,1.2545036121025532e-08,2.7091323318018112e-06
_493_,0,0,0,48260,56000,49780,58800,0,0,0,OR2_X1,2.2406712929523565e-08,1.2484790659073042e-06
_497_,0,0,0,53960,58800,55100,61600,0,0,0,NAND2_X1,1.8484662689388642e-08,8.710024417268869e-07
_498_,0,0,0,46360,58800,48260,61600,0,0,0,OAI22_X1,3.404678494689506e-08,1.3385027841650299e-06
_500_,0,0,0,48640,53200,50540,56000,0,0,0,AND3_X1,1.987130815450655e-08,7.297662030225638e-09
_501_,0,0,0,49400,58800,50920,61600,0,0,0,AOI21_X1,2.3999220388759568e-08,1.0640558230079478e-06
_503_,0,0,0,52820,50400,53580,53200,0,0,1,INV_X1,1.5779560769146883e-08,8.399264288527775e-07
_504_,0,0,0,52820,53200,54340,56000,0,0,0,OAI21_X1,2.2045249181701365e-08,8.29816713121545e-07
_505_,0,0,0,47500,53200,48640,56000,0,0,0,NAND2_X1,3.809494497630794e-09,1.2030909601890016e-08
_506_,0,0,0,44840,53200,46360,56000,0,0,0,OAI21_X1,4.657013619180361e-08,1.552073136679155e-08
_507_,0,0,0,47500,14000,48640,16800,0,0,0,NAND2_X1,1.513062919400454e-08,1.4489994555333396e-06
_508_,0,0,0,53580,14000,55100,16800,0,0,0,OAI21_X1,3.216328536836954e-08,3.7901822906860616e-06
_509_,0,0,0,45600,19600,46740,22400,0,0,0,NOR2_X1,2.1046025366899812e-08,4.68720099888742e-06
_510_,0,0,0,46360,30800,47880,33600,0,0,0,AOI21_X1,2.138281729457958e-08,4.503424406721024e-06
_511_,0,0,0,47880,30800,49020,33600,0,0,0,NAND2_X1,1.0179060261350514e-08,2.337919795536436e-06
_512_,0,0,0,47500,33600,49020,36400,0,0,0,OAI21_X1,2.8344953051373523e-08,6.222179308679188e-06
_513_,0,0,0,46740,36400,47880,39200,0,0,1,INV_X2,2.704358692540154e-08,1.2442174920579419e-05
_514_,0,0,0,47880,36400,48640,39200,0,0,1,INV_X1,1.7997615842091363e-08,2.16374110095785e-06
_515_,0,0,0,42940,39200,45600,42000,0,0,0,NAND3_X2,7.743810925830985e-09,5.142321697348962e-07
_516_,0,0,0,52440,42000,53960,44800,0,0,0,NAND3_X1,1.6936382962740026e-08,3.660885795397917e-06
_517_,0,0,0,49020,42000,52440,44800,0,0,0,NAND2_X4,5.7253636498444394e-08,2.086553467961494e-05
_519_,0,0,0,28500,11200,31160,14000,0,0,0,MUX2_X1,3.601612874604143e-08,2.0056643279531272e-06
_520_,0,0,0,29640,14000,30780,16800,0,0,0,NAND2_X1,1.786102288292568e-08,1.35692812364141e-06
_522_,0,0,0,28880,16800,30400,19600,0,0,0,OAI21_X1,2.9119080480199955e-08,2.1103951439727098e-06
_523_,0,0,0,37620,2800,40280,5600,0,0,0,MUX2_X1,3.601920894880095e-08,1.979090711756726e-06
_524_,0,0,0,40280,2800,41420,5600,0,0,0,NAND2_X1,1.7892917369977113e-08,1.433429360986338e-06
_525_,0,0,0,38760,8400,40280,11200,0,0,0,OAI21_X1,2.9057975581281426e-08,2.122103751389659e-06
_526_,0,0,0,22040,5600,23180,8400,0,0,0,NAND2_X1,1.8484662689388642e-08,8.296543683172786e-07
_527_,0,0,0,20520,5600,22040,8400,0,0,0,OAI21_X1,2.9226660203107713e-08,1.4284373719419818e-06
_528_,0,0,0,23560,8400,24700,11200,0,0,0,NAND2_X1,1.654342263179842e-08,1.330536406385363e-06
_529_,0,0,0,20900,8400,22420,11200,0,0,0,OAI21_X1,3.0441213993981364e-08,2.1449400264828e-06
_530_,0,0,0,12160,2800,13300,5600,0,0,0,NAND2_X1,1.8484662689388642e-08,8.370823252334958e-07
_531_,0,0,0,11780,5600,13300,8400,0,0,0,OAI21_X1,2.9226441711216467e-08,1.4131346688373014e-06
_532_,0,0,0,13300,5600,14440,8400,0,0,0,NAND2_X1,1.6543761915954747e-08,1.3403023331193253e-06
_533_,0,0,0,10260,5600,11780,8400,0,0,0,OAI21_X1,3.044086582804084e-08,2.077293629554333e-06
_536_,0,0,0,10260,22400,12920,25200,0,0,0,MUX2_X1,3.601926579221981e-08,1.9799590518232435e-06
_537_,0,0,0,12920,22400,14060,25200,0,0,0,NAND2_X1,1.789298131882333e-08,1.4119552815827774e-06
_538_,0,0,0,15200,19600,16720,22400,0,0,0,OAI21_X1,2.9057915185148886e-08,2.1109258341311943e-06
_539_,0,0,0,3800,25200,4940,28000,0,0,0,NAND2_X1,1.8484662689388642e-08,8.325678209075704e-07
_540_,0,0,0,2660,28000,4180,30800,0,0,0,OAI21_X1,2.9226388420511284e-08,1.418117108187289e-06
_541_,0,0,0,4940,25200,6080,28000,0,0,0,NAND2_X1,1.654384007565568e-08,1.3146772062100354e-06
_542_,0,0,0,6080,25200,7600,28000,0,0,0,OAI21_X1,3.044078411562623e-08,2.038903403445147e-06
_543_,0,0,0,3800,44800,6460,47600,0,0,0,MUX2_X1,3.6019287108501885e-08,2.0424613467184827e-06
_544_,0,0,0,2660,44800,3800,47600,0,0,0,NAND2_X1,1.7893004411462243e-08,1.4439630149354343e-06
_545_,0,0,0,7600,44800,9120,47600,0,0,0,OAI21_X1,2.9057890316153134e-08,2.1727812509197975e-06
_546_,0,0,0,14820,53200,17480,56000,0,0,0,MUX2_X1,3.601929421392924e-08,1.977097781491466e-06
_547_,0,0,0,17480,53200,18620,56000,0,0,0,NAND2_X1,1.789301506960328e-08,1.3834550145475077e-06
_548_,0,0,0,18620,50400,20140,53200,0,0,0,OAI21_X1,2.9057879658012098e-08,2.1730870685132686e-06
_549_,0,0,0,24700,53200,27360,56000,0,0,0,MUX2_X1,3.6019290661215564e-08,2.06805566449475e-06
_550_,0,0,0,22420,53200,23560,56000,0,0,0,NAND2_X1,1.789301506960328e-08,1.3692208540305728e-06
_551_,0,0,0,21660,50400,23180,53200,0,0,0,OAI21_X1,2.9057879658012098e-08,2.2018734853190836e-06
_552_,0,0,0,13300,36400,14440,39200,0,0,0,NAND2_X1,1.8484662689388642e-08,8.992192306322977e-07
_553_,0,0,0,24700,36400,26220,39200,0,0,0,OAI21_X1,2.922637420965657e-08,1.5183977666310966e-06
_554_,0,0,0,19380,42000,20520,44800,0,0,0,NAND2_X1,1.654387027372195e-08,1.3433319736577687e-06
_555_,0,0,0,20520,42000,22040,44800,0,0,0,OAI21_X1,3.044075924663048e-08,2.0664190287789097e-06
_556_,0,0,0,24320,28000,26980,30800,0,0,0,MUX2_X1,3.6019290661215564e-08,1.9876226815540576e-06
_557_,0,0,0,27740,28000,28880,30800,0,0,0,NAND2_X1,1.789301506960328e-08,1.3609258076030528e-06
_558_,0,0,0,28880,28000,30400,30800,0,0,0,OAI21_X1,2.9057879658012098e-08,2.1816954358655494e-06
_559_,0,0,0,39900,53200,42560,56000,0,0,0,MUX2_X1,3.601929776664292e-08,2.0107690943405032e-06
_560_,0,0,0,40660,50400,41800,53200,0,0,0,NAND2_X1,1.789301862231696e-08,1.3716119156015338e-06
_561_,0,0,0,39520,47600,41040,50400,0,0,0,OAI21_X1,2.905787432894158e-08,2.1131804714968894e-06
_562_,0,0,0,57380,28000,60040,30800,0,0,0,MUX2_X1,3.601929421392924e-08,1.9739545678021386e-06
_563_,0,0,0,60040,28000,61180,30800,0,0,0,NAND2_X1,1.789301506960328e-08,1.4280201412475435e-06
_564_,0,0,0,57760,33600,59280,36400,0,0,0,OAI21_X1,2.9057879658012098e-08,2.13439807339455e-06
_565_,0,0,0,41040,28000,43700,30800,0,0,0,MUX2_X1,3.601929421392924e-08,2.0603959001164185e-06
_566_,0,0,0,42180,22400,43320,25200,0,0,0,NAND2_X1,1.7893020398673798e-08,1.4403176464838907e-06
_567_,0,0,0,36480,25200,38000,28000,0,0,0,OAI21_X1,2.905787432894158e-08,2.1813928015035344e-06
_568_,0,0,0,57000,14000,59660,16800,0,0,0,MUX2_X1,3.601929421392924e-08,2.0460074665606953e-06
_569_,0,0,0,58140,19600,59280,22400,0,0,0,NAND2_X1,1.789301862231696e-08,1.3634981996801798e-06
_570_,0,0,0,56620,19600,58140,22400,0,0,0,OAI21_X1,2.905787432894158e-08,2.159863925044192e-06
_571_,0,0,0,50540,5600,53200,8400,0,0,0,MUX2_X1,3.6020349369891846e-08,2.0063289412064478e-06
_572_,0,0,0,52060,8400,53200,11200,0,0,0,NAND2_X1,1.7894620896186098e-08,1.3532223874790361e-06
_573_,0,0,0,50540,8400,52060,11200,0,0,0,OAI21_X1,2.9056259620574565e-08,2.1311802811396774e-06
_574_,0,0,0,46740,42000,48640,44800,0,0,0,NAND2_X2,6.431390175976048e-08,9.422277798876166e-06
_575_,0,0,0,44840,44800,49780,47600,0,0,0,NAND3_X4,4.2890885509905274e-08,5.126579708303325e-06
_576_,0,0,0,22040,22400,25460,25200,0,0,1,INV_X8,1.4620283650401689e-07,4.439498297870159e-06
_577_,0,0,0,28500,14000,29640,16800,0,0,0,NAND2_X1,1.4016789506854366e-08,3.7017346699030895e-07
_578_,0,0,0,46740,39200,53580,42000,0,0,0,NAND4_X4,5.0048299726768164e-08,5.459337899083039e-06
_580_,0,0,0,26980,14000,28500,16800,0,0,0,OAI21_X1,4.244659379537552e-08,9.474034641243634e-07
_581_,0,0,0,45600,47600,49020,50400,0,0,0,NOR2_X4,9.425571079191286e-08,6.141158337413799e-06
_583_,0,0,0,27360,11200,28500,14000,0,0,0,NAND2_X1,5.590903739971509e-09,9.574858950145426e-08
_584_,0,0,0,25460,2800,26600,5600,0,0,0,NAND2_X1,1.8484662689388642e-08,8.181408475138596e-07
_585_,0,0,0,49780,44800,53200,47600,0,0,0,NOR2_X4,8.005889640116948e-08,9.413504812982865e-06
_587_,0,0,0,27360,8400,28500,11200,0,0,0,NAND2_X1,1.3260361697575718e-08,6.453672085626749e-07
_588_,0,0,0,26600,2800,28120,5600,0,0,0,NAND3_X1,3.958591321406857e-08,1.2247319318703376e-06
_589_,0,0,0,34960,11200,36860,14000,0,0,0,OAI22_X1,4.7916550727222784e-08,1.0776718681881903e-06
_590_,0,0,0,33440,8400,34580,11200,0,0,0,NAND2_X1,5.590891749562843e-09,1.0540261996538902e-07
_591_,0,0,0,31540,2800,32680,5600,0,0,0,NAND2_X1,1.8484662689388642e-08,8.181889938896347e-07
_592_,0,0,0,34200,2800,35340,5600,0,0,0,NAND2_X1,1.3272452470403096e-08,6.134903287602356e-07
_593_,0,0,0,32680,2800,34200,5600,0,0,0,NAND3_X1,3.9579305166626e-08,1.2084236686860095e-06
_594_,0,0,0,22420,11200,24320,14000,0,0,0,OAI22_X1,4.849415091712217e-08,1.0294138519384433e-06
_595_,0,0,0,22420,8400,23560,11200,0,0,0,NAND2_X1,5.586126672341152e-09,1.0094989733033799e-07
_596_,0,0,0,19760,2800,20900,5600,0,0,0,NAND2_X1,2.1959944973559686e-08,8.006012421901687e-07
_597_,0,0,0,17860,5600,19000,8400,0,0,0,NAND2_X1,1.3266520326737918e-08,6.060354280634783e-07
_598_,0,0,0,19000,5600,20520,8400,0,0,0,NAND3_X1,3.958428251849e-08,1.2636405699595343e-06
_599_,0,0,0,11780,16800,12920,19600,0,0,0,NAND2_X1,1.4258382918796997e-08,4.6503731709890417e-07
_600_,0,0,0,10260,16800,11780,19600,0,0,0,OAI21_X1,4.2806497901892726e-08,1.0316873613192001e-06
_601_,0,0,0,9120,16800,10260,19600,0,0,0,NAND2_X1,5.5874664894872694e-09,1.0143842388288249e-07
_602_,0,0,0,3800,16800,4940,19600,0,0,0,NAND2_X1,2.1959944973559686e-08,7.842699005777831e-07
_603_,0,0,0,9880,14000,11020,16800,0,0,0,NAND2_X1,1.3267762000168659e-08,6.578339366569708e-07
_604_,0,0,0,4940,16800,6460,19600,0,0,0,NAND3_X1,3.958303551598874e-08,1.197061465063598e-06
_605_,0,0,0,12160,19600,14060,22400,0,0,0,OAI22_X1,4.782788920465464e-08,1.169431584457925e-06
_606_,0,0,0,10260,19600,11400,22400,0,0,0,NAND2_X1,5.591380247693678e-09,1.1097736773990619e-07
_607_,0,0,0,5320,19600,6460,22400,0,0,0,NAND2_X1,2.1959944973559686e-08,7.911855846032267e-07
_608_,0,0,0,8740,19600,9880,22400,0,0,0,NAND2_X1,1.3272670962294342e-08,6.290464966696163e-07
_609_,0,0,0,6840,19600,8360,22400,0,0,0,NAND3_X1,3.957894634254444e-08,1.229288045578869e-06
_610_,0,0,0,12160,33600,13300,36400,0,0,0,NAND2_X1,1.4452676388998498e-08,5.20082721777726e-07
_611_,0,0,0,10640,33600,12160,36400,0,0,0,OAI21_X1,4.279338838841795e-08,1.119156991080672e-06
_612_,0,0,0,9120,30800,10260,33600,0,0,0,NAND2_X1,5.588050466798222e-09,1.0456372478984122e-07
_613_,0,0,0,5320,30800,6460,33600,0,0,0,NAND2_X1,2.1959944973559686e-08,7.845499112590915e-07
_614_,0,0,0,7980,30800,9120,33600,0,0,0,NAND2_X1,1.3268051546333481e-08,6.189651458043954e-07
_615_,0,0,0,6460,30800,7980,33600,0,0,0,NAND3_X1,3.958260208491993e-08,1.2080990927643143e-06
_616_,0,0,0,11020,39200,12920,42000,0,0,0,OAI22_X1,4.779627360562699e-08,1.1854566537294886e-06
_617_,0,0,0,9500,39200,10640,42000,0,0,0,NAND2_X1,5.591555662931569e-09,1.1090043727790544e-07
_618_,0,0,0,4560,39200,5700,42000,0,0,0,NAND2_X1,2.1959944973559686e-08,7.834917141735787e-07
_619_,0,0,0,9880,44800,11020,47600,0,0,0,NAND2_X1,1.3272755339244213e-08,6.618354291276773e-07
_620_,0,0,0,5700,39200,7220,42000,0,0,0,NAND3_X1,3.9578814892138325e-08,1.2147189636380062e-06
_621_,0,0,0,13680,44800,14820,47600,0,0,0,NAND2_X1,4.839620704188974e-09,5.359751753530873e-07
_622_,0,0,0,14440,47600,15960,50400,0,0,0,OAI21_X1,4.1599584221785335e-08,1.2010274303975166e-06
_623_,0,0,0,9880,50400,11020,53200,0,0,0,NAND2_X1,5.591634710810922e-09,1.0776551562230452e-07
_624_,0,0,0,6080,50400,7220,53200,0,0,0,NAND2_X1,2.1959944973559686e-08,7.887838364695199e-07
_625_,0,0,0,11020,50400,12160,53200,0,0,0,NAND2_X1,1.3272787313667322e-08,6.349774253067153e-07
_626_,0,0,0,7980,50400,9500,53200,0,0,0,NAND3_X1,3.9578758048719465e-08,1.2198132708363119e-06
_627_,0,0,0,31920,47600,33820,50400,0,0,0,OAI22_X1,4.7780595480162447e-08,1.2154084743087878e-06
_628_,0,0,0,32680,50400,33820,53200,0,0,0,NAND2_X1,5.59164137214907e-09,1.1010295963842509e-07
_629_,0,0,0,32680,58800,33820,61600,0,0,0,NAND2_X1,2.1959944973559686e-08,8.189628033505869e-07
_630_,0,0,0,33820,58800,34960,61600,0,0,0,NAND2_X1,1.3272789090024162e-08,6.485299763880903e-07
_631_,0,0,0,33060,53200,34580,56000,0,0,0,NAND3_X1,3.9578754496005786e-08,1.2529535524663515e-06
_632_,0,0,0,26980,44800,28120,47600,0,0,0,NAND2_X1,1.4502372636115979e-08,5.372244231693912e-07
_633_,0,0,0,24700,47600,26220,50400,0,0,0,OAI21_X1,4.2790034626705165e-08,1.1176114185218466e-06
_634_,0,0,0,23560,50400,24700,53200,0,0,0,NAND2_X1,5.588199680772732e-09,1.0884737378091813e-07
_635_,0,0,0,27360,58800,28500,61600,0,0,0,NAND2_X1,2.1959944973559686e-08,8.10879271284648e-07
_636_,0,0,0,22420,58800,23560,61600,0,0,0,NAND2_X1,1.3268147469602809e-08,6.072916107768833e-07
_637_,0,0,0,23560,58800,25080,61600,0,0,0,NAND3_X1,3.958248129265485e-08,1.2197150454085204e-06
_638_,0,0,0,32300,33600,34200,36400,0,0,0,OAI22_X1,4.660586228055763e-08,1.2067043826391455e-06
_639_,0,0,0,27740,30800,28880,33600,0,0,0,NAND2_X1,5.591632934454083e-09,1.0917030124346638e-07
_640_,0,0,0,15580,28000,16720,30800,0,0,0,NAND2_X1,2.1959944973559686e-08,8.742119916860247e-07
_641_,0,0,0,24320,30800,25460,33600,0,0,0,NAND2_X1,1.3272780208239965e-08,6.132923999757622e-07
_642_,0,0,0,26220,30800,27740,33600,0,0,0,NAND3_X1,3.957876515414682e-08,1.1941127695536125e-06
_643_,0,0,0,37240,44800,38380,47600,0,0,0,NAND2_X1,4.840118972282426e-09,5.298346650306485e-07
_644_,0,0,0,36480,47600,38000,50400,0,0,0,OAI21_X1,4.159891631161372e-08,1.163117644864542e-06
_645_,0,0,0,37240,50400,38380,53200,0,0,0,NAND2_X1,5.591667129323241e-09,1.0680361839376928e-07
_646_,0,0,0,38380,53200,39900,56000,0,0,0,AND2_X1,2.435383805732272e-08,9.027587566379225e-07
_647_,0,0,0,37240,58800,38760,61600,0,0,0,AOI21_X1,2.9122269040726678e-08,1.4464283140114276e-06
_648_,0,0,0,36860,53200,38000,56000,0,0,0,NAND2_X1,2.4025256450954657e-08,1.0555000926615321e-06
_649_,0,0,0,49780,33600,51680,36400,0,0,0,OAI22_X1,4.6602831815789614e-08,1.2151831469964236e-06
_650_,0,0,0,51680,33600,52820,36400,0,0,0,NAND2_X1,5.591648921665637e-09,1.0993498023026405e-07
_651_,0,0,0,55480,33600,56620,36400,0,0,0,NAND2_X1,2.1959944973559686e-08,7.980021337061771e-07
_652_,0,0,0,54340,33600,55480,36400,0,0,0,NAND2_X1,1.3272790866381001e-08,6.234826628315204e-07
_653_,0,0,0,52820,33600,54340,36400,0,0,0,NAND3_X1,3.957874739057843e-08,1.1908725809917087e-06
_654_,0,0,0,40280,25200,41420,28000,0,0,0,NAND2_X1,4.840221556889901e-09,5.269201892588171e-07
_655_,0,0,0,38000,25200,39520,28000,0,0,0,OAI21_X1,4.159877775578025e-08,1.1592030659812735e-06
_656_,0,0,0,38380,22400,39520,25200,0,0,0,NAND2_X1,5.591673346572179e-09,1.106255211880125e-07
_657_,0,0,0,36860,22400,38380,25200,0,0,0,AND2_X1,2.435383805732272e-08,9.137563097283419e-07
_658_,0,0,0,35720,16800,37240,19600,0,0,0,AOI21_X1,2.9122269040726678e-08,1.3944969623480574e-06
_659_,0,0,0,37240,16800,38380,19600,0,0,0,NAND2_X1,2.402525289824098e-08,1.0524126992095262e-06
_660_,0,0,0,51680,16800,53580,19600,0,0,0,OAI22_X1,4.6600224123949374e-08,1.183030690299347e-06
_661_,0,0,0,50540,19600,51680,22400,0,0,0,NAND2_X1,5.591662244341933e-09,1.0927134042049147e-07
_662_,0,0,0,51680,19600,53200,22400,0,0,0,AND2_X1,2.43538327282522e-08,8.811176712697488e-07
_663_,0,0,0,53580,19600,55100,22400,0,0,0,AOI21_X1,2.9122269040726678e-08,1.4687652765132952e-06
_664_,0,0,0,49400,19600,50540,22400,0,0,0,NAND2_X1,2.4025260003668336e-08,1.0763445743577904e-06
_665_,0,0,0,40660,14000,42180,16800,0,0,0,NAND3_X1,4.7403232450449195e-09,6.185511551848322e-07
_666_,0,0,0,41040,11200,42560,14000,0,0,0,OR2_X1,2.2472731231459875e-08,5.515134375855268e-07
_667_,0,0,0,39900,11200,41040,14000,0,0,0,NAND2_X1,3.615811650092837e-08,8.768591897023725e-07
_668_,0,0,0,42560,8400,43700,11200,0,0,0,NAND2_X1,5.595127472446393e-09,1.0877342049298022e-07
_669_,0,0,0,46360,8400,47880,11200,0,0,0,AND2_X1,2.4355529149033828e-08,9.041407906806853e-07
_670_,0,0,0,45220,2800,46740,5600,0,0,0,AOI21_X1,2.912244490005378e-08,1.44521118272678e-06
_671_,0,0,0,45220,8400,46360,11200,0,0,0,NAND2_X1,2.4022718037031154e-08,1.0347827128498466e-06
_672_,1,0,1,50540,56000,57760,58800,0,0,0,DFF_X2,1.1549894196605237e-07,3.3986219932558015e-05
_673_,1,0,1,41800,56000,48260,58800,0,0,0,DFF_X1,7.608763752386949e-08,1.5011809409770649e-05
_674_,1,0,1,45220,50400,52440,53200,0,0,0,DFF_X2,1.1405205668779672e-07,2.1360569007811137e-05
_675_,1,0,1,26980,19600,33440,22400,0,0,0,DFF_X1,7.91824916746009e-08,1.5727891877759248e-05
_676_,1,0,1,36860,5600,43320,8400,0,0,0,DFF_X1,7.918239930404525e-08,1.7767153622116894e-05
_677_,1,0,1,14440,8400,20900,11200,0,0,0,DFF_X1,7.916982980304965e-08,1.7251137251150794e-05
_678_,1,0,1,6840,8400,13300,11200,0,0,0,DFF_X1,7.916982980304965e-08,1.7231699530384503e-05
_679_,1,0,1,14440,22400,20900,25200,0,0,0,DFF_X1,7.918239930404525e-08,1.7648171706241556e-05
_680_,1,0,1,5320,28000,11780,30800,0,0,0,DFF_X1,7.916983690847701e-08,1.7277849110541865e-05
_681_,1,0,1,6080,47600,12540,50400,0,0,0,DFF_X1,7.918241351489996e-08,1.782698200258892e-05
_682_,1,0,1,12160,50400,18620,53200,0,0,0,DFF_X1,7.91824064094726e-08,1.7729747924022377e-05
_683_,1,0,1,25080,50400,31540,53200,0,0,0,DFF_X1,7.91824064094726e-08,1.7753663996700197e-05
_684_,1,0,1,20520,39200,26980,42000,0,0,0,DFF_X1,7.916983690847701e-08,1.8400403860141523e-05
_685_,1,0,1,26220,25200,32680,28000,0,0,0,DFF_X1,7.91824064094726e-08,1.6439798855572008e-05
_686_,1,0,1,38380,44800,44840,47600,0,0,0,DFF_X1,7.918241351489996e-08,1.647035969654098e-05
_687_,1,0,1,56620,30800,63080,33600,0,0,0,DFF_X1,7.91824064094726e-08,1.7795324311009608e-05
_688_,1,0,1,33440,28000,39900,30800,0,0,0,DFF_X1,7.918241351489996e-08,1.728056486172136e-05
_689_,1,0,1,53960,16800,60420,19600,0,0,0,DFF_X1,7.918241351489996e-08,1.5724021068308502e-05
_690_,1,0,1,49400,11200,55860,14000,0,0,0,DFF_X1,7.918241351489996e-08,1.6439191313111223e-05
_691_,1,0,1,23180,5600,29640,8400,0,0,0,DFF_X1,7.918070821233414e-08,1.4961542547098361e-05
_692_,1,0,1,29640,5600,36860,8400,0,0,0,DFF_X2,1.147417378888349e-07,1.8158683815272525e-05
_693_,1,0,1,13300,2800,19760,5600,0,0,0,DFF_X1,7.918077926660771e-08,1.4376901162904687e-05
_694_,1,0,1,3420,14000,9880,16800,0,0,0,DFF_X1,7.918079347746243e-08,1.3783628673991188e-05
_695_,1,0,1,3040,22400,10260,25200,0,0,0,DFF_X2,1.1474178052139905e-07,1.798176162992604e-05
_696_,1,0,1,3800,33600,10260,36400,0,0,0,DFF_X1,7.918079347746243e-08,1.5207130672934e-05
_697_,1,0,1,2660,42000,9880,44800,0,0,0,DFF_X2,1.1474180183768112e-07,1.7164365999633446e-05
_698_,1,0,1,6080,53200,12540,56000,0,0,0,DFF_X1,7.918085032088129e-08,1.5184582480287645e-05
_699_,1,0,1,27360,56000,34580,58800,0,0,0,DFF_X2,1.1474180894310848e-07,1.7608359485166147e-05
_700_,1,0,1,20140,56000,27360,58800,0,0,0,DFF_X2,1.1474092076468878e-07,1.7571983335074037e-05
_701_,1,0,1,25840,33600,32300,36400,0,0,0,DFF_X1,7.918085032088129e-08,1.4548219951393548e-05
_702_,1,0,1,34580,56000,41800,58800,0,0,0,DFF_X2,1.1474180894310848e-07,1.759535189194139e-05
_703_,1,0,1,51680,36400,58900,39200,0,0,0,DFF_X2,1.1474180894310848e-07,1.7779871996026486e-05
_704_,1,0,1,34200,19600,41420,22400,0,0,0,DFF_X2,1.1474180183768112e-07,1.7576641766936518e-05
_705_,1,0,1,47120,22400,53580,25200,0,0,0,DFF_X1,7.918085032088129e-08,1.4587709301849827e-05
_706_,1,0,1,43320,5600,50540,8400,0,0,0,DFF_X2,1.1474259054011782e-07,1.7453583495807834e-05
clkbuf_0_clk,0,0,1,32680,30800,35340,33600,0,1,0,BUF_X4,8.612180124600854e-08,8.519056427758187e-05
clkbuf_2_0__f_clk,0,0,1,14060,14000,16720,16800,0,1,0,BUF_X4,8.612180124600854e-08,7.333309622481465e-05
clkbuf_2_1__f_clk,0,0,1,15580,42000,18240,44800,0,1,0,BUF_X4,8.612180124600854e-08,7.401479524560273e-05
clkbuf_2_2__f_clk,0,0,1,42180,14000,44840,16800,0,1,0,BUF_X4,8.612180124600854e-08,6.630491407122463e-05
clkbuf_2_3__f_clk,0,0,1,44080,42000,46740,44800,0,1,0,BUF_X4,8.612180124600854e-08,6.289193697739393e-05
input1,0,0,0,29260,2800,30400,5600,0,1,0,BUF_X1,2.1438246733396227e-08,6.563182637364662e-07
input10,0,0,0,22040,2800,23180,5600,0,1,0,BUF_X1,2.1438246733396227e-08,7.246151199069573e-07
input11,0,0,0,2660,16800,3800,19600,0,1,0,BUF_X1,2.1438246733396227e-08,7.158379276006599e-07
input12,0,0,0,36480,2800,37620,5600,0,1,0,BUF_X1,2.1438246733396227e-08,6.24224469447654e-07
input13,0,0,0,2660,19600,3800,22400,0,1,0,BUF_X1,2.1438246733396227e-08,7.286174081855279e-07
input14,0,0,0,2660,33600,3800,36400,0,1,0,BUF_X1,2.1438246733396227e-08,7.465442308784986e-07
input15,0,0,0,3420,39200,4560,42000,0,1,0,BUF_X1,2.1438246733396227e-08,7.186681045823207e-07
input16,0,0,0,4940,47600,6080,50400,0,1,0,BUF_X1,2.1438246733396227e-08,7.25443442206597e-07
input17,0,0,0,31540,58800,32680,61600,0,1,0,BUF_X1,2.1438246733396227e-08,7.182030685726204e-07
input18,0,0,0,26220,58800,27360,61600,0,1,0,BUF_X1,2.1438246733396227e-08,7.17082627943455e-07
input19,0,0,0,11780,25200,12920,28000,0,1,0,BUF_X1,2.1438246733396227e-08,7.470033551726374e-07
input2,0,0,0,11780,28000,12920,30800,0,1,0,BUF_X1,2.1438246733396227e-08,6.996564820838103e-07
input20,0,0,0,39140,58800,40280,61600,0,1,0,BUF_X1,2.1438246733396227e-08,7.288018650797312e-07
input21,0,0,0,61940,33600,63080,36400,0,1,0,BUF_X1,2.1438246733396227e-08,7.654651312805072e-07
input22,0,0,0,35340,2800,36480,5600,0,1,0,BUF_X1,2.1438246733396227e-08,8.118879009089142e-07
input23,0,0,0,20900,2800,22040,5600,0,1,0,BUF_X1,2.1438246733396227e-08,7.321774546653614e-07
input24,0,0,0,60800,19600,61940,22400,0,1,0,BUF_X1,2.1438246733396227e-08,7.607916359120281e-07
input25,0,0,0,46740,2800,47880,5600,0,1,0,BUF_X1,2.1438246733396227e-08,7.27342808204412e-07
input26,0,0,0,11020,2800,12160,5600,0,1,0,BUF_X1,2.1438246733396227e-08,7.191950999185792e-07
input27,0,0,0,4180,19600,5320,22400,0,1,0,BUF_X1,2.1438246733396227e-08,6.637831688749429e-07
input28,0,0,0,2660,25200,3800,28000,0,1,0,BUF_X1,2.1438246733396227e-08,7.191031272668624e-07
input29,0,0,0,2660,47600,3800,50400,0,1,0,BUF_X1,2.1438246733396227e-08,6.337128866107378e-07
input3,0,0,0,41800,58800,42940,61600,0,1,0,BUF_X1,2.1438246733396227e-08,6.433246539927495e-07
input30,0,0,0,16340,58800,17480,61600,0,1,0,BUF_X1,2.1438246733396227e-08,6.369045877363533e-07
input31,0,0,0,25080,58800,26220,61600,0,1,0,BUF_X1,2.1438246733396227e-08,6.430570920201717e-07
input32,0,0,0,6840,36400,7980,39200,0,1,0,BUF_X1,2.1438246733396227e-08,7.672860533602943e-07
input33,0,0,0,52060,58800,53200,61600,0,1,0,BUF_X1,2.1438246733396227e-08,9.888191243589972e-07
input34,0,0,0,44460,58800,45600,61600,0,1,0,BUF_X1,2.1438246733396227e-08,1.1521376563905505e-06
input35,0,0,0,48260,58800,49400,61600,0,1,0,BUF_X1,2.1438246733396227e-08,7.210597914308892e-07
input4,0,0,0,61940,28000,63080,30800,0,1,0,BUF_X1,2.1438246733396227e-08,6.325331014522817e-07
input5,0,0,0,56240,25200,57380,28000,0,1,0,BUF_X1,2.1438246733396227e-08,7.587165100630955e-07
input6,0,0,0,59660,14000,60800,16800,0,1,0,BUF_X1,2.1438246733396227e-08,6.164771662042767e-07
input7,0,0,0,51680,2800,52820,5600,0,1,0,BUF_X1,2.1438246733396227e-08,6.194292723193939e-07
input8,0,0,0,24320,2800,25460,5600,0,1,0,BUF_X1,2.1438246733396227e-08,7.190942028501013e-07
input9,0,0,0,30400,2800,31540,5600,0,1,0,BUF_X1,2.1438246733396227e-08,7.190949418145465e-07
output36,0,0,0,3040,50400,4180,53200,0,1,0,BUF_X1,2.07153405540339e-08,8.185452884390543e-07
output37,0,0,0,28120,2800,29260,5600,0,1,0,BUF_X1,2.151261035976404e-08,2.7101716568722622e-06
output38,0,0,0,35720,58800,36860,61600,0,1,0,BUF_X1,2.1425627494409127e-08,5.9926514950348064e-06
output39,0,0,0,40280,58800,41420,61600,0,1,0,BUF_X1,2.142336441579573e-08,5.872630936210044e-06
output40,0,0,0,60420,33600,61560,36400,0,1,0,BUF_X1,2.1424572338446524e-08,6.029297310305992e-06
output41,0,0,0,55100,25200,56240,28000,0,1,0,BUF_X1,2.1422946971938472e-08,6.3500460782961454e-06
output42,0,0,0,55480,19600,56620,22400,0,1,0,BUF_X1,2.142366462010159e-08,6.233056410565041e-06
output43,0,0,0,44080,2800,45220,5600,0,1,0,BUF_X1,2.1166172814446327e-08,4.288422587706009e-06
output44,0,0,0,42180,2800,43320,5600,0,1,0,BUF_X1,2.1474711786595435e-08,5.00615260534687e-06
output45,0,0,0,23180,2800,24320,5600,0,1,0,BUF_X1,2.1552963858084695e-08,4.154461294092471e-06
output46,0,0,0,6840,16800,7980,19600,0,1,0,BUF_X1,2.146480149178842e-08,5.081936251372099e-06
output47,0,0,0,7600,25200,8740,28000,0,1,0,BUF_X1,2.1442300379703738e-08,5.928583050263114e-06
output48,0,0,0,2660,30800,3800,33600,0,1,0,BUF_X1,2.1426348695285924e-08,5.998002961860038e-06
output49,0,0,0,3800,47600,4940,50400,0,1,0,BUF_X1,2.14307434021066e-08,6.463747013185639e-06
output50,0,0,0,6460,44800,7600,47600,0,1,0,BUF_X1,2.1425391238949487e-08,6.324846708594123e-06
output51,0,0,0,30400,58800,31540,61600,0,1,0,BUF_X1,2.1425012874942695e-08,6.130274414317682e-06
output52,0,0,0,28500,58800,29640,61600,0,1,0,BUF_X1,2.1416514783823004e-08,5.962064733466832e-06
output53,0,0,0,50920,58800,52060,61600,0,1,0,BUF_X1,2.359172057708747e-08,3.500372214304548e-09
rebuffer1,0,0,0,14820,44800,15960,47600,0,1,0,CLKBUF_X1,1.1161965574046917e-08,4.46099284090451e-06
rebuffer10,0,0,0,9880,25200,11020,28000,0,1,0,CLKBUF_X1,1.1523333398599789e-08,1.4386184830073034e-06
rebuffer2,0,0,0,11020,44800,12160,47600,0,1,0,CLKBUF_X1,1.1523322740458752e-08,1.4037893834029092e-06
rebuffer26,0,0,0,10260,30800,11400,33600,0,1,0,CLKBUF_X1,1.158861095973407e-08,2.8422050490917172e-06
rebuffer27,0,0,0,33060,42000,35720,44800,0,1,0,BUF_X4,8.767345605065202e-08,1.9122746380162425e-05
rebuffer28,0,0,0,35720,36400,38380,39200,0,1,0,BUF_X4,7.859085826567025e-08,4.486970283323899e-06
rebuffer29,0,0,0,44840,14000,47500,16800,0,1,0,BUF_X4,7.859085826567025e-08,4.2093074625881854e-06
rebuffer3,0,0,0,10640,42000,11780,44800,0,1,0,BUF_X1,2.1868252986223524e-08,1.5300067843782017e-06
rebuffer4,0,0,0,24700,16800,25840,19600,0,1,0,CLKBUF_X1,1.0701484143282869e-08,3.3744267966540065e-06
rebuffer5,0,0,0,23940,19600,25080,22400,0,1,0,CLKBUF_X1,1.0701484143282869e-08,2.8842503070336534e-06
rebuffer6,0,0,0,15960,25200,17100,28000,0,1,0,CLKBUF_X1,1.1127438526159494e-08,4.393265953694936e-06
rebuffer7,0,0,0,12540,47600,13680,50400,0,1,0,CLKBUF_X1,1.1523322740458752e-08,1.3264478866403806e-06
rebuffer8,0,0,0,22040,33600,23180,36400,0,1,0,CLKBUF_X1,1.1161962909511658e-08,5.118717126606498e-06
rebuffer9,0,0,0,17480,28000,18620,30800,0,1,0,CLKBUF_X1,1.1161962909511658e-08,4.290826382202795e-06
split30,0,0,0,49020,47600,50540,50400,0,1,0,BUF_X2,3.9139987251246566e-08,2.5411993647139752e-06
