net_name,net_route_length,net_steiner_length,fanout,total_cap,net_cap,net_coupling,net_res
clk,54170,-1,1,6.106515473673375e-15,1.8082335591316223,0.896389709203504,78.81037139892578
req_msg[0],7000,-1,1,1.2716499284381707e-15,0.18387390673160553,0.1131169197615236,31.45500373840332
req_msg[10],12480,-1,1,1.5052796147410358e-15,0.439048707485199,0.09157256362959743,36.170719146728516
req_msg[11],5500,-1,1,1.182781984469328e-15,0.13770639896392822,0.07041647844016552,25.957857131958008
req_msg[12],3350,-1,1,1.1487490476815975e-15,0.15228207409381866,0.021808132529258728,22.570358276367188
req_msg[13],10830,-1,1,1.4976370482161971e-15,0.30777454376220703,0.21520409174263477,32.3939323425293
req_msg[14],8150,-1,1,1.296457935276473e-15,0.3030721843242645,0.018726909533143044,31.471790313720703
req_msg[15],3940,-1,1,1.1067995292105915e-15,0.132140651345253,0.0,24.58071517944336
req_msg[16],5220,-1,1,1.199862403850711e-15,0.15724465250968933,0.06795874983072281,26.126428604125977
req_msg[17],4740,-1,1,1.1606394844369166e-15,0.11153773218393326,0.07444274984300137,26.009286880493164
req_msg[18],8620,-1,1,1.3428102251281885e-15,0.3029164969921112,0.06523528817342594,35.267860412597656
req_msg[19],3920,-1,1,1.1660654716179092e-15,0.17611828446388245,0.015288214199244976,23.205001831054688
req_msg[1],4260,-1,1,1.1557832327920708e-15,0.10255059599876404,0.078573452308774,25.152143478393555
req_msg[20],4200,-1,1,1.1702787193766705e-15,0.1796596348285675,0.015959978103637695,23.625001907348633
req_msg[21],3360,-1,1,1.1363052866534846e-15,0.15143848955631256,0.010207874467596412,22.785001754760742
req_msg[22],3560,-1,1,1.1468380354734734e-15,0.1372957080602646,0.03488320950418711,23.14214324951172
req_msg[23],5360,-1,1,1.2219583170710235e-15,0.1885482370853424,0.058750966330990195,25.486431121826172
req_msg[24],5320,-1,1,1.20960031812882e-15,0.09816738963127136,0.13677380653098226,25.636428833007812
req_msg[25],6720,-1,1,1.285729945362142e-15,0.2826632559299469,0.028406868514139205,30.8364315032959
req_msg[26],17440,-1,1,1.7484003052178855e-15,0.5495731830596924,0.22416724175855052,39.807861328125
req_msg[27],5200,-1,1,1.1781341029295069e-15,0.1262194812297821,0.07725576823577285,25.422143936157227
req_msg[28],3910,-1,1,1.2220885483866639e-15,0.15322495996952057,0.09420442767441273,22.990358352661133
req_msg[29],4280,-1,1,1.1897697945259392e-15,0.07480747252702713,0.14030316565185785,25.187856674194336
req_msg[2],4160,-1,1,1.1277689944901742e-15,0.12952283024787903,0.023587157134898007,24.97357177734375
req_msg[30],5890,-1,1,1.2435925973350824e-15,0.21140295267105103,0.05753152089891955,25.116073608398438
req_msg[31],4600,-1,1,1.1619972782513652e-15,0.15188410878181458,0.03545403457246721,27.169286727905273
req_msg[3],5080,-1,1,1.142329596732594e-15,0.16767068207263947,0.0,26.616430282592773
req_msg[4],6840,-1,1,1.2815560846354281e-15,0.20797373354434967,0.09892314719036222,27.009288787841797
req_msg[5],5320,-1,1,1.2133810496888896e-15,0.2212705910205841,0.01745196501724422,24.255001068115234
req_msg[6],6440,-1,1,1.2777339543400615e-15,0.25773686170578003,0.04533896688371897,28.165002822875977
req_msg[7],5600,-1,1,1.1572816340757637e-15,0.1826225072145462,0.0,26.136428833007812
req_msg[8],5820,-1,1,1.2190163598869725e-15,0.1605844348669052,0.08377285674214363,26.529285430908203
req_msg[9],7260,-1,1,1.3397856822317802e-15,0.2616378366947174,0.10348865017294884,26.559288024902344
req_rdy,3660,-1,0,1.516835896998663e-16,0.1277453899383545,0.023938189260661602,23.40071678161621
req_val,7920,-1,1,1.3338206644589786e-15,0.28132352232933044,0.0778376404196024,32.31929016113281
reset,7720,-1,1,1.2956863941406428e-15,0.28328776359558105,0.03773927764268592,32.99214553833008
resp_msg[0],3180,-1,0,1.6226039746800215e-16,0.11717190593481064,0.04508834891021252,24.303571701049805
resp_msg[10],6900,-1,0,2.6003689134558366e-16,0.17740768194198608,0.08262928668409586,29.61785888671875
resp_msg[11],4740,-1,0,2.0860658603551944e-16,0.08708032965660095,0.12152617424726486,25.76071548461914
resp_msg[12],3830,-1,0,1.971671678548337e-16,0.12276045978069305,0.07440675608813763,24.087501525878906
resp_msg[13],9150,-1,0,4.454862848174402e-16,0.23659583926200867,0.20889042410999537,30.10750389099121
resp_msg[14],8770,-1,0,3.746641130920544e-16,0.2677742838859558,0.10689007863402367,29.428932189941406
resp_msg[15],2980,-1,0,1.460521705593849e-16,0.11952915042638779,0.026522990665398538,23.946428298950195
resp_msg[1],20680,-1,0,9.174174676437516e-16,0.5208960175514221,0.39652035292237997,50.33358144760132
resp_msg[2],3640,-1,0,1.7645288448550118e-16,0.13355714082717896,0.0428957159165293,25.125
resp_msg[3],7460,-1,0,3.5425919527181673e-16,0.25517675280570984,0.09908318892121315,27.866432189941406
resp_msg[4],8220,-1,0,3.612723633772863e-16,0.2685900628566742,0.09268240188248456,29.223575592041016
resp_msg[5],3560,-1,0,1.9421221400899827e-16,0.13289037346839905,0.061321812914684415,23.14214324951172
resp_msg[6],10860,-1,0,5.246960944238932e-16,0.3985355496406555,0.12616013269871473,28.887859344482422
resp_msg[7],8480,-1,0,3.8758104790032727e-16,0.29828542470932007,0.08929505021660589,29.027860641479492
resp_msg[8],5340,-1,0,2.303919028619856e-16,0.0972723513841629,0.13311945088207722,26.832143783569336
resp_msg[9],5000,-1,0,1.95702383191235e-16,0.1260458528995514,0.06965655926615,26.225000381469727
resp_rdy,5240,-1,1,1.1827769022716445e-15,0.11843962967395782,0.08967824839055538,25.493572235107422
resp_val,5300,-1,0,2.1616892265838544e-16,0.14429660141468048,0.07187226973474026,26.76071548461914
_000_,3100,-1,1,1.2802121609854908e-15,0.10617119818925858,0.046440943726338446,26.035717010498047
_001_,5820,-1,1,1.4095927379094409e-15,0.14987879991531372,0.11942391749471426,21.39286231994629
_002_,7840,-1,1,1.4711315873515971e-15,0.21092425286769867,0.13260763883590698,24.2500057220459
_003_,30860,-1,4,2.1943952121443282e-14,0.9100147858262062,0.6531306385295466,118.60716533660889
_004_,2720,-1,1,1.2485947504050927e-15,0.10708705335855484,0.0012177410535514355,15.357145309448242
_005_,2720,-1,1,1.2588661895608535e-15,0.10853838175535202,0.010037761559942737,15.357145309448242
_006_,5600,-1,1,1.4625483907388325e-15,0.118914894759655,0.203343803063035,30.500003814697266
_007_,4240,-1,1,1.3116310482188761e-15,0.1713409721851349,0.0,18.57143211364746
_008_,1960,-1,1,1.229610730353874e-15,0.05695032700896263,0.032370255794376135,13.750001907348633
_009_,1960,-1,1,1.2206421337501087e-15,0.08035197108983994,0.0,13.750001907348633
_010_,4600,-1,1,1.3637319389253697e-15,0.17189575731754303,0.051546072703786194,28.96428871154785
_011_,5320,-1,1,1.3641941012772153e-15,0.1444859653711319,0.07941801566630602,30.000003814697266
_012_,4560,-1,1,1.4256380830292791e-15,0.12407886981964111,0.16126912087202072,28.392860412597656
_013_,3100,-1,1,1.2861478502424937e-15,0.10088912397623062,0.044968583388254046,16.035717010498047
_014_,3860,-1,1,1.3822056216258676e-15,0.10347313433885574,0.13844233751296997,27.392860412597656
_015_,1960,-1,1,1.2356894622998446e-15,0.05969620123505592,0.03570328978821635,13.750001907348633
_016_,2800,-1,1,1.2801990319748083e-15,0.07434545457363129,0.06556346965953708,15.250001907348633
_017_,5820,-1,1,1.383133652098703e-15,0.1733083575963974,0.06953523680567741,21.39286231994629
_018_,3480,-1,1,1.3312847536940176e-15,0.09776504337787628,0.09322974528186023,26.71428871154785
_019_,2800,-1,1,1.2746161319403368e-15,0.07754536718130112,0.05678062082733959,15.250001907348633
_020_,4520,-1,1,1.352001909034437e-15,0.14018015563488007,0.07153176609426737,28.57143211364746
_021_,3760,-1,1,1.2719581425518528e-15,0.1315441131591797,0.01281387242488563,17.46428871154785
_022_,6800,-1,1,1.4993547251541104e-15,0.1859559863805771,0.17310851532965899,32.892860412597656
_023_,2620,-1,1,1.2590924532368888e-15,0.08436690270900726,0.034435408539138734,15.178573608398438
_024_,4520,-1,1,1.3541240442046642e-15,0.17589083313941956,0.05063319206237793,28.82143211364746
_025_,3760,-1,1,1.286816582754351e-15,0.13607731461524963,0.010449197143316269,17.46428871154785
_026_,3960,-1,1,1.3023101917881714e-15,0.12105751037597656,0.05365261301631108,17.82143211364746
_027_,3840,-1,1,1.3197751641276078e-15,0.1191510409116745,0.06033414014382288,17.357145309448242
_028_,6900,-1,1,1.4333651410906065e-15,0.2482783943414688,0.05748716788366437,32.821434020996094
_029_,4980,-1,1,1.3269710266518883e-15,0.15563350915908813,0.04373739054426551,19.392860412597656
_030_,1960,-1,1,1.2246280590416506e-15,0.08011351525783539,0.004224382457323372,13.750001907348633
_031_,4680,-1,1,1.3223755552756785e-15,0.1221543550491333,0.07262108940631151,19.107147216796875
_032_,2060,-1,1,1.216020404352534e-15,0.07330326735973358,0.015117161441594362,14.178572654724121
_033_,3760,-1,1,1.3124403881999776e-15,0.11751122772693634,0.06732923537492752,28.21428871154785
_034_,5160,-1,1,1.3887987143290583e-15,0.13178105652332306,0.11672767531126738,29.71428871154785
_035_,2440,-1,1,1.2443952669317243e-15,0.08568143844604492,0.03111384343355894,15.357145309448242
_036_,16780,-1,5,1.0640157679898347e-14,0.4665096327662468,0.37510841083712876,78.96429872512817
_038_,3320,-1,1,3.394959933363255e-15,0.08522943407297134,0.1290124758379534,26.678573608398438
_039_,23640,-1,5,1.1645197847199359e-14,0.65732282679528,0.5897797472280217,105.96430504322052
_040_,8760,-1,2,5.383680426376131e-15,0.23971613682806492,0.3429414629936218,47.39286518096924
_041_,5760,-1,1,3.688793333425167e-15,0.15518638491630554,0.2046636378072435,31.28571891784668
_042_,15960,-1,3,3.867224635412548e-15,0.5593561790883541,0.14917677029734477,75.5000114440918
_043_,23600,-1,4,7.495145522566811e-15,0.7039316222071648,0.3630289778811857,95.14287519454956
_044_,7200,-1,2,5.080717916966949e-15,0.18548372946679592,0.1714151327032596,44.10714912414551
_045_,8420,-1,2,3.561665122987084e-15,0.22042511776089668,0.1703142499900423,31.535719871520996
_046_,10480,-1,2,5.665049101344485e-15,0.2968549504876137,0.2169714632909745,55.21429443359375
_047_,9920,-1,2,6.340199158326627e-15,0.30951252952218056,0.16377150127664208,49.214293479919434
_048_,19720,-1,4,8.617396415042979e-15,0.6269687488675117,0.16967770310293417,78.46430015563965
_049_,9600,-1,3,5.326451492327841e-15,0.31136805936694145,0.17995971231721342,59.392863750457764
_050_,9780,-1,2,3.6814105942568984e-15,0.28160949796438217,0.22887583912233822,58.964293479919434
_051_,1680,-1,1,1.742340843271465e-15,0.06241415813565254,0.015727638063253835,13.250000953674316
_052_,3940,-1,2,5.202058351276443e-15,0.12504013627767563,0.029864632946555503,23.035717010498047
_053_,4740,-1,1,1.9686799052390756e-15,0.09874901920557022,0.20573206199333072,28.96428871154785
_054_,7940,-1,1,3.394521593813051e-15,0.28669488430023193,0.05472479516174644,34.6785774230957
_055_,3960,-1,1,1.8857191690443845e-15,0.09893980622291565,0.12472929595969617,27.57143211364746
_056_,4320,-1,1,1.9399542651406037e-15,0.1200215220451355,0.11970253707841039,28.21428871154785
_057_,2440,-1,1,3.558400658008366e-15,0.09544261544942856,0.011965066194534302,14.857144355773926
_058_,16060,-1,3,1.0823234534084944e-14,0.487773634493351,0.3006781736621633,60.67858362197876
_060_,7640,-1,2,5.8201044115700155e-15,0.1665896326303482,0.36826778267277405,44.89286231994629
_061_,14000,-1,3,5.781190447423732e-15,0.37959777377545834,0.3909394961083308,62.000009536743164
_062_,2520,-1,1,6.890537216464954e-15,0.09618659317493439,0.02129167041857727,14.750001907348633
_063_,9820,-1,2,9.699829135701669e-15,0.28596313297748566,0.2080092679534573,33.53572082519531
_064_,8640,-1,3,9.051682912594467e-15,0.2550630681216717,0.1507415342493914,46.67857789993286
_065_,8420,-1,2,1.3842988306209461e-14,0.2537142485380173,0.13284999458119273,31.285720825195312
_066_,3220,-1,1,6.12663081210477e-15,0.08271005004644394,0.08895569108426571,26.250001907348633
_067_,5140,-1,1,6.172276147082883e-15,0.16775475442409515,0.04955592384794727,19.67857551574707
_068_,16380,-1,4,8.873660304004136e-15,0.438623889349401,0.4975555136334151,76.5000114440918
_069_,8360,-1,2,5.2696088053034995e-15,0.213307224214077,0.2113838375080377,41.1785774230957
_070_,22460,-1,2,5.944389555920639e-15,0.6562479734420776,0.3873052733906661,77.60716247558594
_071_,7640,-1,2,5.182616404038115e-15,0.20652809366583824,0.22275530791375786,44.89286231994629
_072_,34300,-1,4,1.0027033728061269e-14,0.9867188185453415,0.853151660063304,121.00002765655518
_073_,4880,-1,2,5.0549643037221554e-15,0.16207093559205532,0.056256899202708155,25.21428918838501
_074_,5080,-1,1,3.676114520754191e-15,0.14359591901302338,0.08152559888549149,29.57143211364746
_075_,1420,-1,1,6.745359157437356e-15,0.053733088076114655,0.008260379545390606,13.035715103149414
_076_,1680,-1,1,6.845741455532937e-15,0.059409476816654205,0.01327323168516159,13.250000953674316
_077_,10960,-1,4,7.07463559238594e-15,0.30096089094877243,0.25533254112815484,71.32143640518188
_078_,4720,-1,1,3.477783450220491e-15,0.10657667368650436,0.19048827642109245,28.92857551574707
_079_,6400,-1,2,5.961090504541652e-15,0.2197621464729309,0.06692762597231194,38.1785774230957
_080_,26520,-1,4,7.713119287147338e-15,0.7873034588992596,0.5591354521457106,91.10716247558594
_081_,12940,-1,2,5.752260460626735e-15,0.32103293016552925,0.4380863989354111,64.60715389251709
_082_,7000,-1,1,7.0314449588889695e-15,0.16663137078285217,0.18144781701266766,22.7500057220459
_083_,2080,-1,1,6.289908694665771e-15,0.073480024933815,0.014579000766389072,14.214287757873535
_084_,33540,-1,4,1.5434471734541988e-14,0.8986013159155846,0.6021760771609479,117.89288139343262
_085_,27440,-1,5,1.194833315132978e-14,0.8422730527818203,0.5579195432947017,112.50002098083496
_086_,13700,-1,3,8.053147958328368e-15,0.3770836591720581,0.29575933108571917,66.71429491043091
_087_,22400,-1,5,9.785395557000351e-15,0.6692751841619611,0.4163869121548487,118.75001573562622
_088_,7360,-1,2,3.693787863198652e-15,0.22797086089849472,0.11424237978644669,29.892863273620605
_089_,8180,-1,2,5.531200107986413e-15,0.22584105283021927,0.16638858686201274,40.35714912414551
_090_,15540,-1,3,7.793480690985143e-15,0.4074428081512451,0.4244917501346208,74.7500114440918
_091_,7660,-1,3,7.740608047384582e-15,0.22939235717058182,0.1663801246904768,49.6785774230957
_092_,5620,-1,1,1.945684443028779e-15,0.1737499088048935,0.0717045099590905,30.53571891784668
_093_,4580,-1,2,3.646806333746245e-15,0.11493181064724922,0.14119801367633045,34.428574562072754
_094_,8300,-1,2,9.876398235754511e-15,0.24128080159425735,0.14689309755340219,40.82143497467041
_095_,3560,-1,1,6.103458531766734e-15,0.1148911863565445,0.03360211732797325,17.357145309448242
_096_,4860,-1,1,1.921587626228815e-15,0.12799152731895447,0.12287987396121025,19.17857551574707
_097_,4800,-1,2,4.891277727764104e-15,0.14221955835819244,0.12406198214739561,34.57143211364746
_098_,4220,-1,1,3.3310692969430473e-15,0.1378246396780014,0.05683887406485155,18.035717010498047
_099_,8260,-1,2,3.662288401956159e-15,0.26597633212804794,0.10994774504797533,41.0000057220459
_100_,5320,-1,1,3.400509904991902e-15,0.12852437794208527,0.13557938113808632,29.750003814697266
_101_,17740,-1,4,6.813601213865846e-15,0.5011592544615269,0.5099207717212266,78.67858409881592
_102_,4480,-1,2,5.335556672994351e-15,0.1184583231806755,0.1082911011762917,23.50000286102295
_103_,10800,-1,2,5.801595894639562e-15,0.2711394503712654,0.3792333696037531,50.03572177886963
_104_,2340,-1,1,3.22920744404685e-15,0.0931219831109047,0.006324495479930192,14.678573608398438
_105_,8140,-1,2,8.262117762679582e-15,0.21577408909797668,0.1824435326270759,50.78572082519531
_106_,11500,-1,3,1.0443837465581429e-14,0.3689898233860731,0.2880961681366898,62.5357232093811
_107_,16480,-1,3,6.708564893241576e-15,0.516319714486599,0.2542073465883732,71.17858409881592
_108_,5000,-1,1,7.001973294522203e-15,0.16592542827129364,0.06298922770656645,30.17857551574707
_109_,12820,-1,4,9.495689113215699e-15,0.43643786385655403,0.132335560512729,70.3928656578064
_110_,14540,-1,3,1.3190957590006151e-14,0.3684902563691139,0.47326843900373206,62.71429681777954
_111_,7840,-1,2,8.320505437799715e-15,0.21028617210686207,0.30933690717210993,45.000006675720215
_112_,3000,-1,1,6.07735805853004e-15,0.11686325818300247,0.005529590882360935,15.857145309448242
_113_,2080,-1,1,1.7614536123306663e-15,0.06792213767766953,0.02281525917351246,14.214287757873535
_114_,32700,-1,4,8.104805109649619e-15,0.8951794840395451,0.6825551940128207,111.64288353919983
_115_,17000,-1,2,5.6176910657470235e-15,0.416338961571455,0.576355553464964,67.10715532302856
_116_,7780,-1,2,3.746053184176031e-15,0.23857386130839586,0.1602463191957213,40.39286279678345
_117_,1700,-1,1,6.290564298166946e-15,0.05851404741406441,0.03020052198553458,23.785715103149414
_118_,11720,-1,2,8.716893140192205e-15,0.3432678133249283,0.18590623582713306,47.42858123779297
_119_,34580,-1,5,1.0251022273600249e-14,0.9728715158998966,0.6473429147863499,131.2500286102295
_120_,3600,-1,2,3.609217129129467e-15,0.10326287895441055,0.09125319472514093,32.178574562072754
_121_,6880,-1,2,9.126392065575244e-15,0.2135293260216713,0.13740373426117003,38.285719871520996
_122_,6260,-1,2,7.872386045186617e-15,0.2180952373892069,0.10903868867899291,38.428576946258545
_123_,15120,-1,3,1.014393105104594e-14,0.4751205490902066,0.27384191428427584,74.50000953674316
_124_,6040,-1,1,6.2323473001856845e-15,0.18907392024993896,0.08830822329036891,31.78571891784668
_125_,26540,-1,5,1.1005552446750801e-14,0.7748309783637524,0.42870762903476134,105.3928771018982
_126_,21560,-1,4,7.859069840222832e-15,0.5369507391005754,0.6581163435475901,81.2500171661377
_127_,1140,-1,1,6.25060382481433e-15,0.03260185569524765,0.016152256168425083,12.285715103149414
_128_,9120,-1,2,3.792001756949262e-15,0.28639862686395645,0.18884008389431983,43.03572082519531
_129_,14960,-1,2,4.145022642991752e-15,0.3762456811964512,0.4910365461255424,58.4642972946167
_130_,2900,-1,1,2.3710938235348058e-15,0.0830424576997757,0.05529734119772911,15.678573608398438
_131_,3000,-1,1,2.73692057719036e-15,0.09389034658670425,0.0694223502650857,15.857145309448242
_132_,15000,-1,2,4.087010203467252e-15,0.4207533076405525,0.3504155421687756,58.28572654724121
_133_,4800,-1,2,4.446579924741439e-15,0.16617923974990845,0.04259349952917546,34.82143211364746
_134_,7880,-1,2,3.680920585696912e-15,0.2532423064112663,0.11183728440664709,40.321434020996094
_135_,3420,-1,1,1.7473082679906379e-15,0.09362354874610901,0.054652599268592894,26.357145309448242
_136_,4940,-1,1,2.4986978547310084e-15,0.10160377621650696,0.16433996427804232,29.32143211364746
_137_,13200,-1,2,4.049324860610961e-15,0.31442584469914436,0.41905851107730996,54.571438789367676
_138_,14400,-1,2,5.458273535843133e-15,0.379706434905529,0.349774107336998,57.46429634094238
_139_,1900,-1,1,2.5734917110065104e-15,0.026469174772500992,0.13556940108537674,23.642858505249023
_140_,1680,-1,1,3.569481543024347e-15,0.049969494342803955,0.0370570404920727,13.250000953674316
_141_,6600,-1,2,4.177308997842244e-15,0.20752359926700592,0.13799900701269507,37.78571891784668
_142_,7960,-1,2,3.692522395975454e-15,0.2225696425884962,0.15411115944152698,45.2142915725708
_143_,8560,-1,1,2.1143318792006625e-15,0.2174936681985855,0.2978052971884608,36.03572082519531
_144_,11420,-1,1,2.9356692349670564e-15,0.24439825117588043,0.45851748570566997,41.89286422729492
_145_,19980,-1,2,4.198109585927968e-15,0.5488432347774506,0.3334253242937848,66.92858600616455
_146_,1280,-1,1,2.628696448069099e-15,0.04958152398467064,0.005506920162588358,12.785715103149414
_147_,4440,-1,1,3.3531412814826e-15,0.12192936986684799,0.17810888041276485,29.17857551574707
_148_,4320,-1,2,6.670163384028382e-15,0.11848300322890282,0.11571246816311032,33.71428966522217
_149_,7640,-1,2,6.080174866596134e-15,0.1918022185564041,0.2203899291343987,50.39286231994629
_150_,28720,-1,2,4.578273219248748e-15,0.9000221341848373,0.30697809951379895,77.78573513031006
_151_,6140,-1,1,3.759236404967097e-15,0.16676269471645355,0.14148053689859807,31.464290618896484
_152_,4480,-1,1,5.052503249493908e-15,0.11447671055793762,0.10109056904911995,18.250003814697266
_153_,8780,-1,2,3.919794888250939e-15,0.23836350813508034,0.3101581586524844,41.678579330444336
_154_,5320,-1,1,3.836471410196586e-15,0.09388121962547302,0.2915968205779791,29.750003814697266
_155_,5100,-1,1,5.0995898110317746e-15,0.15561558306217194,0.1070387028157711,29.607147216796875
_156_,13560,-1,2,4.0335920706486596e-15,0.4462839215993881,0.2160348262405023,60.71429634094238
_157_,18620,-1,1,2.5981016180142737e-15,0.5498059447854757,0.28472512401640415,55.00001525878906
_158_,380,-1,1,1.636069866247454e-15,0.019771961495280266,0.0,10.928571701049805
_159_,2900,-1,1,1.7274791208162963e-15,0.1046069860458374,0.023839957546442747,15.678573608398438
_160_,13780,-1,3,5.531650305997879e-15,0.4280453994870186,0.20974940666928887,55.85715341567993
_161_,20760,-1,1,2.6372070116066366e-15,0.6194528341293335,0.30328396894037724,48.32144546508789
_162_,13540,-1,1,2.3717199926410635e-15,0.3824922740459442,0.3378828036802588,45.17858123779297
_163_,23240,-1,1,2.8687741726829375e-15,0.5066746324300766,0.6978998002305161,73.25001907348633
_164_,28640,-1,2,4.5585335399294605e-15,0.857835665345192,0.3384179646964185,76.89287567138672
_165_,1520,-1,1,1.7757118238109163e-15,0.04577985033392906,0.058889005333185196,22.96428680419922
_167_,14000,-1,3,9.287441827968493e-15,0.3979788050055504,0.2898433129885234,62.00001049041748
_168_,10920,-1,2,3.65372743995826e-15,0.36873482912778854,0.1288628525508102,51.00000762939453
_172_,8920,-1,1,2.040383785322994e-15,0.2642599940299988,0.1605128791416064,36.4285774230957
_174_,12700,-1,2,4.0085105780475125e-15,0.3451889902353287,0.393573465582449,59.42858123779297
_176_,2060,-1,1,1.7584482335546896e-15,0.08403488248586655,0.012363414745777845,14.178572654724121
_177_,2840,-1,1,1.8264766259222347e-15,0.0797620639204979,0.07599855703301728,25.571430206298828
_178_,6840,-1,1,2.0581799475448068e-15,0.1496904045343399,0.23777358955703676,32.464290618896484
_179_,22980,-1,1,3.248047574376154e-15,0.5734651014208794,1.0482295693363994,57.1657190322876
_180_,13480,-1,2,3.932373327517665e-15,0.43026839196681976,0.1610537228989415,40.821438789367676
_181_,5160,-1,1,1.906297622739691e-15,0.1531340330839157,0.08244776749052107,30.214290618896484
_182_,6380,-1,2,3.590903006260408e-15,0.2149936407804489,0.10378600424155593,37.89286231994629
_183_,3100,-1,1,3.4011898606903105e-15,0.10282334685325623,0.04747535544447601,16.285717010498047
_184_,10560,-1,3,1.0835039632270827e-14,0.30200327932834625,0.26260494405869395,49.85715103149414
_185_,6620,-1,1,3.836498515250898e-15,0.22216695547103882,0.05543452955316752,32.321434020996094
_186_,15580,-1,3,1.1758352131590113e-14,0.38074423000216484,0.5103929074248299,74.82144069671631
_187_,2460,-1,1,6.077480454790918e-15,0.08300090581178665,0.039514447445981205,24.892858505249023
_188_,281900,-1,32,6.456604185762355e-14,8.330118777230382,5.501112049736548,973.6430670619011
_190_,2820,-1,1,1.787961826052345e-15,0.10959658771753311,0.014166225475491956,15.53571605682373
_191_,1960,-1,1,1.7708125852439974e-15,0.06171812862157822,0.0383782759308815,13.750001907348633
_193_,380,-1,1,1.6816252039749215e-15,0.017426136881113052,0.0,10.928571701049805
_194_,6360,-1,1,1.980417664305652e-15,0.21467441320419312,0.09502751275431365,22.107147216796875
_195_,1600,-1,1,1.7470077830525994e-15,0.044357046484947205,0.03193475166335702,13.607144355773926
_196_,4620,-1,1,1.872468397375775e-15,0.16247892379760742,0.04579025850398466,19.000003814697266
_197_,2180,-1,1,1.8118886009881475e-15,0.04886065050959587,0.09231175677268766,24.392858505249023
_198_,2340,-1,1,1.7924877348477614e-15,0.07606872916221619,0.04570272387354635,14.678573608398438
_199_,1700,-1,1,1.8110614733151537e-15,0.04178902879357338,0.1050735647440888,23.785715103149414
_200_,2280,-1,1,1.8433059000347567e-15,0.0357232466340065,0.13686682097613811,24.321430206298828
_203_,380,-1,1,1.6822659843995194e-15,0.01630031131207943,0.0017666530329734087,10.928571701049805
_204_,5000,-1,1,1.9088287689443236e-15,0.17921388149261475,0.05889883008785546,29.42857551574707
_205_,2340,-1,1,1.7733911652936763e-15,0.08404551446437836,0.01862954965326935,14.678573608398438
_206_,3480,-1,1,1.831132130758581e-15,0.11422086507081985,0.05271229078061879,26.71428871154785
_207_,2080,-1,1,1.7577915712623307e-15,0.0696440041065216,0.017431599088013172,14.214287757873535
_208_,3700,-1,1,1.8942329089554743e-15,0.09466661512851715,0.13536749497870915,27.107145309448242
_209_,5980,-1,1,2.0115452780843004e-15,0.18414849042892456,0.1566809401847422,31.42857551574707
_210_,380,-1,1,1.6816252039749215e-15,0.017426136881113052,0.0,10.928571701049805
_211_,3200,-1,1,1.827566757325351e-15,0.10971633344888687,0.047134266002103686,26.71428871154785
_212_,5120,-1,1,1.9936161316897686e-15,0.12017223238945007,0.20924451714381576,29.642860412597656
_213_,2240,-1,1,1.784637857009082e-15,0.06493434309959412,0.04898741957731545,14.250001907348633
_214_,12340,-1,1,2.157674555111665e-15,0.4457232356071472,0.041234566015191376,42.53572463989258
_215_,11020,-1,1,2.1998373141271423e-15,0.2791355848312378,0.256502247415483,40.42858123779297
_216_,2360,-1,1,1.8477375764147912e-15,0.055462587624788284,0.12155880191130564,24.71428680419922
_217_,1140,-1,1,1.7070942141494375e-15,0.042895104736089706,0.0,12.285715103149414
_218_,1900,-1,1,1.7575835187946614e-15,0.04418359324336052,0.04268384911119938,23.642858505249023
_219_,3200,-1,1,1.806221103538069e-15,0.103153757750988,0.03886824497021735,16.21428871154785
_220_,2340,-1,1,1.7926673058325793e-15,0.08117847144603729,0.040772899985313416,14.678573608398438
_221_,380,-1,1,1.6840052606775877e-15,0.013244504109025002,0.006561853922903538,10.928571701049805
_222_,6840,-1,1,1.963364561736818e-15,0.19767345488071442,0.09497510257642716,22.964290618896484
_223_,5620,-1,1,1.953808336025895e-15,0.16309669613838196,0.12651262409053743,20.53571891784668
_224_,7180,-1,1,2.0001806370309894e-15,0.21932977437973022,0.1101344344788231,33.571434020996094
_225_,5620,-1,1,1.9032002350098188e-15,0.1684294193983078,0.07057185657322407,20.53571891784668
_226_,2160,-1,1,1.767093581209959e-15,0.06510090827941895,0.03127652686089277,14.607144355773926
_227_,2440,-1,1,1.766580808639515e-15,0.09914188832044601,0.0032400029595009983,14.857144355773926
_228_,1320,-1,1,1.7341585050009885e-15,0.045192670077085495,0.01824989332817495,12.857144355773926
_229_,3180,-1,1,6.40288129048934e-15,0.09443414211273193,0.05742122535593808,16.178573608398438
_230_,94020,-1,6,2.483408274758358e-14,2.657164119184017,1.9252654209558386,264.1429271697998
_231_,109640,-1,8,1.854032132355722e-14,3.214440131559968,2.2867794705798588,301.0557770729065
_232_,1320,-1,1,1.7374606629458594e-15,0.044362735003232956,0.022381772636435926,12.857144355773926
_233_,78320,-1,7,1.80970520416001e-14,2.2601121426559985,1.5181031758111203,266.35720348358154
_235_,2720,-1,1,1.7247848148901988e-15,0.08075632154941559,0.04499638814013451,15.357145309448242
_236_,197040,-1,16,3.635506067196925e-14,6.192766090855002,3.535107426723698,527.8172464370728
_238_,7940,-1,1,1.9244328098986423e-15,0.2294306606054306,0.10471692390274256,24.678577423095703
_239_,1320,-1,1,1.6793674376540152e-15,0.050286322832107544,0.007856003940105438,12.857144355773926
_240_,227320,-1,16,3.403898799110572e-14,6.74977209046483,4.428251941579219,633.0987167358398
_242_,6280,-1,1,1.9614771605720987e-15,0.20254723727703094,0.10855212225578725,32.214290618896484
_243_,3760,-1,1,1.7552567192885538e-15,0.13667534291744232,0.01954920031130314,17.71428871154785
_244_,5520,-1,1,1.816285972533818e-15,0.19338810443878174,0.03261179261608049,20.857147216796875
_245_,1320,-1,1,1.6790023664537486e-15,0.04768562316894531,0.010091731965076178,12.857144355773926
_246_,1900,-1,1,1.7461493151605572e-15,0.059063300490379333,0.03670885041356087,23.642858505249023
_247_,2240,-1,1,1.6970132515276904e-15,0.07371587306261063,0.0242653303721454,14.250001907348633
_248_,5100,-1,1,1.8287602267480323e-15,0.13350607454776764,0.10496822465211153,29.857147216796875
_249_,2720,-1,1,1.7620302300095096e-15,0.10599721968173981,0.03480802197009325,26.357145309448242
_250_,940,-1,1,1.6956262350765615e-15,0.03470455855131149,0.01054464461049065,12.178572654724121
_251_,1320,-1,1,1.730956402823012e-15,0.05133645236492157,0.008904001151677221,12.857144355773926
_252_,1320,-1,1,1.6631548035270943e-15,0.05102207139134407,0.01310061855474487,12.857144355773926
_253_,3800,-1,1,1.7974551595669342e-15,0.1146937757730484,0.09247520565986633,27.285717010498047
_254_,1320,-1,1,1.6770630845210099e-15,0.04171537980437279,0.014122758526355028,12.857144355773926
_255_,8040,-1,1,2.0475132616400334e-15,0.2671709954738617,0.12996614497387782,35.357147216796875
_256_,1900,-1,1,1.6816704143584812e-15,0.0691671371459961,0.013471146114170551,23.642858505249023
_257_,3320,-1,1,1.7808660192949587e-15,0.09675873070955276,0.09382134978659451,26.428573608398438
_258_,1700,-1,1,1.7157071627944744e-15,0.07110781967639923,0.023374378448352218,23.535715103149414
_259_,2280,-1,1,1.8308955968080604e-15,0.0411524660885334,0.1393662178888917,24.321430206298828
_260_,1600,-1,1,1.7405621799613494e-15,0.05263418331742287,0.01721192558761686,13.607144355773926
_261_,3940,-1,1,1.767979577672787e-15,0.13240940868854523,0.036538125947117805,17.785717010498047
_262_,2560,-1,1,1.7338197977012052e-15,0.06565782427787781,0.07787590491352603,25.321430206298828
_263_,1320,-1,1,1.6804414754311337e-15,0.047193676233291626,0.012022966984659433,12.857144355773926
_264_,1900,-1,1,1.7578374169206008e-15,0.04882900044322014,0.05863143689930439,23.642858505249023
_265_,2080,-1,1,1.6836741766743297e-15,0.0770542100071907,0.007587872154545039,14.214287757873535
_266_,3420,-1,1,1.7430263046840306e-15,0.11750221997499466,0.035238140320871025,26.607145309448242
_267_,1320,-1,1,1.6765726524445496e-15,0.04587891325354576,0.009468728792853653,12.857144355773926
_268_,9040,-1,1,2.051430365504611e-15,0.34890830516815186,0.052145271678455174,37.64286422729492
_269_,2820,-1,1,1.793310415597782e-15,0.11513632535934448,0.007457863539457321,15.53571605682373
_270_,6980,-1,1,1.8973029798727975e-15,0.21456870436668396,0.08370283336262219,33.214290618896484
_271_,1800,-1,1,1.717484767313406e-15,0.05757271498441696,0.06962586757072131,23.71428680419922
_272_,1900,-1,1,1.7128087219280886e-15,0.08525925874710083,0.006324606016278267,23.642858505249023
_273_,4260,-1,1,1.8650437300766175e-15,0.12544691562652588,0.08921956387348473,28.607147216796875
_274_,3000,-1,1,1.7485117959295678e-15,0.1068301647901535,0.04264952291123336,16.107145309448242
_275_,2060,-1,1,1.6770773782019948e-15,0.07579959183931351,0.010991642717272043,14.178572654724121
_276_,5700,-1,1,1.894945263664115e-15,0.14054857194423676,0.133171706344001,20.92857551574707
_277_,7040,-1,1,1.9740547528058778e-15,0.22003932297229767,0.10363772057462484,33.321434020996094
_278_,3760,-1,1,1.8675085959531275e-15,0.11947087943553925,0.07732167694484815,27.46428871154785
_279_,3560,-1,1,1.753822904267089e-15,0.14355267584323883,0.011238277424126863,17.107145309448242
_280_,7280,-1,1,1.887688097130277e-15,0.2398342341184616,0.05756790516898036,23.2500057220459
_281_,4080,-1,1,1.845642228661521e-15,0.08741145581007004,0.1370057608000934,27.785717010498047
_282_,940,-1,1,1.698495982701859e-15,0.02812357433140278,0.019995372276753187,12.178572654724121
_283_,6800,-1,1,1.903055604134075e-15,0.20246824622154236,0.10155554674565792,32.642860412597656
_284_,1700,-1,1,1.6612387091212866e-15,0.06531763821840286,0.005635054549202323,13.53571605682373
_285_,11940,-1,1,2.1886768080141197e-15,0.3086518943309784,0.2588001855183393,42.07143783569336
_286_,1700,-1,1,1.7284974661771328e-15,0.0619095042347908,0.016210894391406327,13.53571605682373
_287_,2240,-1,1,1.792197202546853e-15,0.06013099476695061,0.061350219417363405,14.250001907348633
_288_,2720,-1,1,1.7403069054068706e-15,0.1016768366098404,0.03959805064368993,15.607145309448242
_289_,2240,-1,1,1.6933545985911439e-15,0.0652376040816307,0.029084880370646715,14.250001907348633
_290_,5620,-1,1,1.868173516816722e-15,0.17259705066680908,0.06922453385777771,20.53571891784668
_291_,5900,-1,1,1.9350145807504535e-15,0.16886349022388458,0.10195201588794589,21.28571891784668
_292_,4700,-1,1,1.900504340896945e-15,0.15769121050834656,0.14378081867471337,29.142860412597656
_293_,1700,-1,1,1.6672348553548998e-15,0.06723223626613617,0.009716627828311175,13.53571605682373
_294_,2940,-1,1,1.7860767542282304e-15,0.07311104983091354,0.09174079875811003,25.750001907348633
_295_,1900,-1,1,1.8051174196077966e-15,0.029990866780281067,0.12474950333125889,23.642858505249023
_296_,2080,-1,1,1.7568993279315167e-15,0.06513462215662003,0.0210487928125076,14.214287757873535
_297_,2720,-1,1,1.7174992727526277e-15,0.10412894189357758,0.014338187407702208,15.357145309448242
_298_,5240,-1,1,1.8156326983732483e-15,0.18422013521194458,0.032380279153585434,20.107147216796875
_299_,6180,-1,1,1.9341082554968914e-15,0.1804516464471817,0.12730456667486578,32.53572082519531
_300_,1320,-1,1,1.7296402195020972e-15,0.046902164816856384,0.018539063166826963,12.857144355773926
_301_,4280,-1,1,1.782744526613732e-15,0.14912039041519165,0.03459207894047722,18.892860412597656
_302_,1320,-1,1,1.664238793941343e-15,0.048897191882133484,0.016309487400576472,12.857144355773926
_303_,2180,-1,1,1.7403229990328685e-15,0.08416028320789337,0.029810806314344518,24.392858505249023
_304_,5780,-1,1,2.01048267525197e-15,0.1569853574037552,0.18929830193519592,30.82143211364746
_305_,2820,-1,1,1.73264252778364e-15,0.0997656062245369,0.03384479056694545,15.53571605682373
_306_,2560,-1,1,1.8393417858416066e-15,0.0522368885576725,0.12290595530066639,25.071430206298828
_307_,6120,-1,1,1.899566251907861e-15,0.18505354225635529,0.11548076814506203,31.92857551574707
_308_,3220,-1,1,1.8034987396455936e-15,0.1103457510471344,0.09412073343992233,26.500001907348633
_309_,5900,-1,1,1.8763704664055388e-15,0.22268986701965332,0.027328487718477845,21.78571891784668
_310_,6180,-1,1,1.920423379442814e-15,0.18775756657123566,0.06846671289531514,22.03571891784668
_311_,0,-1,0,0.0,0.0,0.0,0.0
_312_,0,-1,0,0.0,0.0,0.0,0.0
_313_,0,-1,0,0.0,0.0,0.0,0.0
_314_,0,-1,0,0.0,0.0,0.0,0.0
_315_,0,-1,0,0.0,0.0,0.0,0.0
_316_,0,-1,0,0.0,0.0,0.0,0.0
_317_,0,-1,0,0.0,0.0,0.0,0.0
_318_,0,-1,0,0.0,0.0,0.0,0.0
_319_,0,-1,0,0.0,0.0,0.0,0.0
_320_,0,-1,0,0.0,0.0,0.0,0.0
_321_,0,-1,0,0.0,0.0,0.0,0.0
_322_,0,-1,0,0.0,0.0,0.0,0.0
_323_,0,-1,0,0.0,0.0,0.0,0.0
_324_,0,-1,0,0.0,0.0,0.0,0.0
_325_,0,-1,0,0.0,0.0,0.0,0.0
_326_,0,-1,0,0.0,0.0,0.0,0.0
_327_,0,-1,0,0.0,0.0,0.0,0.0
_328_,0,-1,0,0.0,0.0,0.0,0.0
_329_,0,-1,0,0.0,0.0,0.0,0.0
_330_,0,-1,0,0.0,0.0,0.0,0.0
_331_,0,-1,0,0.0,0.0,0.0,0.0
_332_,0,-1,0,0.0,0.0,0.0,0.0
_333_,0,-1,0,0.0,0.0,0.0,0.0
_334_,0,-1,0,0.0,0.0,0.0,0.0
_335_,0,-1,0,0.0,0.0,0.0,0.0
_336_,0,-1,0,0.0,0.0,0.0,0.0
_337_,0,-1,0,0.0,0.0,0.0,0.0
_338_,0,-1,0,0.0,0.0,0.0,0.0
_339_,0,-1,0,0.0,0.0,0.0,0.0
_340_,0,-1,0,0.0,0.0,0.0,0.0
_341_,0,-1,0,0.0,0.0,0.0,0.0
_342_,0,-1,0,0.0,0.0,0.0,0.0
_343_,0,-1,0,0.0,0.0,0.0,0.0
_344_,0,-1,0,0.0,0.0,0.0,0.0
clknet_0_clk,86500,-1,4,1.746969200701852e-14,2.4862712025642395,1.3758521049376213,210.6943359375
clknet_2_0__leaf_clk,88820,-1,10,1.3499040413581485e-14,2.7377398554235697,1.2839314292941708,275.85720777511597
clknet_2_1__leaf_clk,89140,-1,10,1.3742896116898315e-14,2.5785080082714558,1.725337545020011,288.1786367893219
clknet_2_2__leaf_clk,73540,-1,8,1.0984963616901891e-14,2.3247241489589214,1.1204940062743844,229.45147943496704
clknet_2_3__leaf_clk,66040,-1,7,9.7640943724428e-15,1.8427175134420395,1.3504431220935658,223.4286184310913
ctrl.state.out\[1\],5080,-1,2,2.8920362385133824e-15,0.16379103902727365,0.0992220775806345,35.5714316368103
ctrl.state.out\[2\],19100,-1,5,2.3900520302569568e-14,0.552504500374198,0.40520668390672654,81.60715770721436
dpath.a_lt_b$in0\[0\],17040,-1,4,9.453742347601771e-15,0.4665378965437412,0.4560535240743775,88.42858362197876
dpath.a_lt_b$in0\[10\],18320,-1,4,7.721072926522056e-15,0.5361043307930231,0.3365419608890079,74.96430110931396
dpath.a_lt_b$in0\[11\],22420,-1,4,9.46612258115884e-15,0.6326011419296265,0.41133596474537626,92.78573036193848
dpath.a_lt_b$in0\[12\],21040,-1,4,1.0110053968320504e-14,0.6176001280546188,0.3806998341169674,84.32144355773926
dpath.a_lt_b$in0\[13\],17220,-1,4,9.39639652300676e-15,0.45205649733543396,0.5221543500665575,93.50001335144043
dpath.a_lt_b$in0\[14\],32860,-1,4,7.861156929404867e-15,0.8917589075863361,0.8105410662246868,106.17859536409378
dpath.a_lt_b$in0\[15\],13820,-1,4,8.993484125821571e-15,0.4997806176543236,0.07151803170563653,72.17858171463013
dpath.a_lt_b$in0\[1\],24960,-1,5,1.1632989561330583e-14,0.6281860498711467,0.8094526844797656,114.07144689559937
dpath.a_lt_b$in0\[2\],11620,-1,3,7.276788899094125e-15,0.4242893308401108,0.03707692262833007,42.75000858306885
dpath.a_lt_b$in0\[3\],3420,-1,3,5.168699229198253e-15,0.117445794865489,0.02262576832436025,36.85714530944824
dpath.a_lt_b$in0\[4\],15340,-1,4,1.0856869365387465e-14,0.4023810876533389,0.4403092193242628,79.39286804199219
dpath.a_lt_b$in0\[5\],18600,-1,4,1.0140935942544449e-14,0.5496877543628216,0.3062885267136153,75.46430015563965
dpath.a_lt_b$in0\[6\],11680,-1,4,7.919663189137616e-15,0.41097069159150124,0.13743716367753223,73.1071515083313
dpath.a_lt_b$in0\[7\],18180,-1,4,1.0008629396183327e-14,0.5145100057125092,0.382364799908828,84.96429920196533
dpath.a_lt_b$in0\[8\],22200,-1,4,9.493443628872528e-15,0.7018279107287526,0.36943067418178543,92.14287519454956
dpath.a_lt_b$in0\[9\],28060,-1,3,9.45305794498039e-15,0.8654451370239258,0.38624673179583624,97.85716438293457
dpath.a_lt_b$in1\[0\],2340,-1,1,1.797779149669259e-15,0.08004811406135559,0.01750093325972557,14.678573608398438
dpath.a_lt_b$in1\[10\],380,-1,1,3.2683170728039493e-15,0.017426136881113052,0.0,10.928571701049805
dpath.a_lt_b$in1\[11\],1960,-1,1,3.3323436580121914e-15,0.07432454079389572,0.007127940654754639,13.750001907348633
dpath.a_lt_b$in1\[12\],8740,-1,2,6.146615707462288e-15,0.2614584043622017,0.18114454817259684,46.10714912414551
dpath.a_lt_b$in1\[13\],3660,-1,2,5.058695060338337e-15,0.12781738210469484,0.016144404697115533,22.285717010498047
dpath.a_lt_b$in1\[14\],380,-1,1,1.7176561856061066e-15,0.017426136881113052,0.0,10.928571701049805
dpath.a_lt_b$in1\[15\],380,-1,1,3.2683170728039493e-15,0.017426136881113052,0.0,10.928571701049805
dpath.a_lt_b$in1\[1\],9740,-1,2,6.101229988082508e-15,0.21544361114501953,0.4021406803803984,48.892866134643555
dpath.a_lt_b$in1\[2\],5080,-1,2,5.131602574240304e-15,0.16039017587900162,0.05612243997165933,34.82143211364746
dpath.a_lt_b$in1\[3\],3380,-1,2,5.084449944132551e-15,0.1120310053229332,0.057328760623931885,31.535717010498047
dpath.a_lt_b$in1\[4\],3280,-1,2,5.8387090667399826e-15,0.12160900607705116,0.013086800929158926,21.607145309448242
dpath.a_lt_b$in1\[5\],9260,-1,3,5.179362526971237e-15,0.2812470458447933,0.18530135072069243,53.53572082519531
dpath.a_lt_b$in1\[6\],10160,-1,2,6.216080032433666e-15,0.31755296885967255,0.19451421400299296,49.39286422729492
dpath.a_lt_b$in1\[7\],5280,-1,2,6.0107147767894924e-15,0.12772372364997864,0.17897761845961213,35.17857551574707
dpath.a_lt_b$in1\[8\],6120,-1,2,6.059802030148774e-15,0.14938510209321976,0.2064032566267997,36.92857646942139
dpath.a_lt_b$in1\[9\],7720,-1,3,7.634432467446255e-15,0.2682247571647167,0.010848902049474418,35.035720348358154
net1,7560,-1,1,1.2773890001722922e-15,0.23132091760635376,0.10129393730312586,23.7500057220459
net10,2560,-1,1,1.7172792559445784e-15,0.0821104571223259,0.036136801820248365,25.071430206298828
net11,1140,-1,1,1.6606218573774487e-15,0.034916654229164124,0.02667323127388954,22.285715103149414
net12,2180,-1,1,1.0706384221428845e-15,0.06595304608345032,0.05991043522953987,24.392858505249023
net13,2660,-1,1,1.742926460675373e-15,0.08821011334657669,0.05568424554076046,25.000001907348633
net14,4620,-1,1,1.858366145836938e-15,0.15681831538677216,0.10251557116862386,29.000003814697266
net15,1700,-1,1,1.6788475711826379e-15,0.0723389983177185,0.007476496393792331,23.785715103149414
net16,3100,-1,1,1.722510531426821e-15,0.11673389375209808,0.006744657177478075,16.035717010498047
net17,1700,-1,1,1.675890049768181e-15,0.06675100326538086,0.010106973903020844,14.03571605682373
net18,1700,-1,1,1.6687155748258188e-15,0.06724804639816284,0.002435482107102871,13.53571605682373
net19,5760,-1,1,1.8616064703766595e-15,0.18775635957717896,0.07481795514468104,31.28571891784668
net2,13580,-1,1,1.5565697890378887e-15,0.34172654151916504,0.2700688887562137,44.7500114440918
net20,2460,-1,1,1.744136764877881e-15,0.09438028186559677,0.002753460081294179,14.89285945892334
net21,6740,-1,1,1.987161740631691e-15,0.16122311353683472,0.22690602904185653,32.53572082519531
net22,14300,-1,1,2.31056442560754e-15,0.4348149299621582,0.22874736366793513,37.03572463989258
net23,2340,-1,1,1.765861677667296e-15,0.06721670180559158,0.034445899771526456,14.678573608398438
net24,7220,-1,1,1.954626358094706e-15,0.19196587800979614,0.11565752123715356,33.14286422729492
net25,1800,-1,1,1.7347489928443431e-15,0.05782771855592728,0.0299182070302777,23.71428680419922
net26,380,-1,1,1.6822659843995194e-15,0.01630031131207943,0.0017666530329734087,10.928571701049805
net27,8800,-1,1,1.3254299560834775e-15,0.2951931059360504,0.08546098467195407,36.214290618896484
net28,380,-1,1,1.6816630028201928e-15,0.0167348962277174,0.0007291644578799605,10.928571701049805
net29,3580,-1,1,1.131773660385674e-15,0.11513115465641022,0.07186747109517455,26.892860412597656
net3,5900,-1,1,1.1936534405891002e-15,0.20374995470046997,0.04512845352292061,21.53571891784668
net30,5520,-1,1,1.1523006568294348e-15,0.20630721747875214,0.0012177410535514355,20.357147216796875
net31,5140,-1,1,1.1919392576620943e-15,0.15877991914749146,0.08838435425423086,19.67857551574707
net32,5700,-1,1,1.99989815154308e-15,0.13946391642093658,0.19623461365699768,30.42857551574707
net33,6740,-1,2,3.543149194518342e-15,0.20236001163721085,0.1046971520408988,27.785719871520996
net34,8170,-1,3,4.725557002183221e-15,0.2362575549632311,0.2555602871289011,56.5892915725708
net35,380,-1,1,1.694279135053072e-15,0.017426136881113052,0.0,10.928571701049805
net36,344480,-1,41,9.608328401574523e-14,10.273500413633883,5.538033396893297,1099.393109858036
net37,17280,-1,2,3.5576802564867265e-15,0.4131625462323427,0.5056605230493005,57.857155323028564
net38,380,-1,1,9.920852218892311e-16,0.017426136881113052,0.0,10.928571701049805
net39,18900,-1,2,3.4033790173424892e-15,0.573903352022171,0.25578362320084125,60.50001525878906
net4,4360,-1,1,1.1241256940257966e-15,0.16158051788806915,0.017770164646208286,28.535717010498047
net40,3420,-1,1,1.1859314647254563e-15,0.0703151598572731,0.14095715479925275,26.357145309448242
net41,14620,-1,2,3.201322484148528e-15,0.5356094427406788,0.09202158264815807,56.85715389251709
net42,5240,-1,1,1.2409242317929945e-15,0.1513245850801468,0.1149407872435404,20.107147216796875
net43,8600,-1,1,1.3169655558415653e-15,0.2755543887615204,0.06675263917713892,25.857149124145508
net44,800,-1,1,1.0156576194157263e-15,0.03515099734067917,0.0058475693222135305,11.928572654724121
net45,6660,-1,1,1.2707343917013072e-15,0.22467313706874847,0.07140132790664211,23.14286231994629
net46,10620,-1,2,3.213364116284932e-15,0.27112230844795704,0.3033838744740933,50.214293479919434
net47,3800,-1,1,1.209888415210005e-15,0.11265117675065994,0.12257816269993782,27.035717010498047
net48,17140,-1,2,3.486140065519865e-15,0.4461945816874504,0.40108746162150055,62.10715675354004
net49,11920,-1,1,1.6631538506150286e-15,0.41653725504875183,0.27195693098474294,44.99571990966797
net5,18920,-1,1,1.9403057838137143e-15,0.4791264943778515,0.5164034995250404,55.03572940826416
net50,14380,-1,2,3.3915855658596308e-15,0.37925513833761215,0.4386398443602957,57.67858409881592
net51,380,-1,1,9.920852218892311e-16,0.017426136881113052,0.0,10.928571701049805
net52,17220,-1,2,3.4154534720055993e-15,0.5078811272978783,0.26871404304984026,57.00001239776611
net53,7120,-1,2,2.9276181868034042e-15,0.21114223450422287,0.09481414454057813,29.2142915725708
net54,6560,-1,1,2.856706917799879e-15,0.2211311161518097,0.06196699244901538,32.464290618896484
net55,3580,-1,1,1.8876658625154117e-15,0.10955210775136948,0.1139147006906569,27.392860412597656
net56,3100,-1,1,1.799380888972517e-15,0.10071606934070587,0.03446588316000998,16.035717010498047
net57,4520,-1,1,2.4800133667057626e-15,0.12570695579051971,0.12155238696141168,28.82143211364746
net58,2060,-1,1,1.7061578192262478e-15,0.06008945778012276,0.04703635961050168,14.178572654724121
net59,760,-1,1,2.26899395438043e-15,0.027106570079922676,0.009133273269981146,11.60714340209961
net6,1900,-1,1,1.0207930742958107e-15,0.07330983877182007,0.0027083251625299454,23.892858505249023
net60,11080,-1,1,1.644307791055094e-15,0.27340713143348694,0.4244797716382891,40.28572082519531
net61,6380,-1,1,3.7377302384363105e-15,0.22020386159420013,0.06653320718032774,32.142860412597656
net62,1780,-1,1,2.6523792775160924e-15,0.06853830814361572,0.010232819709926844,13.678572654724121
net63,6660,-1,1,2.010323433057886e-15,0.22809478640556335,0.1180305652669631,33.14286422729492
net7,2340,-1,1,1.0397432130291391e-15,0.08921875059604645,0.0057495106011629105,14.678573608398438
net79,1900,-1,1,3.242030675835333e-15,0.03691748157143593,0.10432029655203223,23.892858505249023
net8,380,-1,1,1.6816252039749215e-15,0.017426136881113052,0.0,10.928571701049805
net80,5840,-1,2,6.852686278667475e-15,0.14665508270263672,0.22209227620624006,36.42857551574707
net81,51320,-1,6,1.2311899174049113e-14,1.5793384136632085,0.9225889545923565,166.5528907775879
net82,50530,-1,5,1.073655511149357e-14,1.3927053213119507,1.0066193077364005,170.48217868804932
net83,80280,-1,4,1.0190851594126145e-14,2.39539398252964,1.37729800271336,214.68719577789307
net9,380,-1,1,1.6816252039749215e-15,0.017426135018467903,0.0,10.928571701049805
